retrieved_at	amazon_job_id	source_record_id	title	location	city	state	country	posted	updated	job_category	business_category	team	schedule_type	manager_status	degree_status	compiler_screening	domain_tags	source_url	source_record_sha256
2026-09-16T15:57:53Z	2925690	8ba4df35-d713-46b4-b2db-51a33f4c74a3	Sr. SDE, MLA hardware/software co-design, Annapurna Labs Machine Learning Acceleration	US, TX, Austin	Austin	TX	USA	March 12, 2025		Software Development	aws	label=team-machine-learning-primary		not_identified	not_stated	none	machine_learning,cloud_infrastructure,database_search,security_identity,embedded_systems,application_backend	https://www.amazon.jobs/en/jobs/2925690/sr-sde-mla-hardware-software-co-design-annapurna-labs-machine-learning-acceleration	df3f349c73413eb87018b681b0a53d46f4f6767f9676c0f86b167fe51c97be79
2026-09-16T15:57:53Z	2989101	380c8a67-4e26-4f4d-9d39-72e522bb79e8	Sr. Software Engineer- AI/ML, AWS Neuron Distributed Training - Performance Optimization	US, WA, Seattle	Seattle	WA	USA	May 21, 2025		Software Development	aws	label=team-sde-primary		not_identified	preferred_only	mention_only	compiler_mention,machine_learning,cloud_infrastructure,embedded_systems	https://www.amazon.jobs/en/jobs/2989101/sr-software-engineer-ai-ml-aws-neuron-distributed-training-performance-optimization	16182d7865e23f386057356213576ecb9bfc7aebb7a4e6faf0e1bb21d250be56
2026-09-16T15:57:53Z	3038930	6eac60ed-8561-410d-a847-2bc48af2b191	Embedded Software Engineer, AWS Annapurna Labs	IL, Tel Aviv	Tel Aviv		ISR	July 21, 2025		Software Development	aws	label=team-sde-primary		not_identified	not_stated	none	cloud_infrastructure,networking,security_identity,embedded_systems,application_backend,operations_observability	https://www.amazon.jobs/en/jobs/3038930/embedded-software-engineer-aws-annapurna-labs	08fc1776bc5134efe1077f074954e85bd58a349fc52636c8d006f240a83acaf3
2026-09-16T15:57:53Z	3062273	f5697965-aa34-48ca-a7f4-eec12a4f0bac	Software Development Engineer, ML Systems, Annapurna Labs	US, NY, New York	New York	NY	USA	August 19, 2025		Software Development	aws	label=team-machine-learning-primary		not_identified	preferred_only	mention_only	compiler_mention,machine_learning,distributed_systems,cloud_infrastructure,networking,database_search,security_identity,application_backend	https://www.amazon.jobs/en/jobs/3062273/software-development-engineer-ml-systems-annapurna-labs	3aa6fb930ef991ce7aa0663e4468037561de4050677e2b48d0c269f83d83a133
2026-09-16T15:57:53Z	3072061	8b1bdcc5-c485-419d-baa1-3eb461ff37b4	2026 Software Dev Engineer Intern - UK	GB, London	London		GBR	September 3, 2025		Software Development	studentprograms	label=team-internships-for-students		not_identified	basic_qualifications	none	distributed_systems,cloud_infrastructure,networking,database_search,security_identity,application_backend,operations_observability	https://www.amazon.jobs/en/jobs/3072061/2026-software-dev-engineer-intern-uk	54658d50ad3502a42c7f0af38881c4b021da49504c6317e8a7ea399c4a395226
2026-09-16T15:57:53Z	3074226	f9fb4954-5ef4-4f0c-a024-7e2ee716f6f1	2026 Software Dev Engineer Intern - Germany	DE, BE, Berlin	Berlin	BE	DEU	September 5, 2025		Software Development	studentprograms	label=team-internships-for-students		not_identified	basic_qualifications	none	distributed_systems,cloud_infrastructure,networking,database_search,security_identity,application_backend,operations_observability	https://www.amazon.jobs/en/jobs/3074226/2026-software-dev-engineer-intern-germany	4461cf01eed739bd402035a43a915752f7b5fce9d2e57a0b73c9a370d803015a
2026-09-16T15:57:53Z	3086798	021b560f-376a-4356-a47a-d596c8bf08b5	Sr. Software Dev Engineer, Antenna System Validation, Amazon Leo	US, WA, Redmond	Redmond	WA	USA	September 17, 2025		Software Development	alexa-and-amazon-devices	label=team-project-kuiper		not_identified	preferred_only	none	networking,database_search,embedded_systems	https://www.amazon.jobs/en/jobs/3086798/sr-software-dev-engineer-antenna-system-validation-amazon-leo	b65cac0866de5f21395bc53d97557b43dc90a363f0a4cb52abe5a456e571aeb1
2026-09-16T15:57:53Z	3088035	f21a9052-e0fd-486d-aa47-ec161999a303	Embedded Senior Software Engineer, Project Leo Customer Terminals	US, WA, Redmond	Redmond	WA	USA	September 18, 2025		Software Development	alexa-and-amazon-devices	label=team-project-kuiper		not_identified	preferred_only	none	networking,embedded_systems	https://www.amazon.jobs/en/jobs/3088035/embedded-senior-software-engineer-project-leo-customer-terminals	33004bc1738eca4b66e0c5bec9899c412c87fa42bb95d1b4f7e5807d19144e3d
2026-09-16T15:57:53Z	3089888	950aee65-6912-4286-9802-0d517493b43b	Senior Software Development Engineer, EC2 VPC	US, CA, San Diego	San Diego	CA	USA	September 22, 2025		Software Development	aws	label=team-sde-primary		not_identified	basic_qualifications	none	cloud_infrastructure,networking,security_identity,embedded_systems,operations_observability	https://www.amazon.jobs/en/jobs/3089888/senior-software-development-engineer-ec2-vpc	a7eac30693cae6a9967d79170b8568f371fb622e1151f155b83f9efe8ba4a2f4
2026-09-16T15:57:53Z	3098222	e511fa52-4a0b-489e-93b7-2ca78c62f80f	Sr. Software Engineer- AI/ML, AWS Neuron Distributed Training	US, WA, Seattle	Seattle	WA	USA	September 30, 2025		Software Development	aws	label=team-sde-primary		not_identified	basic_qualifications	mention_only	compiler_mention,machine_learning,cloud_infrastructure,database_search,application_backend	https://www.amazon.jobs/en/jobs/3098222/sr-software-engineer-ai-ml-aws-neuron-distributed-training	22d7f109276d480c2a47d303c10675cd7e6f4b6aec1e5731e3b10926004501ef
2026-09-16T15:57:53Z	3106073	b0733656-7161-46d7-98e1-7217d5587fdf	Senior Software Development Engineer - Security Automation, AWS Security OpRes	FR, Courbevoie	Courbevoie		FRA	October 10, 2025		Software Development	amazon-security	label=team-aws-security		not_identified	basic_qualifications	none	cloud_infrastructure,database_search,security_identity,frontend_mobile,operations_observability	https://www.amazon.jobs/en/jobs/3106073/senior-software-development-engineer-security-automation-aws-security-opres	0d7a20af0bf511a35690a8e167f2465ebf3461961b0ac048bf3081ca9a106a2e
2026-09-16T15:57:53Z	3110381	e48dc61d-1544-4b85-9314-a2cd761dd123	Software Development Engineer - 2026	DE, BE, Berlin	Berlin	BE	DEU	October 16, 2025		Software Development	university	label=team-full-time-university-tech		not_identified	basic_qualifications	none	distributed_systems,cloud_infrastructure,database_search,security_identity,frontend_mobile,application_backend,operations_observability	https://www.amazon.jobs/en/jobs/3110381/software-development-engineer-2026	a4b77a2a85435e310c8c6efe86d15cac6a6e1e392f3caa8a5866216f6bfa2bbe
2026-09-16T15:57:53Z	3113272	1dbcfb06-5869-4ff8-b8b9-9d4ad060a259	SDE II , Stores TA	IN, TS, Hyderabad	Hyderabad	TS	IND	October 22, 2025		Software Development	operations	label=team-last-mile-tech		not_identified	preferred_only	none	networking	https://www.amazon.jobs/en/jobs/3113272/sde-ii-stores-ta	977d87ff70a8e0283c7bbfcb54805db60c65a419d84d47444ebd3aa540314f04
2026-09-16T15:57:53Z	3114890	b9379882-c967-48e0-84bc-b0e2c550dc66	SDE II, ShipTech/Visibility	IN, TS, Hyderabad	Hyderabad	TS	IND	October 24, 2025		Software Development	ats	label=team-middle-mile-tech		not_identified	preferred_only	none	cloud_infrastructure,networking	https://www.amazon.jobs/en/jobs/3114890/sde-ii-shiptech-visibility	52a3b389144bf206cf6950724c93197c6f6bc470f9e526491bbed16fa55e2539
2026-09-16T15:57:53Z	3119051	c11e86a3-c921-4fd1-b351-a768df371b31	Software Development Engineer – 2026	SE, Stockholm	Stockholm		SWE	October 31, 2025		Software Development	studentprograms	label=team-jobs-for-grads		not_identified	basic_qualifications	none	distributed_systems,cloud_infrastructure,database_search,security_identity,frontend_mobile,application_backend,operations_observability	https://www.amazon.jobs/en/jobs/3119051/software-development-engineer-2026	f53b278b9f5f40928ef248330bc9a10be736f9c247a45bfeb6512e79a9c68abf
2026-09-16T15:57:53Z	3119226	aaa84ed6-970f-4d08-bb14-d6b3326f91a5	Software Development Engineer – 2026	RO, Iasi	Iasi		ROU	October 31, 2025		Software Development	studentprograms	label=team-jobs-for-grads		not_identified	basic_qualifications	none	distributed_systems,cloud_infrastructure,database_search,security_identity,frontend_mobile,application_backend,operations_observability	https://www.amazon.jobs/en/jobs/3119226/software-development-engineer-2026	a1089b9ab534549ef0956855377fba37d6f1a609d78046125f740235cf53bc7e
2026-09-16T15:57:53Z	3120411	1de434e7-cf03-485e-942e-01b11d1e7676	Software Development Engineer II , Amazon Pay	IN, KA, Bengaluru	Bengaluru	KA	IND	November 4, 2025		Software Development	international-stores	label=team-amazon-payments		not_identified	preferred_only	none	distributed_systems,frontend_mobile,application_backend	https://www.amazon.jobs/en/jobs/3120411/software-development-engineer-ii-amazon-pay	f23050899f8ce159cdc51d71d252d6d1d15b6e5c220863f5ca6236bb6113f1b0
2026-09-16T15:57:53Z	3121777	ed1f37fa-8233-4216-8eb4-5a862845ca31	Senior SDE, Luna Gen AI	US, WA, Seattle	Seattle	WA	USA	November 5, 2025		Software Development	alexa-and-amazon-devices	label=team-luna		not_identified	basic_qualifications	none	machine_learning,distributed_systems,cloud_infrastructure,security_identity,application_backend,operations_observability	https://www.amazon.jobs/en/jobs/3121777/senior-sde-luna-gen-ai	0a215fa59dae2cb772c65e789d04fe02e377c47641a971d1297a937728fed516
2026-09-16T15:57:53Z	3122200	6e690126-49ef-41e4-b4e2-c73ab6efddd7	Full-Time Software Development Engineer, São Paulo	BR, SP, Sao Paulo	Sao Paulo	SP	BRA	November 6, 2025		Software Development	studentprograms	label=team-jobs-for-grads		not_identified	not_stated	none	cloud_infrastructure,database_search,security_identity,frontend_mobile	https://www.amazon.jobs/en/jobs/3122200/full-time-software-development-engineer-sao-paulo	604b9e8870710e425da88b5075eff665db09e5a28c665736e005711f71b92e08
2026-09-16T15:57:53Z	3123050	70c01e05-1459-4e60-b681-85de615086b2	Software Developer - Full Time, Amazon University, CDMX, Mexico	MX, DIF, Mexico City	Mexico City	DIF	MEX	November 7, 2025		Software Development	studentprograms	label=team-jobs-for-grads		not_identified	basic_qualifications	none	distributed_systems,cloud_infrastructure,database_search,frontend_mobile,application_backend,operations_observability	https://www.amazon.jobs/en/jobs/3123050/software-developer-full-time-amazon-university-cdmx-mexico	b5851679cc89144fbcb02db3103079ec63f4adfed3dd90d11881f2c5386b278c
2026-09-16T15:57:53Z	3123243	3d2c0b52-9685-4342-a16e-09cf44d7da0d	Software Development Engineer Internship, Guadalajara	MX, Zapopan	Zapopan		MEX	November 7, 2025		Software Development	studentprograms	label=team-internships-for-students		not_identified	basic_qualifications	none	distributed_systems,cloud_infrastructure,networking,database_search,frontend_mobile,application_backend,operations_observability	https://www.amazon.jobs/en/jobs/3123243/software-development-engineer-internship-guadalajara	95553f650f71741e3e091c077386420dd626960cf5825d987f52ce514afc2b23
2026-09-16T15:57:53Z	3123246	76cbbebd-da81-4b54-bdc7-3fb401780abf	Software Development Engineer Internship, Mexico City	MX, DIF, Mexico City	Mexico City	DIF	MEX	November 7, 2025		Software Development	studentprograms	label=team-internships-for-students		not_identified	basic_qualifications	none	distributed_systems,cloud_infrastructure,networking,database_search,frontend_mobile,application_backend,operations_observability	https://www.amazon.jobs/en/jobs/3123246/software-development-engineer-internship-mexico-city	07deb4517158cdd20e13f9161d95b96f9ec906844e6a18a0eec5b0abb6614558
2026-09-16T15:57:53Z	3123956	cff2fd70-417e-4e82-b2c2-70d34c8533fc	Software Dev Engineer II, Secure Customer Content Storage and Analytics, AWS Applied AI Solution – Core Services	US, CA, Santa Clara	Santa Clara	CA	USA	November 10, 2025		Software Development	aws	label=team-sde-primary		not_identified	preferred_only	none	machine_learning,distributed_systems,cloud_infrastructure,database_search,security_identity,application_backend,operations_observability	https://www.amazon.jobs/en/jobs/3123956/software-dev-engineer-ii-secure-customer-content-storage-and-analytics-aws-applied-ai-solution-core-services	a4f715a38adffe503817d7aceb70e7ac73662a35124f142b0285352870290659
2026-09-16T15:57:53Z	3125439	bba90ee6-e40b-47de-90ff-4bd362407502	Senior Software Development Engineer, Marketing Technology	MX, Mexico City	Mexico City		MEX	November 12, 2025		Software Development	subsidiaries	label=team-global-audible		not_identified	basic_qualifications	none	distributed_systems,cloud_infrastructure,database_search,frontend_mobile	https://www.amazon.jobs/en/jobs/3125439/senior-software-development-engineer-marketing-technology	c6ad9e0589b4821f6d91295e501f3a77647c2b2462ffba5051fc58c741ede3e2
2026-09-16T15:57:53Z	3127844	db7de11d-533c-4704-96cb-b5084cb4bedf	Senior Software Development Engineer, Luna Gen AI	US, WA, Seattle	Seattle	WA	USA	November 17, 2025		Software Development	alexa-and-amazon-devices	label=team-luna		not_identified	basic_qualifications	none	machine_learning,distributed_systems,cloud_infrastructure,security_identity,application_backend,operations_observability	https://www.amazon.jobs/en/jobs/3127844/senior-software-development-engineer-luna-gen-ai	c44d4b5762e7bdb3f4d2ffe3901bd2afe532acc9ccae9b6a8b6db8aed7df0635
2026-09-16T15:57:53Z	3130528	4a317a28-e079-4ce5-b492-b2feb5d60c4c	Software Dev Engineer Internship - Embedded Development (Linux)	DE, Dresden	Dresden		DEU	November 21, 2025		Software Development	studentprograms	label=team-internships-for-students		not_identified	basic_qualifications	none	distributed_systems,cloud_infrastructure,networking,database_search,security_identity,embedded_systems,frontend_mobile,application_backend,operations_observability	https://www.amazon.jobs/en/jobs/3130528/software-dev-engineer-internship-embedded-development-linux	0c0a6a3bf66b314ff81138a7207c121f9b7bfcf2ecba913bb4fd571a046f9803
2026-09-16T15:57:53Z	3131341	9d1130cc-a8ff-43d3-8abb-4b0ee9a29536	Software Dev Engineer II	IN, TS, Hyderabad	Hyderabad	TS	IND	November 24, 2025		Software Development	amazon-business	label=no-team-listed		not_identified	preferred_only	none	distributed_systems,frontend_mobile,application_backend	https://www.amazon.jobs/en/jobs/3131341/software-dev-engineer-ii	cb4fd9bdcd98db45a084ddadd2c1bcafe549e9a4e9c2c00f1e3de24043aa3c7c
2026-09-16T15:57:53Z	3133471	59a9b3da-d0c9-4ace-91b3-208214366c01	Principal Software Engineer	DE, BE, Berlin	Berlin	BE	DEU	November 27, 2025		Software Development	aws	label=team-sde-primary		not_identified	basic_qualifications	none	distributed_systems,cloud_infrastructure,database_search,security_identity,application_backend,operations_observability	https://www.amazon.jobs/en/jobs/3133471/principal-software-engineer	33dbe059bdf34ff4763a5d710838aa1237a3ce2128c5f0f50ed92f9d17badfed
2026-09-16T15:57:53Z	3134271	e53ce608-7daa-44a5-92ef-0e4af2a32878	Software Dev Engineer internship - Embedded Development	DE, BE, Berlin	Berlin	BE	DEU	December 1, 2025		Software Development	studentprograms	label=team-internships-for-students		not_identified	basic_qualifications	none	distributed_systems,cloud_infrastructure,networking,database_search,security_identity,embedded_systems,frontend_mobile,application_backend,operations_observability	https://www.amazon.jobs/en/jobs/3134271/software-dev-engineer-internship-embedded-development	6cba309783ccf6aeeac3135d1879eb1b159abe7ee6b069e1e3b8983369a9ae22
2026-09-16T15:57:53Z	3136145	010cbbb8-90e0-4148-8e37-882c98c0f1fd	Sr. Embedded Software Engineer, Leo Payload Radio	US, WA, Redmond	Redmond	WA	USA	December 2, 2025		Software Development	alexa-and-amazon-devices	label=team-project-kuiper		not_identified	preferred_only	none	networking,security_identity,embedded_systems	https://www.amazon.jobs/en/jobs/3136145/sr-embedded-software-engineer-leo-payload-radio	ddac2c491c8971361722b184a096b16a9489de56d7e7456038fcfe393aebb1d9
2026-09-16T15:57:53Z	3136815	690a4b0d-063a-4223-b22c-1ddb6e39a12e	Robotics - Software Development Engineer Intern - 2026 - Toronto	CA, ON, Toronto	Toronto	ON	CAN	December 3, 2025		Software Development	subsidiaries	label=team-amazon-robotics		not_identified	basic_qualifications	none	machine_learning,distributed_systems,cloud_infrastructure,networking,database_search,frontend_mobile,graphics_media,application_backend,operations_observability	https://www.amazon.jobs/en/jobs/3136815/robotics-software-development-engineer-intern-2026-toronto	5bcf74412d28f944147c698d0f1b7e2db0c56118f52962ebfec507e34f522d10
2026-09-16T15:57:53Z	3136859	d81fc702-5280-4122-b07c-37e0456f10e3	Principal Software Engineer, Amazon DSP (Demand-Side Platform) — Advertising	US, NY, New York	New York	NY	USA	December 3, 2025		Software Development	advertising	label=team-amazon-ads		not_identified	not_stated	none	machine_learning,distributed_systems,cloud_infrastructure	https://www.amazon.jobs/en/jobs/3136859/principal-software-engineer-amazon-dsp-demand-side-platform-advertising	5153a278af89e59867d92995c855ed6f3a89882083b2a9d3554049a73ac885b9
2026-09-16T15:57:53Z	3138774	46f28086-59c4-460d-8f9c-8e6494229a3e	Senior Network Software Engineer , SRD Annapurna Labs	IL, Haifa	Haifa		ISR	December 8, 2025		Software Development	aws	label=team-sde-primary		not_identified	basic_qualifications	none	cloud_infrastructure,networking,database_search,security_identity,application_backend	https://www.amazon.jobs/en/jobs/3138774/senior-network-software-engineer-srd-annapurna-labs	404100aa274a0ab042a82f28e8e6c3b4c3222277d749378b0945ab21b635d406
2026-09-16T15:57:53Z	3140202	5afa4e86-2b59-4566-8a23-554aa8b126b2	Sr. Software Dev Engineer	IN, KA, Bengaluru	Bengaluru	KA	IND	December 10, 2025		Software Development	alexa-and-amazon-devices	label=team-ddg		not_identified	preferred_only	none	distributed_systems,security_identity	https://www.amazon.jobs/en/jobs/3140202/sr-software-dev-engineer	3ae59239957f7644129efad077e49ad56997a5366a2e67e005cc2e85d733a787
2026-09-16T15:57:53Z	3141000	0f600c3f-2a2d-4c20-8b29-70380e840cf0	Software Development Engineer- Embedded, OTA Program Team, Amazon Leo	US, WA, Redmond	Redmond	WA	USA	December 11, 2025		Software Development	alexa-and-amazon-devices	label=team-project-kuiper		not_identified	basic_qualifications	none	distributed_systems,cloud_infrastructure,networking,security_identity,embedded_systems	https://www.amazon.jobs/en/jobs/3141000/software-development-engineer-embedded-ota-program-team-amazon-leo	081328e65e0858d61b5c13244813ace2d718bd115e336892827eb2fb96581f4e
2026-09-16T15:57:53Z	3141336	2edf85bd-d49d-4843-adc0-679f6ca02e6f	Software Engineer I	US, WA, Seattle	Seattle	WA	USA	December 11, 2025		Software Development	subsidiaries	label=team-global-twitch		not_identified	basic_qualifications	none	cloud_infrastructure,frontend_mobile,graphics_media	https://www.amazon.jobs/en/jobs/3141336/software-engineer-i	7b9783a808d0581c0ccf53cc5cca8008bd89f23bc76291bfb43db7196463d74a
2026-09-16T15:57:53Z	3144067	a8d4d2e9-aa7c-4471-9dc6-269b9410ac65	Software Development Engineer, Amazon Leo	US, WA, Redmond	Redmond	WA	USA	December 16, 2025		Software Development	alexa-and-amazon-devices	label=team-project-kuiper		not_identified	preferred_only	none	distributed_systems,cloud_infrastructure,networking,security_identity,embedded_systems,application_backend,operations_observability	https://www.amazon.jobs/en/jobs/3144067/software-development-engineer-amazon-leo	93b4bcd812b170325ee7d930340b53cce81ff3a230b101c7bd2d7f7ac5a1c994
2026-09-16T15:57:53Z	3144528	f20c72b2-f5b7-4248-bdc1-a41844b76d20	Senior Software Dev Engineer (SDE-III), Amazon Business	IN, AP, Hyderabad	Hyderabad	AP	IND	December 17, 2025		Software Development	amazon-business	label=no-team-listed		not_identified	basic_qualifications	none	security_identity,application_backend	https://www.amazon.jobs/en/jobs/3144528/senior-software-dev-engineer-sde-iii-amazon-business	d9b4e08525891af9268656448fc2c28dbeac6225988025fca725c81f43c979d7
2026-09-16T15:57:53Z	3144548	fe370f37-76a4-4fc6-8270-809f14408765	Sr. Software Engineer - EC2 Windows OS Technologies team, EC2 Windows	US, WA, Bellevue	Bellevue	WA	USA	December 17, 2025		Software Development	aws	label=team-sde-primary		not_identified	basic_qualifications	none	machine_learning,distributed_systems,cloud_infrastructure,database_search,security_identity,embedded_systems,application_backend	https://www.amazon.jobs/en/jobs/3144548/sr-software-engineer-ec2-windows-os-technologies-team-ec2-windows	e3f397a5ff65a7b94803e56115aa6c53f15790f11539f4b1f3d68ddff6f0bced
2026-09-16T15:57:53Z	3145644	36f9afc5-d652-4b62-b398-d4987d347973	SDE - Embedded Networking, Amazon Leo	US, CA, Sunnyvale	Sunnyvale	CA	USA	December 18, 2025		Software Development	alexa-and-amazon-devices	label=team-project-kuiper		not_identified	basic_qualifications	none	networking,embedded_systems	https://www.amazon.jobs/en/jobs/3145644/sde-embedded-networking-amazon-leo	1590463447009f92b2978f2bb43d7c45397e0247832ab65f2feb9d1fadc4d59f
2026-09-16T15:57:53Z	3146219	13772e3b-142d-4732-b1d0-3a307608ad5d	Principal Software Engineer, Prime Video & Studios CoreTech	IN, KA, Bengaluru	Bengaluru	KA	IND	December 19, 2025		Software Development	no-business-category	label=no-team-listed		not_identified	not_stated	none	distributed_systems,cloud_infrastructure,database_search,graphics_media,application_backend	https://www.amazon.jobs/en/jobs/3146219/principal-software-engineer-prime-video-studios-coretech	8cf0e369a5456798f3def6cc525475b8cbc03f5ec5e89a93d816cf4ea9527c1c
2026-09-16T15:57:53Z	3147697	de76d272-cdaf-46f4-9c76-5d977e4b7f54	Software Development Engineer, AWS Agentic AI	IL, Haifa	Haifa		ISR	December 22, 2025		Software Development	aws	label=team-sde-primary		not_identified	preferred_only	none	machine_learning,cloud_infrastructure,application_backend	https://www.amazon.jobs/en/jobs/3147697/software-development-engineer-aws-agentic-ai	1cf89742ce08c945c72124f0a1af7671355ce9454223240937f9f1a4ff824659
2026-09-16T15:57:53Z	3151212	7bc59144-0945-44ec-a9bc-63aa652f720c	Software Development Engineer - II	IN, TS, Hyderabad	Hyderabad	TS	IND	January 2, 2026		Software Development	amazonian-experience-and-tech	label=team-es-technology		not_identified	preferred_only	none		https://www.amazon.jobs/en/jobs/3151212/software-development-engineer-ii	a179cc19e4547e9d13dee7726f29ad6fa2c51da08d5f0dfa0ddb83b758b3393c
2026-09-16T15:57:53Z	3151409	073f87eb-e69d-4832-9436-7a835a560dba	Software Development Engineer, ML Systems, Annapurna Labs	US, NY, New York	New York	NY	USA	January 3, 2026		Software Development	aws	label=team-machine-learning-primary		not_identified	preferred_only	mention_only	compiler_mention,machine_learning,distributed_systems,cloud_infrastructure,networking,database_search,security_identity,application_backend	https://www.amazon.jobs/en/jobs/3151409/software-development-engineer-ml-systems-annapurna-labs	c9038e7165dc7a56aab2964d0bd9f61b6a3d04b937ab908057dfc09c1bb8cb15
2026-09-16T15:57:53Z	3152081	ddf2e6b9-b53f-4098-886e-44bd5becf185	Sr. Software Development Engineer - International Relocation to Mexico (LATAM Candidates), Device Software & Services (DS2)	MX, Zapopan	Zapopan		MEX	January 5, 2026		Software Development	alexa-and-amazon-devices	label=amazon-device-software-and-services		not_identified	preferred_only	none	operations_observability	https://www.amazon.jobs/en/jobs/3152081/sr-software-development-engineer-international-relocation-to-mexico-latam-candidates-device-software-services-ds2	a37dc3692c8aad7ea5df2a1c7bb750fa46a7c1108d8b64f133cd95e3b0e502f6
2026-09-16T15:57:53Z	3152739	90fba324-a9f5-4dee-85c0-0c1c6197b536	SDE, MLA hardware/software co-design, Annapurna Labs Machine Learning Acceleration	US, TX, Austin	Austin	TX	USA	January 5, 2026		Software Development	aws	label=team-machine-learning-primary		not_identified	basic_qualifications	none	machine_learning,cloud_infrastructure,database_search,security_identity,embedded_systems,application_backend	https://www.amazon.jobs/en/jobs/3152739/sde-mla-hardware-software-co-design-annapurna-labs-machine-learning-acceleration	5dbbc8482c928b8a712f52ef4dafbc3633a72cd488276b75aae4903c652a3a60
2026-09-16T15:57:53Z	3155020	c52910ec-a73d-46ec-8586-f9ab324ea7be	Embedded Software Engineer, Annapurna Labs	IL, Tel Aviv	Tel Aviv		ISR	January 8, 2026		Software Development	aws	label=team-sde-primary		not_identified	not_stated	none	cloud_infrastructure,networking,embedded_systems,application_backend	https://www.amazon.jobs/en/jobs/3155020/embedded-software-engineer-annapurna-labs	960f0d30d8c190c1e9ff63720befecd80a513bd219f7b32dcf8c71b526a35aba
2026-09-16T15:57:53Z	3155577	2f349494-fbe0-49ed-8846-f5e96d83fe58	Software Developer Engineer II, IES LATECH & GIS	BR, SP, Sao Paulo	Sao Paulo	SP	BRA	January 8, 2026		Software Development	retail	label=team-intech		not_identified	preferred_only	none	machine_learning	https://www.amazon.jobs/en/jobs/3155577/software-developer-engineer-ii-ies-latech-gis	1efe56a749274646772cc67d5b91768ee2e0d211ce4e367a3fb045ab1ec7c05e
2026-09-16T15:57:53Z	3156476	5d2d5216-31a2-4dce-b36d-d9b7b27f73d9	Embedded Software Engineer, Leo Payload Software Systems	US, CA, Sunnyvale	Sunnyvale	CA	USA	January 9, 2026		Software Development	alexa-and-amazon-devices	label=team-project-kuiper		not_identified	preferred_only	none	distributed_systems,cloud_infrastructure,networking,database_search,security_identity,embedded_systems	https://www.amazon.jobs/en/jobs/3156476/embedded-software-engineer-leo-payload-software-systems	17a566e9be1add933b74726b119598b4843aa7f51000f8267a465059e0781e97
2026-09-16T15:57:53Z	3156875	7257332f-1d53-4816-984a-4204f6056ad6	Software Development Engineer II, Direct Fulfilment	IN, KA, Bengaluru	Bengaluru	KA	IND	January 12, 2026		Software Development	no-business-category	label=no-team-listed		not_identified	preferred_only	none	distributed_systems	https://www.amazon.jobs/en/jobs/3156875/software-development-engineer-ii-direct-fulfilment	c087d5fb2191a9cd0c803129ed9c8abc6f9090121364fb5b12cc8cd998755f13
2026-09-16T15:57:53Z	3159432	30db0bbb-1c0e-4640-ba36-048b98af22f5	Software Developer Engineer, IES LATECH	BR, MG, Belo Horizonte	Belo Horizonte	MG	BRA	January 14, 2026		Software Development	retail	label=team-intech		not_identified	preferred_only	none	cloud_infrastructure,networking	https://www.amazon.jobs/en/jobs/3159432/software-developer-engineer-ies-latech	817032dd7461a8a7f82f9fcabcc3c801ed6ed2c3b84024339c9cb43023bb53c2
2026-09-16T15:57:53Z	3159800	abdb1577-788d-4477-87d1-205620d8be9d	Software Dev Engineer, Ring Core Product	TW, TPE, Taipei	Taipei	TPE	TWN	January 15, 2026		Software Development	studentprograms	label=team-jobs-for-grads		not_identified	basic_qualifications	none	machine_learning,distributed_systems,database_search,security_identity,embedded_systems	https://www.amazon.jobs/en/jobs/3159800/software-dev-engineer-ring-core-product	61bbdabce67c38511db3a7cac5b9c81422d0100b2ac3dd154e178ad1afc61859
2026-09-16T15:57:53Z	3162426	14033066-f17b-4bf9-bb92-97f68fe6939a	Senior Virtual Platform Software Engineer, Annapurna Labs Machine Learning Accelerators, AWS	US, CA, Cupertino	Cupertino	CA	USA	January 20, 2026		Software Development	aws	label=team-sde-primary		not_identified	preferred_only	none	machine_learning,cloud_infrastructure,embedded_systems,graphics_media	https://www.amazon.jobs/en/jobs/3162426/senior-virtual-platform-software-engineer-annapurna-labs-machine-learning-accelerators-aws	7aef48d99ead77e01d9ec77cd674c0322cde12cf42bf5f2558a048da55381582
2026-09-16T15:57:53Z	3163024	73f93aab-aad0-4de6-8cfa-c72b21395e0f	Principal Software Engineer, Alexa AI (AURORA)	IN, KA, Bengaluru	Bengaluru	KA	IND	January 21, 2026		Software Development	alexa-and-amazon-devices	label=devices-and-services-teams		not_identified	not_stated	none	machine_learning,distributed_systems,cloud_infrastructure,networking,database_search,operations_observability	https://www.amazon.jobs/en/jobs/3163024/principal-software-engineer-alexa-ai-aurora	3966b9370b30d0346ff962471b63f349d7a1476d4d1a5036561a6e8ba897c761
2026-09-16T15:57:53Z	3163516	e90a5873-1350-4660-b23b-c1c4d1518a6b	Software Development Engineer III, Annapurna Labs	US, NY, New York	New York	NY	USA	January 21, 2026		Software Development	aws	label=team-machine-learning-primary		not_identified	preferred_only	mention_only	compiler_mention,machine_learning,distributed_systems,cloud_infrastructure,networking,security_identity,embedded_systems,application_backend	https://www.amazon.jobs/en/jobs/3163516/software-development-engineer-iii-annapurna-labs	9acc04c582b0f8cf62a54dc154169e41aff86a55bcbf22a8ee71749af04d2aa1
2026-09-16T15:57:53Z	3167125	fa801d89-d28e-434c-b965-2c288c9e5760	Sr. Software Development Engineer, AWS Billing	US, WA, Seattle	Seattle	WA	USA	January 27, 2026		Software Development	aws	label=team-sde-primary		not_identified	preferred_only	none	distributed_systems,cloud_infrastructure,database_search,frontend_mobile	https://www.amazon.jobs/en/jobs/3167125/sr-software-development-engineer-aws-billing	b361b078fffcddd57c80a4930961da5642194cb0fad72a40455a7899790bf9ca
2026-09-16T15:57:53Z	3167825	9daca90b-1278-4c80-844b-8015daec50d4	Software Development Engineer, AWS Agentic AI	IL, Haifa	Haifa		ISR	January 27, 2026		Software Development	aws	label=team-sde-primary		not_identified	preferred_only	none	machine_learning,cloud_infrastructure,application_backend	https://www.amazon.jobs/en/jobs/3167825/software-development-engineer-aws-agentic-ai	3f1efc8fae95471455b5379e76e552ef22aac8ff7e88b09c0fe8eb4521f180f9
2026-09-16T15:57:53Z	3168219	467ef60c-a0af-4e97-a08c-2fa619fc485b	Sr. Software Engineer- AI/ML, AWS Neuron Distributed Training	US, CA, Cupertino	Cupertino	CA	USA	January 27, 2026		Software Development	aws	label=team-sde-primary		not_identified	basic_qualifications	mention_only	compiler_mention,machine_learning,cloud_infrastructure,database_search	https://www.amazon.jobs/en/jobs/3168219/sr-software-engineer-ai-ml-aws-neuron-distributed-training	5e3f996c5b0e2270b22db9803bd320d23507f0c35c149c9323af9d9b00736574
2026-09-16T15:57:53Z	3168533	ed19bb3b-fc97-458d-81bb-f2eefd59ba2e	Software Development Engineer II, Amazon Industrial Robotics	US, MA, N.reading	N.reading	MA	USA	January 28, 2026		Software Development	subsidiaries	label=team-amazon-robotics		not_identified	basic_qualifications	none	machine_learning,networking,security_identity,embedded_systems	https://www.amazon.jobs/en/jobs/3168533/software-development-engineer-ii-amazon-industrial-robotics	d6a217bdac5c23bd76d81f79a0e8ecb41c89d5a95cbf0ec636831e06db0d2655
2026-09-16T15:57:53Z	3168733	1c16aca7-e349-4838-882d-31f7dbe9608c	Senior Software Development Engineer, Amazon Industrial Robotics	US, MA, N.reading	N.reading	MA	USA	January 28, 2026		Software Development	subsidiaries	label=team-amazon-robotics		not_identified	basic_qualifications	none	networking,embedded_systems	https://www.amazon.jobs/en/jobs/3168733/senior-software-development-engineer-amazon-industrial-robotics	34db994a6357884937078b2c8511b2c986c0c037832cb9c6903b52c8878d67c1
2026-09-16T15:57:53Z	3170636	15719bb3-b2d3-4c63-9c90-fba7db7d1281	Software Development Engineer III, Aurora	IN, KA, Bengaluru	Bengaluru	KA	IND	January 30, 2026		Software Development	aws	label=team-sde-primary		not_identified	preferred_only	none	cloud_infrastructure,database_search,security_identity,application_backend	https://www.amazon.jobs/en/jobs/3170636/software-development-engineer-iii-aurora	725063a77e2a222928a3df004eaba98350dec839079609b060d49dd7f6582080
2026-09-16T15:57:53Z	3172711	0791a598-f956-491c-9af2-34fea03fd2c6	Software Development Engineer II, Amazon	IN, KA, Bengaluru	Bengaluru	KA	IND	February 3, 2026		Software Development	ecp	label=team-ecommerce-services		not_identified	preferred_only	none	machine_learning,distributed_systems,cloud_infrastructure,database_search,security_identity,operations_observability	https://www.amazon.jobs/en/jobs/3172711/software-development-engineer-ii-amazon	252fc0b2bc4e282dc20dec789f039f2a9dbfb285d1042975438089e19d778e65
2026-09-16T15:57:53Z	3173102	02a841a4-63a9-40dd-aead-c5987cf90ad3	Sr. Software Development Engineer (Tech Lead), Devices Sales & Customer Experience	MX, DIF, Mexico City	Mexico City	DIF	MEX	February 3, 2026		Software Development	alexa-and-amazon-devices	label=team-devices-sales-and-marketing		not_identified	preferred_only	none	machine_learning,distributed_systems,cloud_infrastructure,database_search,application_backend	https://www.amazon.jobs/en/jobs/3173102/sr-software-development-engineer-tech-lead-devices-sales-customer-experience	2c3d5a96a11ff9a0da9b4c1429d283044655aae7e4bf8c04c33762d46a5f8f37
2026-09-16T15:57:53Z	3174252	0a7324d3-dc7b-4abe-9f45-10f13a522759	Sr. Software Dev Engineer, Leo Ground Control Services	US, WA, Redmond	Redmond	WA	USA	February 4, 2026		Software Development	alexa-and-amazon-devices	label=team-project-kuiper		not_identified	preferred_only	none	cloud_infrastructure,embedded_systems	https://www.amazon.jobs/en/jobs/3174252/sr-software-dev-engineer-leo-ground-control-services	977abe4ccb21b941a2cadb97c317d67ad184d471d0f0905cdc4fb2b3a0c7e5f2
2026-09-16T15:57:53Z	3174431	c3732bf7-6c46-4f05-b215-7df0ec3dcfb2	Sr. Software Dev Engineer, Antenna System Validation, Amazon Leo	US, WA, Redmond	Redmond	WA	USA	February 5, 2026		Software Development	alexa-and-amazon-devices	label=team-project-kuiper		not_identified	preferred_only	none	distributed_systems,cloud_infrastructure,networking,database_search,security_identity,embedded_systems,application_backend,operations_observability	https://www.amazon.jobs/en/jobs/3174431/sr-software-dev-engineer-antenna-system-validation-amazon-leo	9c0a13c0e38e84f3b83b9fb5e7c23562325d3107e91f43fe6ca182f54ab786f1
2026-09-16T15:57:53Z	3174464	8ba1ca7d-eddc-48ec-8464-3b3478d59f5d	SDE - Embedded Linux, Amazon Leo	US, WA, Redmond	Redmond	WA	USA	February 5, 2026		Software Development	alexa-and-amazon-devices	label=team-project-kuiper		not_identified	basic_qualifications	none	networking,embedded_systems	https://www.amazon.jobs/en/jobs/3174464/sde-embedded-linux-amazon-leo	45f0aa39c86e01812cbc7b6a01b407d54038af402cce4bf59354ba9e2efc34cb
2026-09-16T15:57:53Z	3175270	420d5544-0922-48db-8ac7-0b735caedbbc	Software Engineer- AI/ML, AWS Neuron Distributed Training - Performance Optimization	US, WA, Seattle	Seattle	WA	USA	February 5, 2026		Software Development	aws	label=team-sde-primary		not_identified	preferred_only	mention_only	compiler_mention,machine_learning,cloud_infrastructure,embedded_systems,application_backend	https://www.amazon.jobs/en/jobs/3175270/software-engineer-ai-ml-aws-neuron-distributed-training-performance-optimization	355d0395451285c52d173cd29ac59f7204f1f81d5c1f40ad18e88802add33261
2026-09-16T15:57:53Z	3175272	6c78ab9e-8bdc-434e-b52e-e160c1342895	Software Development Engineer II, Aurora Open Source Engines	IN, KA, Bengaluru	Bengaluru	KA	IND	February 5, 2026		Software Development	aws	label=team-sde-primary		not_identified	preferred_only	none	distributed_systems,cloud_infrastructure,database_search,security_identity,application_backend	https://www.amazon.jobs/en/jobs/3175272/software-development-engineer-ii-aurora-open-source-engines	2b8f1e52a76b5e91a1dd4a806eac3d8eaeb87e22d73ce6f6f2e11a208ec3aa6a
2026-09-16T15:57:53Z	3175845	1d489ecd-cb9a-4ad0-9329-34c1fd27dd48	Software Development Engineer – 2026	ES, M, Madrid	Madrid	M	ESP	February 6, 2026		Software Development	studentprograms	label=team-jobs-for-grads		not_identified	basic_qualifications	none	distributed_systems,cloud_infrastructure,database_search,security_identity,frontend_mobile,application_backend,operations_observability	https://www.amazon.jobs/en/jobs/3175845/software-development-engineer-2026	91dde97e0fd8d5be2cacb9b419009f4146c94a8930a5000902e71d3ff835b449
2026-09-16T15:57:53Z	3176234	a6223c3d-bba4-4e8c-8428-74ffb4565864	Senior Software Development Engineer, Aurora PostgreSQL	IN, KA, Bengaluru	Bengaluru	KA	IND	February 6, 2026		Software Development	aws	label=team-sde-primary		not_identified	basic_qualifications	none	distributed_systems,cloud_infrastructure,database_search,security_identity,application_backend	https://www.amazon.jobs/en/jobs/3176234/senior-software-development-engineer-aurora-postgresql	e3254a08974ecc125c059792b68861049a89701c1f9f04e9da749be1761a8dcb
2026-09-16T15:57:53Z	3176641	b9288af6-b9bc-4509-a0e8-1bc582c26b1a	Software Dev Engineer, CMT ASIN Importer	IN, KA, Bengaluru	Bengaluru	KA	IND	February 9, 2026		Software Development	no-business-category	label=no-team-listed		not_identified	basic_qualifications	none	distributed_systems,database_search,security_identity,application_backend	https://www.amazon.jobs/en/jobs/3176641/software-dev-engineer-cmt-asin-importer	345291ceb8ce1a5271a510244f09defa22a93b4a56f1374ddc42a467c0c7fafb
2026-09-16T15:57:53Z	3177178	7871518b-f0e2-4a32-9be1-9e9b1c6a520e	Software Development Engineer II, Prime Air, Prime Air	US, WA, Seattle	Seattle	WA	USA	February 9, 2026		Software Development	retail	label=team-global-prime-air		not_identified	preferred_only	none	embedded_systems	https://www.amazon.jobs/en/jobs/3177178/software-development-engineer-ii-prime-air-prime-air	6c33e6d486b3c10f446372f047f64ff17412ace6ff7eff0fd4a50f70fa7a2d59
2026-09-16T15:57:53Z	3177500	10c2994a-9506-4221-ae97-fd027d083675	Senior Software Engineer, Prime Air	US, WA, Seattle	Seattle	WA	USA	February 10, 2026		Software Development	retail	label=team-global-prime-air		not_identified	preferred_only	none	cloud_infrastructure	https://www.amazon.jobs/en/jobs/3177500/senior-software-engineer-prime-air	2655b78dac09756833269e6c12b1232813fc56a0c1ec51a73dcf1643bcc214ed
2026-09-16T15:57:53Z	3177934	06443b36-b9ec-48dc-a69f-f73d6c93348e	Software Development Engineer - 2026 (US)	US, WA, Seattle	Seattle	WA	USA	February 10, 2026		Software Development	studentprograms	label=team-jobs-for-grads		not_identified	basic_qualifications	none	machine_learning,distributed_systems,cloud_infrastructure,networking,database_search,embedded_systems,frontend_mobile,application_backend,operations_observability	https://www.amazon.jobs/en/jobs/3177934/software-development-engineer-2026-us	2ac5da20114e7139efad209700f98554f150abf65786f87057a4c5ebac627bc7
2026-09-16T15:57:53Z	3178389	605fe0c2-5c02-4dd1-881a-687d035f654c	Sr Software Development Engineer, Amazon Devices, Connectivity SW	IN, KA, Bengaluru	Bengaluru	KA	IND	February 11, 2026		Software Development	alexa-and-amazon-devices	label=amazon-device-software-and-services		not_identified	basic_qualifications	none	networking,embedded_systems,frontend_mobile	https://www.amazon.jobs/en/jobs/3178389/sr-software-development-engineer-amazon-devices-connectivity-sw	63e96293f71197b525e932c0f2837b4e26ed4a57dd40df060c684075c2b84a35
2026-09-16T15:57:53Z	3179205	41f6b69e-37d1-42ee-96df-7ac1f522bdcd	Software Development Engineer - Military Veterans	US, WA, Seattle	Seattle	WA	USA	February 11, 2026		Software Development	studentprograms	label=team-jobs-for-grads		not_identified	basic_qualifications	none	distributed_systems,cloud_infrastructure,database_search,frontend_mobile,application_backend,operations_observability	https://www.amazon.jobs/en/jobs/3179205/software-development-engineer-military-veterans	66ea7efa19b9ca3322bdb6441540c4e5c67bbd86f4d6bebe3872c7c7678dc29e
2026-09-16T15:57:53Z	3181302	38322493-b290-4da0-92a5-bd1cf4f6b620	Software Builder, Amazon Devices	US, MA, North Reading	North Reading	MA	USA	February 13, 2026		Software Development	alexa-and-amazon-devices	label=team-ring-key-blink		not_identified	preferred_only	none	distributed_systems,cloud_infrastructure,operations_observability	https://www.amazon.jobs/en/jobs/3181302/software-builder-amazon-devices	d8279632556e52d3c827cb184fdabcba5aa09888df6e65781ee151534bbd1074
2026-09-16T15:57:53Z	3181978	f38a6a82-0b5d-4137-b010-6c98ac40542e	Neuron Collectives Software Engineer, Trainium Collectives	US, CA, Cupertino	Cupertino	CA	USA	February 16, 2026		Software Development	aws	label=team-sde-primary		not_identified	preferred_only	none	machine_learning,distributed_systems,cloud_infrastructure,networking,embedded_systems	https://www.amazon.jobs/en/jobs/3181978/neuron-collectives-software-engineer-trainium-collectives	3ce6815335cf13e2edaf94bd0a58f842280ae052b380e19f0ebd20f92ac59bb4
2026-09-16T15:57:53Z	3182046	a66f3449-24ef-49ec-a9f7-22166f91e7b4	Wireless Embedded Software Developer, Simulation Foundations, Amazon Leo	US, CA, San Diego	San Diego	CA	USA	February 16, 2026		Software Development	alexa-and-amazon-devices	label=team-project-kuiper		not_identified	preferred_only	none	networking,embedded_systems	https://www.amazon.jobs/en/jobs/3182046/wireless-embedded-software-developer-simulation-foundations-amazon-leo	17fa3c87e3ae5f245b1ae74381487fcd9ea9b9b817e27a58a78e5fea6c58d1e5
2026-09-16T15:57:53Z	3183020	be8a18ca-2d51-493f-a975-2b24800599db	Software Development Engineer – Embedded Systems 2026 (US)	US, WA, Seattle	Seattle	WA	USA	June 26, 2026		Software Development	studentprograms	label=team-jobs-for-grads		not_identified	basic_qualifications	none	distributed_systems,cloud_infrastructure,database_search,embedded_systems,frontend_mobile,application_backend,operations_observability	https://www.amazon.jobs/en/jobs/3183020/software-development-engineer-embedded-systems-2026-us	0cbdba1eb9cf23510f01d53320b2bd9004189305cc00abf4862f18a19af1ece8
2026-09-16T15:57:53Z	3184253	9a3ae19a-6f30-4907-8421-1273dd03f604	Software Development Engineer, Amazon Optics	IE, D, Dublin	Dublin	D	IRL	February 18, 2026		Software Development	amazon-security	label=team-aws-security		not_identified	basic_qualifications	none	distributed_systems,cloud_infrastructure,security_identity,embedded_systems	https://www.amazon.jobs/en/jobs/3184253/software-development-engineer-amazon-optics	ff08551bb8b9fb40f4fa550ffd8bc33dae215cf8b536b378a2f312efd6f96217
2026-09-16T15:57:53Z	3184459	471af2d1-6d9a-463c-ab8b-d96324705785	Sr. Embedded Software Engineer, Antenna System Validation, Amazon Leo	US, WA, Redmond	Redmond	WA	USA	February 18, 2026		Software Development	alexa-and-amazon-devices	label=team-project-kuiper		not_identified	preferred_only	none	distributed_systems,cloud_infrastructure,networking,embedded_systems,application_backend	https://www.amazon.jobs/en/jobs/3184459/sr-embedded-software-engineer-antenna-system-validation-amazon-leo	d7bc42e1c2a16669cb3d5c44ac4b767ca3a359639da37fc3c49e01388df18b6e
2026-09-16T15:57:53Z	3185274	5a617f7a-c574-44d0-a6cf-c01b3e4de21c	Software Development Engineer, Middle Mile P&O	CA, BC, Vancouver	Vancouver	BC	CAN	February 19, 2026		Software Development	ats	label=team-middle-mile-tech		not_identified	preferred_only	none	machine_learning,distributed_systems,cloud_infrastructure,networking,database_search,operations_observability	https://www.amazon.jobs/en/jobs/3185274/software-development-engineer-middle-mile-p-o	b342da1634b72d9f6d39cc63b4ccae3265dbec083de377cfcc7699d1a37e572f
2026-09-16T15:57:53Z	3187273	07523242-3768-4786-8bbc-3b8d4de1c7d0	Principal Software Engineer, Amazon DynamoDB	IE, D, Dublin	Dublin	D	IRL	February 23, 2026		Software Development	aws	label=team-sde-primary		not_identified	not_stated	none	distributed_systems,cloud_infrastructure,database_search,security_identity	https://www.amazon.jobs/en/jobs/3187273/principal-software-engineer-amazon-dynamodb	2938e7b8cd8f8ffeca7122531bf6958a50695763cc2410dcb38759de2f8d90e5
2026-09-16T15:57:53Z	3187422	515ced58-12b5-445e-9db9-1f5f054b0dfe	Software Development Engineer, Network Product Development	US, CA, Cupertino	Cupertino	CA	USA	February 23, 2026		Software Development	aws	label=team-sde-primary		not_identified	preferred_only	none	cloud_infrastructure,networking,database_search,security_identity,embedded_systems,application_backend	https://www.amazon.jobs/en/jobs/3187422/software-development-engineer-network-product-development	8aeeab605be682e8468f1559d9d5201d72148946d136ac2da032af03083bbbfa
2026-09-16T15:57:53Z	3187761	d1fec21e-b168-4f2c-a56f-0cc56d85a4fb	Software Development Engineer	IN, KA, Bengaluru	Bengaluru	KA	IND	February 24, 2026		Software Development	selling-partner-services	label=no-team-listed		not_identified	preferred_only	none	distributed_systems,database_search	https://www.amazon.jobs/en/jobs/3187761/software-development-engineer	a65a8e691c45ecd9fe1c8b0a0774cdb4a910ff3ffc9b4645500bf4963f51eee0
2026-09-16T15:57:53Z	3188372	a9a36b0f-bfd7-4cf4-b453-4954b1f0736f	Software Development Engineer, IES Latech & GIS	BR, MG, Belo Horizonte	Belo Horizonte	MG	BRA	February 24, 2026		Software Development	kindlecontent	label=team-no-team-listed		not_identified	preferred_only	none	cloud_infrastructure,networking,database_search	https://www.amazon.jobs/en/jobs/3188372/software-development-engineer-ies-latech-gis	7ad0df429446dbecf4a2d661fe91fa308e8cfd2f7b106b11d8e7bf2bae4cfa3d
2026-09-16T15:57:53Z	3188438	02b168f0-1ed6-49af-a91b-612baade4c36	Software Development Engineer Apprentice - Military Veterans	US, WA, Seattle	Seattle	WA	USA	February 24, 2026		Software Development	studentprograms	label=team-jobs-for-grads		not_identified	basic_qualifications	none	cloud_infrastructure,frontend_mobile,application_backend	https://www.amazon.jobs/en/jobs/3188438/software-development-engineer-apprentice-military-veterans	d3c639ec6182b1ca07bd3be1d61e479ff8780f8ec1a7f2a253df94e97e9de585
2026-09-16T15:57:53Z	3190158	d41bc50a-5f5f-41e8-b467-b03a49c54565	Sr. Software Development Engineer, Payroll Tax & Accounting Tech	IN, TS, Hyderabad	Hyderabad	TS	IND	February 26, 2026		Software Development	amazongo	label=no-team-listed		not_identified	basic_qualifications	none	machine_learning,cloud_infrastructure,security_identity	https://www.amazon.jobs/en/jobs/3190158/sr-software-development-engineer-payroll-tax-accounting-tech	9bd59a894210dcfb13178d181ac115dccadfb33e0e528ce50c399f4e5f32e50b
2026-09-16T15:57:53Z	3190444	6365da59-099f-460a-9b62-418335055c71	Senior Software Development Engineer, AWS Machine Learning Accelerators	US, CA, Cupertino	Cupertino	CA	USA	February 26, 2026		Software Development	aws	label=team-sde-primary		not_identified	preferred_only	none	machine_learning,cloud_infrastructure,database_search,security_identity,application_backend	https://www.amazon.jobs/en/jobs/3190444/senior-software-development-engineer-aws-machine-learning-accelerators	43ed3df3bcf44251467d0fd370eb211ea8416b81d2c12b7a485e138671e87cde
2026-09-16T15:57:53Z	3193935	d5d851e5-30ab-4d87-9112-aa47b25763f6	Software Development Engineer, Amazon Books	IN, TN, Chennai	Chennai	TN	IND	March 3, 2026		Software Development	international-stores	label=team-kindlecontent		not_identified	preferred_only	none	graphics_media,operations_observability	https://www.amazon.jobs/en/jobs/3193935/software-development-engineer-amazon-books	f15c142163d6348858c9d407ea0cc22aeeaf7e5e83cb7c74a427abf85e1b100a
2026-09-16T15:57:53Z	3195865	71922e39-988a-42d8-8d1f-becbe466f66b	Principal Software Engineer, Elasticache	IL, Tel Aviv	Tel Aviv		ISR	March 4, 2026		Software Development	aws	label=team-sde-primary		not_identified	not_stated	none	distributed_systems,cloud_infrastructure,database_search	https://www.amazon.jobs/en/jobs/3195865/principal-software-engineer-elasticache	db6d926dff8c1cc107fe95c55e1dba3c441629e4baff5aac2843dbc7552d9dd4
2026-09-16T15:57:53Z	3196286	f6e507d9-d890-472c-a405-a33ca214f0ec	Software Development Engineer II, Post Silicon Validation	US, TX, Austin	Austin	TX	USA	March 4, 2026		Software Development	aws	label=team-aws-cloud-management		not_identified	basic_qualifications	none	machine_learning,cloud_infrastructure,networking,embedded_systems,graphics_media	https://www.amazon.jobs/en/jobs/3196286/software-development-engineer-ii-post-silicon-validation	2d4e6003024dffa70c2e51ac3a26245ef97c4bd0612f72168d13d98bfcf3bb2b
2026-09-16T15:57:53Z	3197062	36de80f1-c1b5-4724-ae13-2ee3ec90ca5a	Software Developer, IES LATECH & GIS	BR, MG, Belo Horizonte	Belo Horizonte	MG	BRA	March 5, 2026		Software Development	retail	label=team-intech		not_identified	preferred_only	none	machine_learning	https://www.amazon.jobs/en/jobs/3197062/software-developer-ies-latech-gis	2a96f718b067fd3723ed2ca8ad99670aa6cdfc64f32a06046af59849ce1ffa91
2026-09-16T15:57:53Z	3197826	6accabe8-7fcf-4c0e-94f8-b2e22f191d47	Senior Software Development Engineer, Aurora PostgreSQL	US, WA, Redmond	Redmond	WA	USA	March 5, 2026		Software Development	aws	label=team-sde-primary		not_identified	basic_qualifications	none	distributed_systems,cloud_infrastructure,database_search,security_identity,application_backend	https://www.amazon.jobs/en/jobs/3197826/senior-software-development-engineer-aurora-postgresql	22a854f93ec42e99aac14d8643544f2c07431b09d99d004154005a22bd1e6906
2026-09-16T15:57:53Z	3198115	5607ad8a-0352-4e23-8635-9d676afc623d	SDE II - Backend, Cross Border Shopping Experience	IN, KA, Bengaluru	Bengaluru	KA	IND	March 6, 2026		Software Development	retail	label=team-icb-in		not_identified	preferred_only	none	distributed_systems,database_search,application_backend	https://www.amazon.jobs/en/jobs/3198115/sde-ii-backend-cross-border-shopping-experience	212bb661f6920aaed274bcf21cd520a00c7778aad11fe2e1a295fb42986f0db7
2026-09-16T15:57:53Z	3198486	fec01986-b74e-45e6-bc59-4f11a446c270	Sr. Software Development Engineer, Workshop Studio, Catalog & Events	US, NJ, Jersey City	Jersey City	NJ	USA	March 6, 2026		Software Development	aws	label=team-sde-primary		not_identified	basic_qualifications	none	machine_learning,cloud_infrastructure,database_search,security_identity,frontend_mobile,application_backend,operations_observability	https://www.amazon.jobs/en/jobs/3198486/sr-software-development-engineer-workshop-studio-catalog-events	127de66ecc05909aabc0682a04e2d718a6788db04a1fe3d9993041d0c7b595cf
2026-09-16T15:57:53Z	3198839	ae89c6ec-182a-4e1c-891f-55babdf7c2cc	Software Development Engineer III, Alexa Connected Devices	IN, KA, Bengaluru	Bengaluru	KA	IND	March 6, 2026		Software Development	alexa-and-amazon-devices	label=devices-and-services-teams		not_identified	preferred_only	none	cloud_infrastructure,operations_observability	https://www.amazon.jobs/en/jobs/3198839/software-development-engineer-iii-alexa-connected-devices	a7fc8ee3185924b5247c63c379788851968b3bb95e7bbac8cbd1dc36518e6f03
2026-09-16T15:57:53Z	3199739	115f038d-0351-481d-9ac5-aeb8bf05804d	Senior Software Development Engineer , Stores Foundational AI - Rufus	US, CA, Palo Alto	Palo Alto	CA	USA	March 9, 2026		Software Development	consumer_engagement	label=no-team-listed		not_identified	preferred_only	none	machine_learning,security_identity	https://www.amazon.jobs/en/jobs/3199739/senior-software-development-engineer-stores-foundational-ai-rufus	453302ae550209a93213fd9b253ec675a80ee33de7c1750ce08a0363fbd45421
2026-09-16T15:57:53Z	3201122	8bf7b5c8-0cd1-4b70-a4fd-1eda7a56077e	Software Development Engineer II, Alexa Connect Kit, Alexa Smart Home	IN, KA, Bengaluru	Bengaluru	KA	IND	March 10, 2026		Software Development	alexa-and-amazon-devices	label=team-smart-home		not_identified	preferred_only	none	cloud_infrastructure,networking,embedded_systems	https://www.amazon.jobs/en/jobs/3201122/software-development-engineer-ii-alexa-connect-kit-alexa-smart-home	0d3f3df839321c138b32eb0ef737a37d848f444acb9584b5f79a02f31b68b5b2
2026-09-16T15:57:53Z	3201314	19b2116a-e9d1-4650-b6e8-d4bb782cda05	Software Dev Engineer, Leo Ground Control Services	US, WA, Redmond	Redmond	WA	USA	March 10, 2026		Software Development	alexa-and-amazon-devices	label=team-project-kuiper		not_identified	basic_qualifications	none	distributed_systems,cloud_infrastructure,embedded_systems	https://www.amazon.jobs/en/jobs/3201314/software-dev-engineer-leo-ground-control-services	f3ce45404c3d1ebbacf7cbe7faa097028f131db49f76444fe9c6982f29d99d9d
2026-09-16T15:57:53Z	3201316	2bc1a3ff-564f-4f6a-afd2-8ec0cb640a27	Sr. Software Dev Engineer, Leo Ground Control Services	US, WA, Redmond	Redmond	WA	USA	March 10, 2026		Software Development	alexa-and-amazon-devices	label=team-project-kuiper		not_identified	basic_qualifications	none	cloud_infrastructure,embedded_systems	https://www.amazon.jobs/en/jobs/3201316/sr-software-dev-engineer-leo-ground-control-services	52bd4f93e035cd99c0bed4bae3d537ad5cc9e30cbe7eeed59c98d94dab9ed4ce
2026-09-16T15:57:53Z	3201317	37b27873-4f1d-4f32-8c88-a9ae1e73b3b6	Software Dev Engineer, Leo Ground Control Services	US, WA, Redmond	Redmond	WA	USA	March 10, 2026		Software Development	alexa-and-amazon-devices	label=team-project-kuiper		not_identified	basic_qualifications	none	distributed_systems,cloud_infrastructure,networking,embedded_systems	https://www.amazon.jobs/en/jobs/3201317/software-dev-engineer-leo-ground-control-services	e0ab117558db571eefdd34468cd3069907ac609e31dde3f1b6fdf7d000fb3237
2026-09-16T15:57:53Z	3201381	a821ac93-5a89-4220-b279-b1bef299ef43	Senior Software Engineer, IaC Provider Experience, AWS CloudFormation, IaC Provider Experience, AWS CloudFormation	US, WA, Seattle	Seattle	WA	USA	March 10, 2026		Software Development	aws	label=team-sde-primary		not_identified	preferred_only	none	distributed_systems,cloud_infrastructure,database_search,application_backend,operations_observability	https://www.amazon.jobs/en/jobs/3201381/senior-software-engineer-iac-provider-experience-aws-cloudformation-iac-provider-experience-aws-cloudformation	22e299483e13e4393a02fb60404bc1a0b1186584d393c807eea3ce5d10592829
2026-09-16T15:57:53Z	3201597	afb9a94e-711e-4b9a-a476-3b25324eadd0	Software Development Engineer, Atlas	US, WA, Redmond	Redmond	WA	USA	March 10, 2026		Software Development	alexa-and-amazon-devices	label=team-project-kuiper		not_identified	preferred_only	none	cloud_infrastructure,networking,operations_observability	https://www.amazon.jobs/en/jobs/3201597/software-development-engineer-atlas	6fb05cd455666540900ebb38884afb87d72fba8e054f10fc5c6476144a96fc92
2026-09-16T15:57:53Z	3202055	0588e4e5-b757-49af-8fce-ae87d37a887c	Software Development Engineer II , Amazon Pay	IN, KA, Bengaluru	Bengaluru	KA	IND	March 11, 2026		Software Development	international-stores	label=team-amazon-payments		not_identified	preferred_only	none	distributed_systems,frontend_mobile,application_backend	https://www.amazon.jobs/en/jobs/3202055/software-development-engineer-ii-amazon-pay	ba303a005df1eb91e376359b5f1bbbee20659f278864643b1aa3260e57d8902a
2026-09-16T15:57:53Z	3202233	e71869dd-f837-4b18-9d4b-180bac884c34	SDE I - Temp, Amazon	IN, KA, Bengaluru	Bengaluru	KA	IND	March 11, 2026		Software Development	entertainment	label=digital-acceleration		not_identified	preferred_only	none		https://www.amazon.jobs/en/jobs/3202233/sde-i-temp-amazon	573ad16b5c12fd29a9276b85abb897449603102e08aab7ac81f64c0141a442d2
2026-09-16T15:57:53Z	3203075	264a24d8-87bc-4289-93ef-712eb5d08460	Embedded Software Engineer II, Ring	PL, Gdansk	Gdansk		POL	March 12, 2026		Software Development	alexa-and-amazon-devices	label=team-ring-key-blink		not_identified	basic_qualifications	none	cloud_infrastructure,security_identity,embedded_systems	https://www.amazon.jobs/en/jobs/3203075/embedded-software-engineer-ii-ring	a94da21190dbd03ea12dd0ff88d1246dd3577dee19ca24108ac050679671e294
2026-09-16T15:57:53Z	3203116	1e05d764-f3d7-4a69-9a71-347b9f4226ca	Embedded Software Engineer, Graviton	IL, Tel Aviv	Tel Aviv		ISR	March 12, 2026		Software Development	aws	label=team-sde-primary		not_identified	basic_qualifications	none	cloud_infrastructure,embedded_systems,operations_observability	https://www.amazon.jobs/en/jobs/3203116/embedded-software-engineer-graviton	1726856dfd9800216b47be18cafb681b0ccf0d81c482d7528d10d79cefa0cc3d
2026-09-16T15:57:53Z	3203393	12fd953c-0d1c-462b-88b4-28f95100ae34	Software Development Engineer - Test II, Alexa Endpoint Experiences	IN, MH, Pune	Pune	MH	IND	March 12, 2026		Software Development	alexa-and-amazon-devices	label=amazon-device-software-and-services		not_identified	not_stated	none	machine_learning,cloud_infrastructure,database_search,security_identity,embedded_systems,frontend_mobile,graphics_media	https://www.amazon.jobs/en/jobs/3203393/software-development-engineer-test-ii-alexa-endpoint-experiences	21e8abf1f51d25b2910f77790d93faf56ed3c10e817cd045d53f9d35a5f337c0
2026-09-16T15:57:53Z	3203694	6c17dfae-ba79-4cee-a9ee-f95397be1880	Software Development Engineer, Alexa Endpoint Experiences	US, MA, Boston	Boston	MA	USA	March 12, 2026		Software Development	alexa-and-amazon-devices	label=team-alexa-echo-devices		not_identified	basic_qualifications	none	machine_learning,distributed_systems,cloud_infrastructure,embedded_systems,application_backend	https://www.amazon.jobs/en/jobs/3203694/software-development-engineer-alexa-endpoint-experiences	b91ceb40c611336bf96f21d67a0a98a13f12a1104f31e9f773f397ef45ba8e0d
2026-09-16T15:57:53Z	3203878	116b9aad-7ed8-450c-a539-a10bc2aebf19	Software Development Engineer II, AWS Fintech	US, WA, Seattle	Seattle	WA	USA	March 12, 2026		Software Development	aws	label=team-fintech-aws		not_identified	basic_qualifications	none	distributed_systems,cloud_infrastructure,embedded_systems,application_backend	https://www.amazon.jobs/en/jobs/3203878/software-development-engineer-ii-aws-fintech	8d4057c3e1e0b8a6401bdae699ac7e2fd7ce46fcffe7faa9df7e47c930560d02
2026-09-16T15:57:53Z	3205224	0f650d90-03b0-4b15-8ffb-5485802a1ee7	Software Development Engineer, AWS Kumo Last-Mile	ZA, Cape Town	Cape Town		ZAF	March 16, 2026		Software Development	aws	label=team-sde-primary		not_identified	preferred_only	none	machine_learning,cloud_infrastructure,database_search,security_identity,frontend_mobile,application_backend	https://www.amazon.jobs/en/jobs/3205224/software-development-engineer-aws-kumo-last-mile	cccca71ae182f67eb400240cba87c6039240922d32d3f5f8b760a9ed4f76585d
2026-09-16T15:57:53Z	3206040	d7d4a17d-6e67-4b01-89ac-6107096cdfa8	SDE-II, Healthcare AI	US, CA, Mountain View	Mountain View	CA	USA	March 16, 2026		Software Development	aws	label=team-sde-primary		not_identified	preferred_only	none	machine_learning,cloud_infrastructure,application_backend	https://www.amazon.jobs/en/jobs/3206040/sde-ii-healthcare-ai	09dfc02d45f46346ed451981bde7763f1dd0d1f9d0f2966c092f1efe41feb824
2026-09-16T15:57:53Z	3206055	86fd6a4e-5549-46c5-b6de-36721d9fcd41	Sr. Software Dev Engineer, AWS RTB Fabric	US, WA, Seattle	Seattle	WA	USA	March 16, 2026		Software Development	aws	label=team-sde-primary		not_identified	preferred_only	none	distributed_systems,cloud_infrastructure,networking,application_backend	https://www.amazon.jobs/en/jobs/3206055/sr-software-dev-engineer-aws-rtb-fabric	16f1506389cb4888b63ea7f27a7bf52545b0622f5bef80e43d58207d5e63c57e
2026-09-16T15:57:53Z	3206096	3dea336c-e575-47b2-a754-c525eca391b1	Software Dev Engineer III, Ads AI Core Infra	IN, KA, Bengaluru	Bengaluru	KA	IND	March 16, 2026		Software Development	advertising	label=team-amazon-ads		not_identified	preferred_only	none	distributed_systems,cloud_infrastructure,application_backend	https://www.amazon.jobs/en/jobs/3206096/software-dev-engineer-iii-ads-ai-core-infra	e28b3ba7dab7ca3441fdb96b9d5fa687616b8def998f1d1d65d3c744ec20a579
2026-09-16T15:57:53Z	3207906	868df854-6410-4a0c-9a64-0b4ac7f3fba8	Sr. Robotics Software Engineer, Amazon Robotics	DE, BE, Berlin	Berlin	BE	DEU	March 18, 2026		Software Development	subsidiaries	label=team-amazon-robotics		not_identified	basic_qualifications	none	machine_learning,cloud_infrastructure,security_identity,frontend_mobile,graphics_media,application_backend	https://www.amazon.jobs/en/jobs/3207906/sr-robotics-software-engineer-amazon-robotics	7dc9b1a87faac93a92a82b4733efa1ffc3de59a8d5fc1f346a5b673bcd4f9a39
2026-09-16T15:57:53Z	3208024	c7ad160e-94e2-49b3-b289-e25ef683807e	Senior Drone Software Dev Engineer, Ring Robotics Platform Engineering	GB, Cambridge	Cambridge		GBR	March 18, 2026		Software Development	alexa-and-amazon-devices	label=team-ring-key-blink		not_identified	preferred_only	none	security_identity,embedded_systems	https://www.amazon.jobs/en/jobs/3208024/senior-drone-software-dev-engineer-ring-robotics-platform-engineering	ecb4702b8cee8013e74f26fec03b0ea6f57dcbb855fb45c15ea512bfc610e201
2026-09-16T15:57:53Z	10370961	b85a87f0-bb73-4a95-8fd7-18281075e657	Software Development Engineer II , Amazon Cross Border Tech	IN, KA, Bengaluru	Bengaluru	KA	IND	March 19, 2026		Software Development	global-corporate	label=no-team-listed		not_identified	preferred_only	none	database_search,application_backend	https://www.amazon.jobs/en/jobs/10370961/software-development-engineer-ii-amazon-cross-border-tech	0f7cf61515dc1392f0a9aab363f6919157b9a6d0ef1249214ff113a8fa65166c
2026-09-16T15:57:53Z	10372180	a3691995-9af9-46e8-b78c-db7a6aa5df79	Senior SDE- Kernel Engineer, SSG	IN, KA, Bengaluru	Bengaluru	KA	IND	March 20, 2026		Software Development	alexa-and-amazon-devices	label=team-hardware-and-eero		not_identified	preferred_only	none	machine_learning,security_identity,embedded_systems,graphics_media	https://www.amazon.jobs/en/jobs/10372180/senior-sde-kernel-engineer-ssg	54211fe82b63adc5d08f6d6b6ca02da725ea62ce96d407bb1b741e94fde188b7
2026-09-16T15:57:53Z	10372183	e7dab73f-cd36-4c63-8dc9-6c3400c33395	SDE II - Multimedia, Hardware Compute Group	IN, KA, Bengaluru	Bengaluru	KA	IND	March 20, 2026		Software Development	alexa-and-amazon-devices	label=team-hardware-and-eero		not_identified	preferred_only	none	security_identity,embedded_systems,graphics_media,application_backend	https://www.amazon.jobs/en/jobs/10372183/sde-ii-multimedia-hardware-compute-group	4b5568469503bbe222f94bac1549bf5e7b6cc61f3a6a8d2d44e4aa91f98f6555
2026-09-16T15:57:53Z	10372460	4f238274-6739-403e-a328-8776325d62ab	Software Development Engineer, AWS Manufacturing Infrastructure Services	US, CA, Cupertino	Cupertino	CA	USA	March 20, 2026		Software Development	aws	label=team-sde-primary		not_identified	basic_qualifications	none	distributed_systems,cloud_infrastructure,networking,database_search,security_identity,application_backend,operations_observability	https://www.amazon.jobs/en/jobs/10372460/software-development-engineer-aws-manufacturing-infrastructure-services	e7d5cf5a841267cf3f1a264e8ce070dbc61ebf2b85e43212242ab7593ca37c38
2026-09-16T15:57:53Z	10372558	4f79154e-27e8-40b6-8ba0-6e815ee88041	Software Dev Engineer III, Amazon Interactive Video Service (IVS)	US, CA, San Francisco	San Francisco	CA	USA	March 20, 2026		Software Development	aws	label=team-sde-primary		not_identified	preferred_only	none	distributed_systems,cloud_infrastructure,networking,graphics_media,operations_observability	https://www.amazon.jobs/en/jobs/10372558/software-dev-engineer-iii-amazon-interactive-video-service-ivs	09b3b42ff2934d33e3801b39614da07ac1380dcab9b3c10e2975a9d8b3f4826a
2026-09-16T15:57:53Z	10372635	b45054bc-3d77-4312-a144-27d23ed32106	Embedded Software Engineer, Leo Payload Radio	US, WA, Redmond	Redmond	WA	USA	March 20, 2026		Software Development	alexa-and-amazon-devices	label=team-project-kuiper		not_identified	basic_qualifications	none	distributed_systems,networking,security_identity,embedded_systems	https://www.amazon.jobs/en/jobs/10372635/embedded-software-engineer-leo-payload-radio	3d067aef873f050fdef116963ea74fba07f77f48ea8ddb35bd965fb6dd2d13ae
2026-09-16T15:57:53Z	10374503	4fd97099-4ee4-41be-b227-5834857455fb	Software Development Engineer II , Amazon Cross Border Tech	IN, KA, Bengaluru	Bengaluru	KA	IND	March 24, 2026		Software Development	global-corporate	label=no-team-listed		not_identified	preferred_only	none	database_search,application_backend	https://www.amazon.jobs/en/jobs/10374503/software-development-engineer-ii-amazon-cross-border-tech	791954e6f1c81ff02a28f603fa4b7143b8f48f93c6ac3e5c56dff502863a9e59
2026-09-16T15:57:53Z	10374959	f9f569a1-7317-4714-834f-5aca5b8402a5	Software Dev Engineer II, AWS End User Messaging	US, WA, Seattle	Seattle	WA	USA	March 24, 2026		Software Development	aws	label=team-sde-primary		not_identified	basic_qualifications	none	distributed_systems,cloud_infrastructure,networking,embedded_systems,application_backend,operations_observability	https://www.amazon.jobs/en/jobs/10374959/software-dev-engineer-ii-aws-end-user-messaging	003e09455cb1ac5dbaac4a2124620e19773aaee576dd38b52c0927ddb1acb860
2026-09-16T15:57:53Z	10375162	df0d4cde-ae6a-4021-80a3-2ecf9dbda91a	Software Development Engineer, Ring	TW, TPE, Taipei	Taipei	TPE	TWN	March 24, 2026		Software Development	alexa-and-amazon-devices	label=team-ring-key-blink		not_identified	basic_qualifications	none	machine_learning,cloud_infrastructure,networking,security_identity,embedded_systems	https://www.amazon.jobs/en/jobs/10375162/software-development-engineer-ring	b4ee65b4bd336b4eef5ddd31983a5d099d176e2e0e6af312ecdbb08eaf06ec46
2026-09-16T15:57:53Z	10375169	0e62d0d1-72b1-4c01-bbf3-c291f9b38bd7	Software Development Engineer, Aurora Control Plane	US, WA, Seattle	Seattle	WA	USA	March 24, 2026		Software Development	aws	label=team-sde-primary		not_identified	basic_qualifications	none	distributed_systems,cloud_infrastructure,database_search,embedded_systems,application_backend	https://www.amazon.jobs/en/jobs/10375169/software-development-engineer-aurora-control-plane	bf018b27bdb73ef64b70f7d54cefd5fd8026b1fbb24cd9009e4cd5de1646e97a
2026-09-16T15:57:53Z	10375239	10e3bc79-c061-4139-8d9e-989bbd44c0ba	Senior SoC Systems Software Engineer, Annapurna Labs Machine Learning Accelerators, AWS	US, CA, Cupertino	Cupertino	CA	USA	March 24, 2026		Software Development	aws	label=team-sde-primary		not_identified	not_stated	mention_only	compiler_mention,machine_learning,distributed_systems,cloud_infrastructure,networking,embedded_systems,graphics_media	https://www.amazon.jobs/en/jobs/10375239/senior-soc-systems-software-engineer-annapurna-labs-machine-learning-accelerators-aws	d3db96448d7b7718f28d9dc449ff5390888e74e9488dff739202800af2e9d7b3
2026-09-16T15:57:53Z	10375342	83f04214-a635-4981-9ea9-d85acff4f3df	Software Development Engineer, Sidewalk Cloud, Sidewalk Cloud	IN, KA, Bengaluru	Bengaluru	KA	IND	March 25, 2026		Software Development	alexa-and-amazon-devices	label=team-ring-key-blink		not_identified	preferred_only	mention_only	compiler_mention,machine_learning,cloud_infrastructure,networking,security_identity,operations_observability	https://www.amazon.jobs/en/jobs/10375342/software-development-engineer-sidewalk-cloud-sidewalk-cloud	faa2c1bd1ee21d3f2895a532520d529d814a2a3e7142c6d18fd753a4a71cd875
2026-09-16T15:57:53Z	10375571	43af2d80-e7a2-4f63-822d-2c81117d39ec	Embedded Software Engineer - Networking drivers, ENA team	IL, Haifa	Haifa		ISR	March 25, 2026		Software Development	aws	label=team-sde-primary		not_identified	basic_qualifications	none	cloud_infrastructure,networking,embedded_systems,operations_observability	https://www.amazon.jobs/en/jobs/10375571/embedded-software-engineer-networking-drivers-ena-team	d08239fce90b6d0b801b8f1c4d6a950120790a8421d87367a01178d5cf97cf20
2026-09-16T15:57:53Z	10376450	55e841f1-f989-4de5-a7bc-c1dffebe66ee	Sr Software Development Engineer, Buyer Safety Experience	RO, Bucharest	Bucharest		ROU	March 25, 2026		Software Development	selling-partner-services	label=team-selling-partner-risk		not_identified	not_stated	none	distributed_systems,cloud_infrastructure,security_identity	https://www.amazon.jobs/en/jobs/10376450/sr-software-development-engineer-buyer-safety-experience	a48ecd19344500d700a852f68da10516a2460ceb522efc14f3383e2055b13a49
2026-09-16T15:57:53Z	10378117	23ddc0ff-b9ec-4980-bc5d-9d89450b30b4	Virtual Platform Software Engineer, Annapurna Labs Machine Learning Accelerators, AWS	US, CA, Cupertino	Cupertino	CA	USA	March 27, 2026		Software Development	aws	label=team-sde-primary		not_identified	not_stated	none	machine_learning,cloud_infrastructure,embedded_systems,graphics_media	https://www.amazon.jobs/en/jobs/10378117/virtual-platform-software-engineer-annapurna-labs-machine-learning-accelerators-aws	24365ee4bc01f5a13472cc468b6a4ee761ecbd813c2e2c4e7c8972ddb1692049
2026-09-16T15:57:53Z	10378122	7cc2d27d-fe91-46e5-92b1-e219d3df4aab	SoC Systems Software Engineer, Annapurna Labs Machine Learning Accelerators, AWS	US, CA, Cupertino	Cupertino	CA	USA	March 27, 2026		Software Development	aws	label=team-sde-primary		not_identified	not_stated	mention_only	compiler_mention,machine_learning,distributed_systems,cloud_infrastructure,networking,embedded_systems	https://www.amazon.jobs/en/jobs/10378122/soc-systems-software-engineer-annapurna-labs-machine-learning-accelerators-aws	71e67de5acb8941ffaeb6cd29ca33eb0c7bffc3828774e6b88fab251eeb77bae
2026-09-16T15:57:53Z	10378262	104f54d2-f4da-4d02-bf7d-f83a8e01fa64	Sr Software Development Engineer, Ads AI Core Infra	IN, KA, Bengaluru	Bengaluru	KA	IND	March 27, 2026		Software Development	advertising	label=team-amazon-ads		not_identified	preferred_only	none	distributed_systems,cloud_infrastructure,application_backend	https://www.amazon.jobs/en/jobs/10378262/sr-software-development-engineer-ads-ai-core-infra	5644f8ef7b0e623d955d9149ce15a3f29acc4418fa3943af96f2ef32acf77612
2026-09-16T15:57:53Z	10379663	348f949c-1ba9-4473-b4d7-1b8f0d2bb875	Embedded Software Engineer, Server Control Firmware	US, TX, Austin	Austin	TX	USA	March 30, 2026		Software Development	aws	label=team-sde-primary		not_identified	preferred_only	none	machine_learning,cloud_infrastructure,embedded_systems,application_backend	https://www.amazon.jobs/en/jobs/10379663/embedded-software-engineer-server-control-firmware	f9353070f45f16b820df4447cfc7eb38eca5703ddd639ccac777102076ea42da
2026-09-16T15:57:53Z	10379847	18f3307c-55b6-493c-ac8d-01358c1f7883	Embedded Software Dev Engineer, Amazon Leo Customer Terminal	US, WA, Redmond	Redmond	WA	USA	March 31, 2026		Software Development	alexa-and-amazon-devices	label=team-project-kuiper		not_identified	basic_qualifications	none	embedded_systems	https://www.amazon.jobs/en/jobs/10379847/embedded-software-dev-engineer-amazon-leo-customer-terminal	a76a04870a19b617d29c1d0a3625f649880f6e6dc0866d582991aea43f300079
2026-09-16T15:57:53Z	10379957	134710b7-f9d7-4b8c-ae79-e90b4645f8e3	Software Development Engineer II, Amazon Finance Technology	IN, TS, Hyderabad	Hyderabad	TS	IND	March 31, 2026		Software Development	no-business-category	label=no-team-listed		not_identified	basic_qualifications	none	cloud_infrastructure	https://www.amazon.jobs/en/jobs/10379957/software-development-engineer-ii-amazon-finance-technology	4ec8cfa1a8f456c0a5c2327c11d90dda10c5fa1455628838b6172175f95892bd
2026-09-16T15:57:53Z	10380171	6a64ffb0-9f15-42e8-87b9-a26ad0474f32	Embedded Software Development Engineer II, Amazon Robotics Embedded Safety Systems	US, MA, North Reading	North Reading	MA	USA	March 31, 2026		Software Development	subsidiaries	label=team-amazon-robotics		not_identified	basic_qualifications	none	cloud_infrastructure,embedded_systems	https://www.amazon.jobs/en/jobs/10380171/embedded-software-development-engineer-ii-amazon-robotics-embedded-safety-systems	f8d6a79389e303b817cce09e8e6ff9505ebb2597f6ad44eda666a7bdf1b58b05
2026-09-16T15:57:53Z	10380294	a82cf788-227c-47c6-9431-bea55a2ed1a0	Software Development Engineer, Ring Cloud Computer Vision	PL, Gdansk	Gdansk		POL	March 31, 2026		Software Development	alexa-and-amazon-devices	label=team-ring-key-blink		not_identified	preferred_only	none	distributed_systems,cloud_infrastructure,security_identity,graphics_media	https://www.amazon.jobs/en/jobs/10380294/software-development-engineer-ring-cloud-computer-vision	d3005f94bdf1e945bbb97cd5868e2065bb5d82aefd10d13e00f9d088b0346289
2026-09-16T15:57:53Z	10380507	d652c6d7-b042-4d97-8231-87a92e5de379	Software Development Engineer, Data Plane, Network Product Development	US, CA, Cupertino	Cupertino	CA	USA	March 31, 2026		Software Development	aws	label=team-sde-primary		not_identified	preferred_only	none	cloud_infrastructure,networking,database_search,security_identity,embedded_systems,application_backend	https://www.amazon.jobs/en/jobs/10380507/software-development-engineer-data-plane-network-product-development	5a619922ea8118ca427b05ffc3ce9e1b2e2bd0e03ad6ea18ba262b1fc459f586
2026-09-16T15:57:53Z	10381248	92453e98-92dd-42a3-9d8f-ca739d4cdad8	Software Engineer - ML and Distributed Systems, Amazon Personalize	US, CA, Mountain View	Mountain View	CA	USA	April 1, 2026		Software Development	aws	label=team-sde-primary		not_identified	preferred_only	none	machine_learning,distributed_systems,cloud_infrastructure,database_search,application_backend	https://www.amazon.jobs/en/jobs/10381248/software-engineer-ml-and-distributed-systems-amazon-personalize	d0c002d969982fffe225a529afa8fdcb72d032c1bff3694e7219aa92a0998aa3
2026-09-16T15:57:53Z	10381629	e2c93293-83be-4af2-92e7-d0d07629fa23	Lead Software Development Engineer, Consumer Domains	US, NJ, Newark	Newark	NJ	USA	April 1, 2026		Software Development	subsidiaries	label=team-global-audible		not_identified	preferred_only	none	cloud_infrastructure,security_identity,application_backend	https://www.amazon.jobs/en/jobs/10381629/lead-software-development-engineer-consumer-domains	1a4fd7b0ea0008ac8c9e77c6ac102fa5f5dce627c588bde605b8983ca595884e
2026-09-16T15:57:53Z	10381821	838816be-b1a1-4dcc-bb32-4c2fc0549eca	Software Development Engineer, Chronicle Analytics	CA, BC, Vancouver	Vancouver	BC	CAN	April 1, 2026		Software Development	selling-partner-services	label=no-team-listed		not_identified	preferred_only	none	machine_learning,cloud_infrastructure,networking,database_search,frontend_mobile,application_backend	https://www.amazon.jobs/en/jobs/10381821/software-development-engineer-chronicle-analytics	71564b4ea0e4b7bafec64cb2c6b7ffeee11bbcb9b08101d9a1dd7791bff69108
2026-09-16T15:57:53Z	10381876	25303c62-a5ad-480b-9b40-b138a8bf9037	Software Development Engineer, EC2 UltraServer Delivery Team	US, WA, Seattle	Seattle	WA	USA	April 2, 2026		Software Development	aws	label=team-sde-primary		not_identified	preferred_only	none	cloud_infrastructure,networking,embedded_systems,graphics_media	https://www.amazon.jobs/en/jobs/10381876/software-development-engineer-ec2-ultraserver-delivery-team	37fcf6ead3206193fe475c4b41253e26c818d3a82c55ab34b91e56fb11ba5a0f
2026-09-16T15:57:53Z	10381945	cc36095a-6657-4f60-a56e-6058a41ed5a4	Sr. Software Development Engineer, Advanced Analytics	US, WA, Seattle	Seattle	WA	USA	April 2, 2026		Software Development	advertising	label=team-amazon-ads		not_identified	preferred_only	none	distributed_systems,cloud_infrastructure,database_search,application_backend,operations_observability	https://www.amazon.jobs/en/jobs/10381945/sr-software-development-engineer-advanced-analytics	9232ad4badddfea8ca5756d8b7e03aa1f73eaec36cb62429564caaea674a4713
2026-09-16T15:57:53Z	10381950	60d3c502-5727-4f28-89ab-53991bac8bfe	Software Development Engineer, Alexa Connections	CA, BC, Vancouver	Vancouver	BC	CAN	April 2, 2026		Software Development	alexa-and-amazon-devices	label=team-alexa-echo-devices		not_identified	preferred_only	none	machine_learning,cloud_infrastructure,application_backend	https://www.amazon.jobs/en/jobs/10381950/software-development-engineer-alexa-connections	10bfca9fb5420842071aabc977b3a08ce62c08fb19b80164bb12fd1f8526ff99
2026-09-16T15:57:53Z	10381951	382648b4-9532-4fb2-a9b5-01877b7d65ab	Sr. Software Development Engineer, Alexa Connections	CA, BC, Vancouver	Vancouver	BC	CAN	April 2, 2026		Software Development	alexa-and-amazon-devices	label=team-alexa-echo-devices		not_identified	preferred_only	none	machine_learning,cloud_infrastructure,application_backend	https://www.amazon.jobs/en/jobs/10381951/sr-software-development-engineer-alexa-connections	077ec9e11f6e69d2360f3ba4caad869da15a055b147b4440f47c009eb620b3da
2026-09-16T15:57:53Z	10382496	5fb3d924-15b1-438c-94f5-cc3af7eabfc7	Software Development Engineer, AWS SDE Centralized Team	US, WA, Seattle	Seattle	WA	USA	April 2, 2026		Software Development	aws	label=team-aws-sdm		not_identified	basic_qualifications	mention_only	compiler_mention,machine_learning,distributed_systems,cloud_infrastructure,networking,security_identity,embedded_systems,graphics_media,application_backend,operations_observability	https://www.amazon.jobs/en/jobs/10382496/software-development-engineer-aws-sde-centralized-team	4c2fb445e1c081da699230203739a9ada87581f25da26b17f879fe1ff7306211
2026-09-16T15:57:53Z	10382945	dcd6295e-0b2d-4a4f-b19e-929c92df3aae	Sr. Software Engineer, EC2 VPC	US, CA, San Diego	San Diego	CA	USA	April 3, 2026		Software Development	aws	label=team-sde-primary		not_identified	preferred_only	none	cloud_infrastructure,networking,database_search,security_identity,embedded_systems,application_backend,operations_observability	https://www.amazon.jobs/en/jobs/10382945/sr-software-engineer-ec2-vpc	d86f95f50218c2ff98088f76cdcf889a7211ced33a32e5af7fdae927eb00281e
2026-09-16T15:57:53Z	10383162	ba1afe13-acb7-44b6-94d8-f7ad45a866a7	Alarm & Accessories - Embedded SDE , Ring	US, CA, Sunnyvale	Sunnyvale	CA	USA	April 3, 2026		Software Development	alexa-and-amazon-devices	label=team-ring-key-blink		not_identified	preferred_only	none	networking,security_identity,embedded_systems,application_backend,operations_observability	https://www.amazon.jobs/en/jobs/10383162/alarm-accessories-embedded-sde-ring	f62a15a5edf2cc2632f00713e4b2bb345b787a31651e294cedcbee4fa3de3703
2026-09-16T15:57:53Z	10383449	53c091ca-b639-42fd-a5e2-2687c9e16eaf	Software Development Engineer II, Amazon Leo	US, WA, Redmond	Redmond	WA	USA	April 3, 2026		Software Development	alexa-and-amazon-devices	label=team-ring-key-blink		not_identified	preferred_only	none	cloud_infrastructure,networking,operations_observability	https://www.amazon.jobs/en/jobs/10383449/software-development-engineer-ii-amazon-leo	af9de567f10b43ee4d1f667927029b44b7f41d2600001ed7f8b4f80d57a615fc
2026-09-16T15:57:53Z	10385470	2183e321-cabc-4ed1-8a1a-08d736d57555	Senior Software Engineer - SoC DevOps, MLA-MI - Annapurna Labs	US, TX, Austin	Austin	TX	USA	April 7, 2026		Software Development	aws	label=team-machine-learning-primary		not_identified	preferred_only	none	machine_learning,cloud_infrastructure,networking,security_identity,embedded_systems,operations_observability	https://www.amazon.jobs/en/jobs/10385470/senior-software-engineer-soc-devops-mla-mi-annapurna-labs	95a7bebdcb29a84faf0b867744c60f31b42d38782c2c023e74fc2462007906e5
2026-09-16T15:57:53Z	10385820	c507dcdb-3603-4f44-8cde-badb8a10ec4b	Software Dev Engineer II (SDE2), Amazon Connect	US, CA, Santa Clara	Santa Clara	CA	USA	April 8, 2026		Software Development	aws	label=team-sde-primary		not_identified	preferred_only	none	machine_learning,cloud_infrastructure,database_search,application_backend	https://www.amazon.jobs/en/jobs/10385820/software-dev-engineer-ii-sde2-amazon-connect	cf5947bde3b63163c6330136f277f7ea78c3542ed170846e097d046a06910066
2026-09-16T15:57:53Z	10385944	bf268943-4af9-424d-be0a-b9b9939c25d9	Software Development Engineer, Aurora Control Plane	US, WA, Seattle	Seattle	WA	USA	April 8, 2026		Software Development	aws	label=team-sde-primary		not_identified	basic_qualifications	none	distributed_systems,cloud_infrastructure,database_search,embedded_systems,application_backend	https://www.amazon.jobs/en/jobs/10385944/software-development-engineer-aurora-control-plane	cd77194a2cdc9329733074eb318023183cae32acbcc51acf3551f5b293bc60ec
2026-09-16T15:57:53Z	10386314	472f59df-4ab3-4ffc-b7eb-fff81e58c899	Software Development Engineer II, Devices Sales & Customer Experience	MX, DIF, Mexico City	Mexico City	DIF	MEX	April 8, 2026		Software Development	alexa-and-amazon-devices	label=devices-and-services-teams		not_identified	preferred_only	none	distributed_systems,cloud_infrastructure	https://www.amazon.jobs/en/jobs/10386314/software-development-engineer-ii-devices-sales-customer-experience	e002697be773e526a36fc9c9b829493e895d7ffb92963c103a980d31ffd05b83
2026-09-16T15:57:53Z	10386342	adb1d596-2170-4461-bae5-2cfbe924e9ac	Software Development Engineer, AWS	US, WA, Seattle	Seattle	WA	USA	April 8, 2026		Software Development	aws	label=team-aws-sdm		not_identified	basic_qualifications	mention_only	compiler_mention,machine_learning,distributed_systems,cloud_infrastructure,networking,security_identity,embedded_systems,graphics_media,application_backend,operations_observability	https://www.amazon.jobs/en/jobs/10386342/software-development-engineer-aws	7926cc9f8f63f1f570c004f4dcf19110f8097cbfd30b7b7dd062812a7fc170b8
2026-09-16T15:57:53Z	10386549	4a264645-dfde-484f-bcc7-8021ddc7171a	Software Development Engineer II, AWS DynamoDB	US, WA, Seattle	Seattle	WA	USA	April 8, 2026		Software Development	aws	label=team-sde-primary		not_identified	preferred_only	none	distributed_systems,cloud_infrastructure,networking,database_search,application_backend	https://www.amazon.jobs/en/jobs/10386549/software-development-engineer-ii-aws-dynamodb	facc35c6f16678334bba13f9f058c1724730560121ec401802ec9329431398f9
2026-09-16T15:57:53Z	10386614	2dc50da4-96d8-4819-9c7d-49a077b83e80	Senior Software Engineer, Fauna	US, NY, New York	New York	NY	USA	April 8, 2026		Software Development	subsidiaries	label=team-amazon-robotics		not_identified	basic_qualifications	none	machine_learning,distributed_systems	https://www.amazon.jobs/en/jobs/10386614/senior-software-engineer-fauna	81853114c0b3721b806f98b0a14c3c0a4cdc4e9ae81228cff79ad25d052c537d
2026-09-16T15:57:53Z	10386857	741dc21a-3363-4e63-9555-f90219c7fd70	Software Engineer	AU, NSW, Sydney	Sydney	NSW	AUS	April 9, 2026		Software Development	aws	label=team-sde-primary		not_identified	basic_qualifications	none	distributed_systems,cloud_infrastructure,networking,database_search,security_identity,frontend_mobile,application_backend	https://www.amazon.jobs/en/jobs/10386857/software-engineer	7390f4b476f791d71f7343d9d098dca3cc4ccb394211fb8e70357daf49bec7a9
2026-09-16T15:57:53Z	10386987	1ff6f8fe-41a8-404e-bfe5-d58d7bf78f7e	2026 Graduate Software Dev Engineer	IL, Haifa	Haifa		ISR	April 9, 2026		Software Development	studentprograms	label=team-jobs-for-grads		not_identified	basic_qualifications	none	distributed_systems,cloud_infrastructure,database_search,frontend_mobile,application_backend,operations_observability	https://www.amazon.jobs/en/jobs/10386987/2026-graduate-software-dev-engineer	139eabd4023168d25c7bee3e027bad70f56bd5ac15709314b8a6b480583c281f
2026-09-16T15:57:53Z	10387369	b007e0ac-83ea-429a-a120-d16ed317064a	Sr. Software Development Engineer - AWS Networking Application, SIDR	US, CA, Santa Clara	Santa Clara	CA	USA	April 9, 2026		Software Development	aws	label=team-sde-primary		not_identified	preferred_only	none	cloud_infrastructure,networking,database_search,security_identity,frontend_mobile,application_backend	https://www.amazon.jobs/en/jobs/10387369/sr-software-development-engineer-aws-networking-application-sidr	4b948cd4ec9195b2f603fdb5d40988ef34917f38ad8fcd2237cc92c3d609d86e
2026-09-16T15:57:53Z	10387371	b8450cb1-4745-44be-bb3b-7591ecfc15d2	Software Development Engineer II - AWS Networking Applications, SIDR	US, CA, Santa Clara	Santa Clara	CA	USA	April 9, 2026		Software Development	aws	label=team-sde-primary		not_identified	preferred_only	none	cloud_infrastructure,networking,frontend_mobile,application_backend	https://www.amazon.jobs/en/jobs/10387371/software-development-engineer-ii-aws-networking-applications-sidr	e4d34d40e8bdf86b1ff7905ad09c2282181d1257ecad5ecc5bcd5f9f5e3e2d03
2026-09-16T15:57:53Z	10388015	113fb1eb-8239-4feb-ab78-82cd9a934435	Neuron Runtime Software Development Engineer , Neuron Runtime	US, WA, Seattle	Seattle	WA	USA	April 10, 2026		Software Development	aws	label=team-aws-cloud-management		not_identified	preferred_only	mention_only	compiler_mention,machine_learning,distributed_systems,cloud_infrastructure,operations_observability	https://www.amazon.jobs/en/jobs/10388015/neuron-runtime-software-development-engineer-neuron-runtime	3174ead62e703328f0dd3398aaeac8bb2b6633771eeab8517bf501ce06c6bcba
2026-09-16T15:57:53Z	10389024	f0f7b011-49d4-4f02-b765-07f2909d5452	Sr. Software Development Engineer, AI Gen Creative Building	US, NY, New York	New York	NY	USA	April 10, 2026		Software Development	advertising	label=team-amazon-ads		not_identified	preferred_only	none	machine_learning,cloud_infrastructure,database_search,security_identity,frontend_mobile,application_backend	https://www.amazon.jobs/en/jobs/10389024/sr-software-development-engineer-ai-gen-creative-building	6556dd10ce9c4efbabf205c9f761d8107482b25de3fcff71d0e0a764e46bfbba
2026-09-16T15:57:53Z	10389684	9e7d1cb3-f69d-42e1-8cb3-311e94d61dbb	Software Development Engineer, Finance Technology	BR, SP, Sao Paulo	Sao Paulo	SP	BRA	April 13, 2026		Software Development	finance	label=team-fintech		not_identified	not_stated	none	cloud_infrastructure,networking,database_search,frontend_mobile,application_backend	https://www.amazon.jobs/en/jobs/10389684/software-development-engineer-finance-technology	c30441db8cb32872a19961b1a3afd1943267350849abe07b2566f13d61e7377c
2026-09-16T15:57:53Z	10390241	a35319e9-9dc1-4209-bfac-4bad0e1ace5b	Senior SDE, S3 Request Processing	US, VA, Arlington	Arlington	VA	USA	April 13, 2026		Software Development	aws	label=team-sde-primary		not_identified	preferred_only	none	machine_learning,cloud_infrastructure,application_backend	https://www.amazon.jobs/en/jobs/10390241/senior-sde-s3-request-processing	7ab284678967c099fb9346cf52b2fc99151921ecdde696d5070f1de46fe8d55d
2026-09-16T15:57:53Z	10391331	4fd81bc7-38a6-44a9-a53d-9ba6c3a7cf4d	Alarm & Accessories - Embedded SDE , Ring	US, CA, Sunnyvale	Sunnyvale	CA	USA	April 14, 2026		Software Development	alexa-and-amazon-devices	label=team-ring-key-blink		not_identified	preferred_only	none	networking,security_identity,embedded_systems,application_backend,operations_observability	https://www.amazon.jobs/en/jobs/10391331/alarm-accessories-embedded-sde-ring	bc89f861dd78d2debb96fa7aec461da767178d66fe187c216c1d762e512a4273
2026-09-16T15:57:53Z	10391434	8a233cd7-9a1e-44a8-87a3-1ce91b9ccc2c	Software Dev Engineer, EC2 Nitro	US, WA, Seattle	Seattle	WA	USA	April 14, 2026		Software Development	aws	label=team-sde-primary		not_identified	preferred_only	none	cloud_infrastructure,networking,security_identity,embedded_systems,operations_observability	https://www.amazon.jobs/en/jobs/10391434/software-dev-engineer-ec2-nitro	1979756e38338be6cd8e000e0d4eed4d4bf7a03c3d5ab0a209814e5e568c365e
2026-09-16T15:57:53Z	10392164	c87e7923-6d96-4983-b399-2871dba6f5de	Software Development Engineer, AWS Marketplace	US, WA, Seattle	Seattle	WA	USA	April 14, 2026		Software Development	aws	label=team-sde-primary		not_identified	basic_qualifications	none	machine_learning,distributed_systems,cloud_infrastructure,embedded_systems,frontend_mobile,application_backend	https://www.amazon.jobs/en/jobs/10392164/software-development-engineer-aws-marketplace	8c2f8631b66df96d1cc452c79634cd9fba43c8d3a45d01f4549164ad35d8d0d5
2026-09-16T15:57:53Z	10392289	37e78cd1-8cdf-4945-9d80-5c9746e69726	Software Development Engineer, Frontier Outposts, Edge Services Team	CA, BC, Vancouver	Vancouver	BC	CAN	April 15, 2026		Software Development	aws	label=team-sde-primary		not_identified	preferred_only	none	cloud_infrastructure,networking,embedded_systems,operations_observability	https://www.amazon.jobs/en/jobs/10392289/software-development-engineer-frontier-outposts-edge-services-team	ede6c99a89fa5e1060215030956cd7f2bb7239dd76404f23d7809153fab2d15f
2026-09-16T15:57:53Z	10394041	bce04fb6-b28d-4f41-9bfc-e3a419d6a81d	Senior Software Development Engineer, AWS EC2 Hyperplane	US, CA, Santa Clara	Santa Clara	CA	USA	April 16, 2026		Software Development	aws	label=team-sde-primary		not_identified	preferred_only	none	distributed_systems,cloud_infrastructure,networking,database_search,security_identity,operations_observability	https://www.amazon.jobs/en/jobs/10394041/senior-software-development-engineer-aws-ec2-hyperplane	9d7577dbf1e479d211d41b15fb89e79364337b7c29a3a853db7d2b5f07e7470c
2026-09-16T15:57:53Z	10394264	40502fbe-1b51-4d89-a7ec-79e8c4f9cd93	Sr. SDE - CPLD / FPGA	US, CA, Cupertino	Cupertino	CA	USA	April 16, 2026		Software Development	aws	label=team-sde-primary		not_identified	basic_qualifications	none	cloud_infrastructure,networking,security_identity,embedded_systems,application_backend,operations_observability	https://www.amazon.jobs/en/jobs/10394264/sr-sde-cpld-fpga	24ff3b853cee4f860899e851fc02886f286ec04fbe347d1cead3986bafefce44
2026-09-16T15:57:53Z	10394820	04b0c5c4-bce6-4dd5-925f-6454293a3ade	Software Development Engineer III - Amazon Robotics, Autonomous Mobility, Motion	US, MA, North Reading	North Reading	MA	USA	April 17, 2026		Software Development	subsidiaries	label=team-amazon-robotics		not_identified	preferred_only	none	machine_learning,cloud_infrastructure,networking,embedded_systems,frontend_mobile	https://www.amazon.jobs/en/jobs/10394820/software-development-engineer-iii-amazon-robotics-autonomous-mobility-motion	6f311e0ca7ececb93fe0d4fd8dfb70e51f31b05ce2a17ace430b68e5687604a7
2026-09-16T15:57:53Z	10396356	14f086c3-dbdc-418b-9771-b6c91a6d13a7	Senior Software Development Engineer, Elastic Block Storage, Server Durability Engine	IL, Tel Aviv	Tel Aviv		ISR	April 20, 2026		Software Development	aws	label=team-sde-primary		not_identified	preferred_only	none	machine_learning,cloud_infrastructure,database_search,application_backend	https://www.amazon.jobs/en/jobs/10396356/senior-software-development-engineer-elastic-block-storage-server-durability-engine	d16c9a9e2e5395c0a5929076aaf47dfc38d382b8056c7305b948858ff43b67e6
2026-09-16T15:57:53Z	10396449	07a03262-31a5-46a8-947c-6957dc3d249f	Embedded Software Engineer, EC2 Nitro Networking , EC2 Nitro Networking	US, WA, Seattle	Seattle	WA	USA	April 20, 2026		Software Development	aws	label=team-sde-primary		not_identified	basic_qualifications	none	machine_learning,cloud_infrastructure,networking,embedded_systems,graphics_media	https://www.amazon.jobs/en/jobs/10396449/embedded-software-engineer-ec2-nitro-networking-ec2-nitro-networking	2b78b388b0e5efc7389336e888802be9a85ad89e79c55db11691e0ee22df98e5
2026-09-16T15:57:53Z	10396509	8b5bbdfe-86a9-4275-ae53-616b6f73ecf4	Software Development Engineer, AWS Central SDE Team	US, WA, Seattle	Seattle	WA	USA	April 20, 2026		Software Development	aws	label=team-aws-sdm		not_identified	basic_qualifications	mention_only	compiler_mention,machine_learning,distributed_systems,cloud_infrastructure,networking,security_identity,embedded_systems,graphics_media,application_backend,operations_observability	https://www.amazon.jobs/en/jobs/10396509/software-development-engineer-aws-central-sde-team	465d918cab024604a4312d71c938c666747c2c25d25d91dac420a082beb93c07
2026-09-16T15:57:53Z	10396790	4cb77df2-4806-48ee-8087-6cd6f5dede6e	Sr. SDE, EC2 Nitro Networking	US, WA, Seattle	Seattle	WA	USA	April 20, 2026		Software Development	aws	label=team-sde-primary		not_identified	basic_qualifications	none	machine_learning,cloud_infrastructure,networking,embedded_systems,graphics_media	https://www.amazon.jobs/en/jobs/10396790/sr-sde-ec2-nitro-networking	11720e9c5df29c601a0ce38a68afca36c1c45776edf3339903244c2d7d476101
2026-09-16T15:57:53Z	10396837	617680be-e4eb-4ddc-8aee-b3d473a226d0	Senior Software Development Engineer, EC2 Nitro	US, WA, Seattle	Seattle	WA	USA	April 20, 2026		Software Development	aws	label=team-sde-primary		not_identified	preferred_only	none	machine_learning,cloud_infrastructure,networking,security_identity,embedded_systems	https://www.amazon.jobs/en/jobs/10396837/senior-software-development-engineer-ec2-nitro	dde0fe506fd606f5fc127cf3c400982a996991383e4871e4edce905d8396afd5
2026-09-16T15:57:53Z	10396838	1357a45e-8300-42ce-a347-75cfe227e8d8	Sr. Software Development Engineer, Nitro SSD	US, CA, Cupertino	Cupertino	CA	USA	April 20, 2026		Software Development	aws	label=team-sde-primary		not_identified	basic_qualifications	none	cloud_infrastructure,database_search,embedded_systems,application_backend	https://www.amazon.jobs/en/jobs/10396838/sr-software-development-engineer-nitro-ssd	13e37f9c7fd0f5e0d3d27d16a91dc522ea5cdb9b6f962c6b2bedc13d0d53d54c
2026-09-16T15:57:53Z	10396839	c7a463ae-2070-4b86-809d-1b4c1e92d401	Software Dev Engineer, AWS Hardware Engineering	US, WA, Seattle	Seattle	WA	USA	April 20, 2026		Software Development	aws	label=team-sde-primary		not_identified	basic_qualifications	none	distributed_systems,cloud_infrastructure,database_search,security_identity,embedded_systems,application_backend,operations_observability	https://www.amazon.jobs/en/jobs/10396839/software-dev-engineer-aws-hardware-engineering	a53eebf51e4f32958b1cff5011adf0ec34641d0d7edc804327567ff7aea0b0c8
2026-09-16T15:57:53Z	10396841	2bc1a286-d04f-46ba-929a-02fb2e78d0d4	Software Dev Engineer, AWS Hardware Engineering	US, WA, Seattle	Seattle	WA	USA	April 20, 2026		Software Development	aws	label=team-sde-primary		not_identified	basic_qualifications	none	distributed_systems,cloud_infrastructure,database_search,security_identity,embedded_systems,application_backend,operations_observability	https://www.amazon.jobs/en/jobs/10396841/software-dev-engineer-aws-hardware-engineering	58d409cd3ecc4bbf32f78d16d04765bf8b6b7eb34d1341272f3fe6fe86e72d3e
2026-09-16T15:57:53Z	10397120	b013ac22-70a1-4156-ade3-e441c83374a4	Software Dev Engineer, Command and Data Handling (CDH), Amazon LEO	US, WA, Redmond	Redmond	WA	USA	April 20, 2026		Software Development	alexa-and-amazon-devices	label=team-project-kuiper		not_identified	basic_qualifications	none	distributed_systems,cloud_infrastructure,embedded_systems	https://www.amazon.jobs/en/jobs/10397120/software-dev-engineer-command-and-data-handling-cdh-amazon-leo	d239477e65227d191b16eec1d4f8d44abc0e9a563b71e460227b732d1a4c4f79
2026-09-16T15:57:53Z	10398448	65431a6d-a9a5-440c-96b7-e8725057171f	Software Dev Engineer II, AWS Transactional Services (Database & Distributed Systems), Transactional Services	US, WA, Seattle	Seattle	WA	USA	April 21, 2026		Software Development	aws	label=team-sde-primary		not_identified	basic_qualifications	none	distributed_systems,cloud_infrastructure,networking,database_search,security_identity,embedded_systems,application_backend,operations_observability	https://www.amazon.jobs/en/jobs/10398448/software-dev-engineer-ii-aws-transactional-services-database-distributed-systems-transactional-services	bd0ebb7733689e94223ea66a026e47001c00d240a5b3a8edddd5e0741e6513ee
2026-09-16T15:57:53Z	10398526	b82e96e6-3fb3-4a9f-a6df-60117dfb5902	Software Development Engineer, Open Data Analytics Fundamentals Team	US, WA, Redmond	Redmond	WA	USA	April 21, 2026		Software Development	aws	label=team-sde-primary		not_identified	basic_qualifications	none	distributed_systems,cloud_infrastructure,security_identity,application_backend,operations_observability	https://www.amazon.jobs/en/jobs/10398526/software-development-engineer-open-data-analytics-fundamentals-team	b46f54c5c6293919dd3419dc47a8870eae76afed8054e001c949c996de2dcde0
2026-09-16T15:57:53Z	10398787	591f8656-dbd0-4e15-b607-cbc019c78874	Senior Software Development Engineer, Aurora PostgreSQL	US, WA, Redmond	Redmond	WA	USA	April 21, 2026		Software Development	aws	label=team-sde-primary		not_identified	basic_qualifications	none	distributed_systems,cloud_infrastructure,database_search,security_identity,application_backend	https://www.amazon.jobs/en/jobs/10398787/senior-software-development-engineer-aurora-postgresql	f9101f6e5594e96de10334974d2328a8ec3036513950fe73478f46d5562f6625
2026-09-16T15:57:53Z	10399541	65e3eb43-f3dc-497d-8d85-c3434b517071	Software Development Engineer, Last Mile Delivery	US, WA, Bellevue	Bellevue	WA	USA	April 22, 2026		Software Development	fulfillment-and-operations	label=team-last-mile-delivery		not_identified	preferred_only	none	machine_learning,cloud_infrastructure,networking	https://www.amazon.jobs/en/jobs/10399541/software-development-engineer-last-mile-delivery	ea0386ea212cf832cba1eeee9ab52374911a41064532715bb3095ece1c88cd90
2026-09-16T15:57:53Z	10399725	feae4e5f-6e8e-4aa7-876f-62b5a7cc3a65	Software Engineer II, Analytics Amazon Dedicated Cloud (ADC)	US, CO, Denver	Denver	CO	USA	April 22, 2026		Software Development	aws	label=team-government-cloud		not_identified	basic_qualifications	none	distributed_systems,cloud_infrastructure,networking,database_search,security_identity,application_backend	https://www.amazon.jobs/en/jobs/10399725/software-engineer-ii-analytics-amazon-dedicated-cloud-adc	5194dc63af0c9bcad3b4476b36d0849cfc9e7bdbc0d2c74b6b14119fe01ce970
2026-09-16T15:57:53Z	10400003	ddaa7baa-aca0-4fd4-85fa-653a484fd5ed	Embedded Software Engineer, EC2 VPC networking , EC2 VPC	US, CA, San Diego	San Diego	CA	USA	April 22, 2026		Software Development	aws	label=team-sde-primary		not_identified	preferred_only	none	cloud_infrastructure,networking,security_identity,embedded_systems,application_backend,operations_observability	https://www.amazon.jobs/en/jobs/10400003/embedded-software-engineer-ec2-vpc-networking-ec2-vpc	c8e26158b2e5bf273736fe181d1589e6a40c9321ccce0046c9e9156d1121ac44
2026-09-16T15:57:53Z	10400620	b1ede8e7-dda2-41bb-962b-c9e524ef012f	Software Dev Engineer II, Ship Tech | Labeling	IN, TS, Hyderabad	Hyderabad	TS	IND	April 23, 2026		Software Development	transportation-and-logistics	label=team-ats-tech		not_identified	preferred_only	none	distributed_systems,database_search	https://www.amazon.jobs/en/jobs/10400620/software-dev-engineer-ii-ship-tech-labeling	71e3f370040d015d99e6018e80a278a9f7fee0a5a62cdbc1f6d4cdf1df37d92c
2026-09-16T15:57:53Z	10400789	3a33ba2c-70e7-43c0-a1ef-8fc766389be7	Sr. Software Development Engineer, Alexa Smart Properties	IN, KA, Bengaluru	Bengaluru	KA	IND	April 23, 2026		Software Development	alexa-and-amazon-devices	label=team-smart-home		not_identified	preferred_only	none	machine_learning,distributed_systems,operations_observability	https://www.amazon.jobs/en/jobs/10400789/sr-software-development-engineer-alexa-smart-properties	d187186f4efc6af5284f7a5d5c55d050c85bb55e81b76b93bd9f9b6a5517c3da
2026-09-16T15:57:53Z	10400969	764a9f53-b01e-443e-b087-2fcf3c243a99	Software Development Engineer, Amazon Aurora DSQL	US, WA, Seattle	Seattle	WA	USA	April 23, 2026		Software Development	aws	label=team-sde-primary		not_identified	basic_qualifications	none	distributed_systems,cloud_infrastructure,database_search,embedded_systems,application_backend	https://www.amazon.jobs/en/jobs/10400969/software-development-engineer-amazon-aurora-dsql	236d4d1d902d9749ef2ce1f982ed6222c8e4913bc1d9a65fba94494fd9a0c376
2026-09-16T15:57:53Z	10401491	95d7a6a6-bd42-4efd-be4d-f7b16fb711ce	Senior Software Development Engineer	US, MA, N.reading	N.reading	MA	USA	April 23, 2026		Software Development	subsidiaries	label=team-amazon-robotics		not_identified	basic_qualifications	none	machine_learning,cloud_infrastructure	https://www.amazon.jobs/en/jobs/10401491/senior-software-development-engineer	4b3316bf37bc9ca50c19313aef50ffac90cd5cbb7c096d9d626f2a1b71cbd39d
2026-09-16T15:57:53Z	10401988	857c6116-2418-49ee-a8b7-eaf5b44ed509	Sr. Software Development Engineer, AWS Discounts	US, WA, Seattle	Seattle	WA	USA	April 23, 2026		Software Development	aws	label=team-sde-primary		not_identified	preferred_only	none	distributed_systems,cloud_infrastructure	https://www.amazon.jobs/en/jobs/10401988/sr-software-development-engineer-aws-discounts	d5443fc72b966de6ca9a8b6b01e93eb635cc71d9c3c5c4622fe67abc488ebacd
2026-09-16T15:57:53Z	10401990	c4956aa5-fa71-43cb-9c0c-2f737a12bc75	Sr. Software Development Engineer	US, NY, New York	New York	NY	USA	April 23, 2026		Software Development	aws	label=team-sde-primary		not_identified	preferred_only	none	distributed_systems,cloud_infrastructure,database_search,frontend_mobile	https://www.amazon.jobs/en/jobs/10401990/sr-software-development-engineer	ed1fe655662d78b85c18c1bc3348aa3dea85ae23bfb8d2853e5fd63b79c7674b
2026-09-16T15:57:53Z	10401991	7391f610-85d9-4ade-8276-b30e8a1aea4f	Sr. Software Development Engineer, AWS Commerce Platform	US, VA, Arlington	Arlington	VA	USA	April 23, 2026		Software Development	aws	label=team-sde-primary		not_identified	preferred_only	none	distributed_systems,cloud_infrastructure,database_search,security_identity,application_backend	https://www.amazon.jobs/en/jobs/10401991/sr-software-development-engineer-aws-commerce-platform	f3ae8b5c4809f8eb1262f1b10c80ffef585d5762a9d861553472bf3b673b3e14
2026-09-16T15:57:53Z	10402104	5cff3b18-0e8a-4bcc-95ad-fef1d787f10d	Software Development Engineer, Elastic Load Balancing (ELB)	US, WA, Seattle	Seattle	WA	USA	April 23, 2026		Software Development	aws	label=team-sde-primary		not_identified	preferred_only	none	distributed_systems,cloud_infrastructure,networking,database_search,security_identity,operations_observability	https://www.amazon.jobs/en/jobs/10402104/software-development-engineer-elastic-load-balancing-elb	7c04fad00f737b8fd8f9118745a052f7131040c59c1bbe00f1eafba54c5624c2
2026-09-16T15:57:53Z	10402843	5130180a-c17e-4148-a3ed-7a1a7ed5e9c8	Software Dev Engineer II, EC2 Nitro, EC2 Nitro	US, WA, Seattle	Seattle	WA	USA	April 24, 2026		Software Development	aws	label=team-sde-primary		not_identified	basic_qualifications	none	machine_learning,distributed_systems,cloud_infrastructure,embedded_systems,application_backend	https://www.amazon.jobs/en/jobs/10402843/software-dev-engineer-ii-ec2-nitro-ec2-nitro	21e2b308d0850cdae89777a2afb6663cac4aaf3997210cea66df68489c02607e
2026-09-16T15:57:53Z	10403086	eba098b5-896a-4c22-84a8-c1faf2a8c759	Software Dev Engineer II, EBS Placement	US, WA, Seattle	Seattle	WA	USA	April 24, 2026		Software Development	aws	label=team-sde-primary		not_identified	preferred_only	none	distributed_systems,cloud_infrastructure,database_search	https://www.amazon.jobs/en/jobs/10403086/software-dev-engineer-ii-ebs-placement	dbc7d8e0a3e6cf9c50ab892092e0fda568f437cd242fe380b5da0fb822edc888
2026-09-16T15:57:53Z	10403119	7212f439-859c-4e22-9084-9152670e2155	Software Development Engineer II, Aurora Control Plane Developer Experience	IE, D, Dublin	Dublin	D	IRL	April 24, 2026		Software Development	aws	label=team-sde-primary		not_identified	preferred_only	none	distributed_systems,cloud_infrastructure,database_search,security_identity,application_backend	https://www.amazon.jobs/en/jobs/10403119/software-development-engineer-ii-aurora-control-plane-developer-experience	2785788125676b7752090717fce0cb40add4c3814e089cf99fdedfbf6c914560
2026-09-16T15:57:53Z	10403157	30e69dad-591f-4bfc-8104-38d897d003e4	Sr Software Engineer (SDE-III), Core Search	US, CA, Palo Alto	Palo Alto	CA	USA	April 24, 2026		Software Development	retail	label=team-search-experience		not_identified	basic_qualifications	none	machine_learning,distributed_systems,cloud_infrastructure,database_search,graphics_media	https://www.amazon.jobs/en/jobs/10403157/sr-software-engineer-sde-iii-core-search	4f384ccc7578cc03783121be3fd935aee7b21d8390a0cab8c3ac523af2b858b0
2026-09-16T15:57:53Z	10403271	8c4a9a3d-9718-48a8-8d5f-e3e610befa8d	Software Dev Engineer, Amazon Aurora DSQL	US, WA, Seattle	Seattle	WA	USA	April 24, 2026		Software Development	aws	label=team-sde-primary		not_identified	preferred_only	none	distributed_systems,cloud_infrastructure,database_search,security_identity,graphics_media,application_backend	https://www.amazon.jobs/en/jobs/10403271/software-dev-engineer-amazon-aurora-dsql	af34be792ee0f1884bfd25c31a04c4efbaf4bad5802b99ae22e6c42bf678954b
2026-09-16T15:57:53Z	10403272	5e2d7eb7-314f-4c89-83ee-3e3c24c8baf4	Senior Software Dev Engineer, Amazon Aurora DSQL	US, WA, Seattle	Seattle	WA	USA	April 24, 2026		Software Development	aws	label=team-sde-primary		not_identified	preferred_only	none	distributed_systems,cloud_infrastructure,database_search,security_identity,graphics_media,application_backend	https://www.amazon.jobs/en/jobs/10403272/senior-software-dev-engineer-amazon-aurora-dsql	776eb0e6dbc515d50428facc7e64a66b820694e36074169812ad2cc714c92fc2
2026-09-16T15:57:53Z	10403400	c6e5a92d-5781-4ae9-886b-3d7bcb682d6a	Principal Software Engineer, Delivery Experience (DEX)	IN, TS, Hyderabad	Hyderabad	TS	IND	April 25, 2026		Software Development	kindlecontent	label=team-no-team-listed		not_identified	preferred_only	none	distributed_systems,cloud_infrastructure,networking,database_search,frontend_mobile,application_backend	https://www.amazon.jobs/en/jobs/10403400/principal-software-engineer-delivery-experience-dex	177f3bc356e28f48f8a1e5a4753c618613628a646968c139c2c94b0dbcb6b0e7
2026-09-16T15:57:53Z	10403403	2fd6c099-0966-4343-aafc-ce3955dc4e3a	Software Development Engineer II, Amazon	IN, TS, Hyderabad	Hyderabad	TS	IND	April 25, 2026		Software Development	finance	label=team-fintech		not_identified	not_stated	none	machine_learning,cloud_infrastructure,security_identity,application_backend	https://www.amazon.jobs/en/jobs/10403403/software-development-engineer-ii-amazon	ccdde6fe6c07c2d4d1823265649ca486de1225555d706d80302defffdf1fff2d
2026-09-16T15:57:53Z	10404153	f2668dbe-ed7b-4bfc-bfb5-4e14760392b6	Embedded SDE II, Prime Air	US, WA, Seattle	Seattle	WA	USA	April 27, 2026		Software Development	retail	label=team-global-prime-air		not_identified	preferred_only	none	embedded_systems	https://www.amazon.jobs/en/jobs/10404153/embedded-sde-ii-prime-air	7d1457d578d472bc38aa35b75d174c62278db277ec8f5a1a925ca7e0bb9b526b
2026-09-16T15:57:53Z	10404154	2f4419f0-450e-4829-9f7d-8f115c6e5ca6	Embedded SDE II, Prime Air	US, WA, Seattle	Seattle	WA	USA	April 27, 2026		Software Development	retail	label=team-global-prime-air		not_identified	preferred_only	none	embedded_systems	https://www.amazon.jobs/en/jobs/10404154/embedded-sde-ii-prime-air	e32a1970c9a9ebb1773dde522a53a02b9e4b48f130d1dd7744ebab80185fdc8b
2026-09-16T15:57:53Z	10404238	7a7ea4a3-0c86-443b-a667-7a8a3219bab5	Sr. Software Dev Engineer, Amazon Leo Customer Terminals	US, WA, Redmond	Redmond	WA	USA	April 27, 2026		Software Development	alexa-and-amazon-devices	label=team-project-kuiper		not_identified	not_stated	none	distributed_systems,cloud_infrastructure,networking,security_identity,embedded_systems,operations_observability	https://www.amazon.jobs/en/jobs/10404238/sr-software-dev-engineer-amazon-leo-customer-terminals	9405c96fb469407db87383edc6f003b0e115fd3a44e4210d901c6b0cf0652809
2026-09-16T15:57:53Z	10404239	87aca0a8-44a8-4396-801a-2fca18ed5039	Software Development Engineer, Amazon Shopping	US, WA, Seattle	Seattle	WA	USA	April 27, 2026		Software Development	retail	label=team-search-experience		not_identified	basic_qualifications	none	machine_learning,distributed_systems,database_search,embedded_systems,frontend_mobile,graphics_media,application_backend	https://www.amazon.jobs/en/jobs/10404239/software-development-engineer-amazon-shopping	b7f8058514127113103578af4e7b0cdb62e9efeaa66138c0274e4653bb4e68c4
2026-09-16T15:57:53Z	10404387	c8525cc6-e949-49f3-9c25-ec344f14c2bd	Sr. Software Development Engineer, Amazon Shopping (Rufus)	US, WA, Seattle	Seattle	WA	USA	April 27, 2026		Software Development	retail	label=team-search-experience		not_identified	not_stated	none	machine_learning,distributed_systems,database_search,frontend_mobile,graphics_media,application_backend	https://www.amazon.jobs/en/jobs/10404387/sr-software-development-engineer-amazon-shopping-rufus	d90326a7eefa96181f1f99f25824f571c772f95b82bae1b79e371b32e5c5a993
2026-09-16T15:57:53Z	10404562	6af3f8d0-1c4e-409e-ac26-276815da0b77	Software Development Engineer II, GIS	BR, MG, Belo Horizonte	Belo Horizonte	MG	BRA	April 27, 2026		Software Development	retail	label=team-intech		not_identified	preferred_only	none	distributed_systems,database_search	https://www.amazon.jobs/en/jobs/10404562/software-development-engineer-ii-gis	42c05bc0da3b9faadc22e3a0be5693d426943692af87ac500c00aedba141a848
2026-09-16T15:57:53Z	10404781	33111604-62d6-40a5-8907-e1f07ff18685	Software Development Engineer, S3 Glacier	US, WA, Seattle	Seattle	WA	USA	April 28, 2026		Software Development	aws	label=team-sde-primary		not_identified	basic_qualifications	none	distributed_systems,cloud_infrastructure,database_search,embedded_systems,application_backend	https://www.amazon.jobs/en/jobs/10404781/software-development-engineer-s3-glacier	9e439e539fb5d5d137ded0eb78af766cb7b622b6cbb644a33873303dd6daedca
2026-09-16T15:57:53Z	10405484	f88e5492-02d1-4627-b843-c673fd6d0f50	Software Dev Engineer, LATECH (Latin America/APAC)	BR, MG, Belo Horizonte	Belo Horizonte	MG	BRA	April 28, 2026		Software Development	retail	label=team-es-jobs		not_identified	preferred_only	none	distributed_systems,database_search	https://www.amazon.jobs/en/jobs/10405484/software-dev-engineer-latech-latin-america-apac	a59aaf719e49f224b18f71628cf19065d2d1983aad3b5d41ee3ccb86f93a09b0
2026-09-16T15:57:53Z	10405518	b97b3321-1c35-4d18-b3be-66a1352e374f	Software Development Engineer, Alexa Customers & Technology	IN, KA, Bengaluru	Bengaluru	KA	IND	April 28, 2026		Software Development	alexa-and-amazon-devices	label=devices-and-services-teams		not_identified	basic_qualifications	none	machine_learning,embedded_systems,frontend_mobile,application_backend	https://www.amazon.jobs/en/jobs/10405518/software-development-engineer-alexa-customers-technology	604a216a85e71284a1f58f67df4c67246cd7a324ebd8b858c39061cd5df96593
2026-09-16T15:57:53Z	10405621	028ebf52-b6a4-4776-abd1-31a7e333c476	Senior Software Developer Engineer, AWS Compliance & Security Assurance	US, VA, Herndon	Herndon	VA	USA	April 28, 2026		Software Development	amazon-security	label=team-aws-security		not_identified	preferred_only	none	machine_learning,distributed_systems,cloud_infrastructure,security_identity,application_backend	https://www.amazon.jobs/en/jobs/10405621/senior-software-developer-engineer-aws-compliance-security-assurance	999bb8bfae8b9dabdb9aa6fe1ba5fd640b83c5ce43f189eff0fd89b056d159b1
2026-09-16T15:57:53Z	10406388	79a53db8-b367-48a8-8d30-ffeada960125	Software Development Engineer, WW Deals & Promotions	CA, BC, Vancouver	Vancouver	BC	CAN	April 29, 2026		Software Development	north-america-stores	label=promotions		not_identified	preferred_only	none	machine_learning,distributed_systems,cloud_infrastructure,security_identity,application_backend,operations_observability	https://www.amazon.jobs/en/jobs/10406388/software-development-engineer-ww-deals-promotions	9197aa3fa349b412f648a03c937827035d9176dcd7683eeb729d14bf5dca94e4
2026-09-16T15:57:53Z	10406451	7c01beac-c9a8-46cd-8ed9-0a0e87569abd	Senior Software Development Engineer, AWS CloudFront	GB, London	London		GBR	April 29, 2026		Software Development	aws	label=team-sde-primary		not_identified	preferred_only	none	cloud_infrastructure,networking,security_identity,application_backend	https://www.amazon.jobs/en/jobs/10406451/senior-software-development-engineer-aws-cloudfront	e8790323f3dc46529fb248d571b9966daf216890ecc524f1efdd3367e3c89b28
2026-09-16T15:57:53Z	10406738	09cd2d74-b17f-4da5-bd8b-4d7bcf44c322	Software Development Engineer, Aurora CP - Global Databases	US, CA, East Palo Alto	East Palo Alto	CA	USA	April 29, 2026		Software Development	aws	label=team-sde-primary		not_identified	preferred_only	none	distributed_systems,cloud_infrastructure,database_search,security_identity,application_backend	https://www.amazon.jobs/en/jobs/10406738/software-development-engineer-aurora-cp-global-databases	1da650fabecdf57477c18a7519c4dfae31a4e72cc68e9f2cb42d5a27ff1d4656
2026-09-16T15:57:53Z	10407336	6484e537-2fa5-4a4c-8b93-c46af20cb3ef	Sr. Software Development Engineer - AWS Networking Application, SIDR	US, CA, Santa Clara	Santa Clara	CA	USA	April 29, 2026		Software Development	aws	label=team-sde-primary		not_identified	preferred_only	none	cloud_infrastructure,networking,database_search,security_identity,frontend_mobile,application_backend	https://www.amazon.jobs/en/jobs/10407336/sr-software-development-engineer-aws-networking-application-sidr	30dadc573a93c07fdaee7ae485f2de0780570622a27580bd549046db9aa93b17
2026-09-16T15:57:53Z	10407357	6e5d32f0-802e-4315-be18-9dc1129aef13	Embedded Software Engineer, Amazon Leo Optical Inter-Satellite Link	US, CA, Northridge	Northridge	CA	USA	April 29, 2026		Software Development	alexa-and-amazon-devices	label=team-project-kuiper		not_identified	basic_qualifications	none	distributed_systems,cloud_infrastructure,embedded_systems	https://www.amazon.jobs/en/jobs/10407357/embedded-software-engineer-amazon-leo-optical-inter-satellite-link	62b7b43996d545a84a96ebe0f3243cefe010f2553752ac839ff5cce79cdb4bef
2026-09-16T15:57:53Z	10407388	307239c0-90d2-482f-8cca-4028803c2bf8	Software Development Engineer, Neuron Collectives, Annapurna Labs	US, CA, Cupertino	Cupertino	CA	USA	April 29, 2026		Software Development	aws	label=team-sde-primary		not_identified	basic_qualifications	none	machine_learning,distributed_systems,cloud_infrastructure,networking,embedded_systems,operations_observability	https://www.amazon.jobs/en/jobs/10407388/software-development-engineer-neuron-collectives-annapurna-labs	7b84606511569bb10b8600e180f85ef2a0e35d64e24ef07b337b88c5e1dfa637
2026-09-16T15:57:53Z	10407389	895b72c3-d2aa-4abc-bb37-21df4c28b442	Software Engineer II, Annapurna Labs ML Acceleration System Software	US, TX, Austin	Austin	TX	USA	April 29, 2026		Software Development	aws	label=team-sde-primary		not_identified	preferred_only	none	machine_learning,cloud_infrastructure,embedded_systems,application_backend,operations_observability	https://www.amazon.jobs/en/jobs/10407389/software-engineer-ii-annapurna-labs-ml-acceleration-system-software	f8702ebbf161a0b605131a19d7b1db3d1d2bceb5c331e2571af825b37964f59b
2026-09-16T15:57:53Z	10408090	f40e5fb1-5f00-4fc6-bd00-1491a042d0ec	Software Development Engineer II, Internet Edge Services	AU, NSW, Sydney	Sydney	NSW	AUS	April 30, 2026		Software Development	aws	label=team-sde-primary		not_identified	preferred_only	none	cloud_infrastructure,networking,database_search,security_identity,application_backend	https://www.amazon.jobs/en/jobs/10408090/software-development-engineer-ii-internet-edge-services	3436ddea05eb3c188121dc0be3ec1bd830338792e6092eb81d76474e48e23901
2026-09-16T15:57:53Z	10408177	bc642695-4045-47f2-b9dd-6477b8e3602d	Software Development Engineer III, Omnichannel Metrics (OCM) - Measurement, Ad Tech, and Data Science (MADS)	CA, ON, Toronto	Toronto	ON	CAN	April 30, 2026		Software Development	advertising	label=team-ad-serving-and-measurement		not_identified	preferred_only	none	machine_learning,distributed_systems,cloud_infrastructure,database_search,security_identity,graphics_media,operations_observability	https://www.amazon.jobs/en/jobs/10408177/software-development-engineer-iii-omnichannel-metrics-ocm-measurement-ad-tech-and-data-science-mads	988fb56b7a4a295c138a4c729dcc69122900f539fc960315eecae42c7ee34ca1
2026-09-16T15:57:53Z	10408213	89481f4d-825f-409a-a689-74ffd9b8e7e4	Software Development Engineer, Aurora MySQL Engine	US, CA, East Palo Alto	East Palo Alto	CA	USA	April 30, 2026		Software Development	aws	label=team-sde-primary		not_identified	basic_qualifications	none	distributed_systems,cloud_infrastructure,database_search,security_identity,embedded_systems,application_backend,operations_observability	https://www.amazon.jobs/en/jobs/10408213/software-development-engineer-aurora-mysql-engine	540b54371092c43c98f3b8e41b20124947035b81a2627f63e9076b715abc322f
2026-09-16T15:57:53Z	10408416	0c18b389-044f-491e-b16e-d64790f4c779	Software Engineer II, Annapurna Labs ML Acceleration Systems Software	US, TX, Austin	Austin	TX	USA	April 30, 2026		Software Development	aws	label=team-sde-primary		not_identified	preferred_only	none	machine_learning,cloud_infrastructure,embedded_systems,application_backend,operations_observability	https://www.amazon.jobs/en/jobs/10408416/software-engineer-ii-annapurna-labs-ml-acceleration-systems-software	fb9cb2dc109ec8c66bdfbe4949959f4b72ba6a97cd9eaf0ac7338733354e0438
2026-09-16T15:57:53Z	10408594	782a23e6-55c4-4206-9fcf-05a81174514b	Sr. Software Development Engineer, Alexa Connections	CA, ON, Toronto	Toronto	ON	CAN	May 1, 2026		Software Development	alexa-and-amazon-devices	label=team-alexa-echo-devices		not_identified	preferred_only	none	machine_learning,cloud_infrastructure,application_backend	https://www.amazon.jobs/en/jobs/10408594/sr-software-development-engineer-alexa-connections	5997f490e16f40b3959220069dfa8e59146e3da3cd060476d05eea475e254952
2026-09-16T15:57:53Z	10408625	5cda35e4-46cc-4c06-b0f9-c84d0a7f6a66	Senior Software Development Engineer, Sponsored Products and Brands	US, WA, Seattle	Seattle	WA	USA	May 1, 2026		Software Development	advertising	label=team-amazon-ads		not_identified	preferred_only	none	machine_learning,distributed_systems,cloud_infrastructure	https://www.amazon.jobs/en/jobs/10408625/senior-software-development-engineer-sponsored-products-and-brands	a343bdf4b52b2c0627a380cc870b046463da9b8f8cf0e5a65a46528346a897cf
2026-09-16T15:57:53Z	10408763	b389e62c-db3e-449f-99e3-ca0508a86442	Software Development Engineer – 2026	GB, London	London		GBR	May 1, 2026		Software Development	studentprograms	label=team-jobs-for-grads		not_identified	basic_qualifications	none	distributed_systems,cloud_infrastructure,database_search,security_identity,frontend_mobile,application_backend,operations_observability	https://www.amazon.jobs/en/jobs/10408763/software-development-engineer-2026	0c7997a3d794a553b0b1ee5826be3e855369af4dd0dea895a5ce116f04acd70a
2026-09-16T15:57:53Z	10409008	eb28f364-2f3b-4ab1-8e8e-24cd25fc0595	Software Development Engineer - Silicon Development Infrastructure	US, TX, Austin	Austin	TX	USA	May 1, 2026		Software Development	aws	label=team-aws-cloud-management		not_identified	basic_qualifications	none	machine_learning,cloud_infrastructure,networking,database_search,operations_observability	https://www.amazon.jobs/en/jobs/10409008/software-development-engineer-silicon-development-infrastructure	9180f2af8347e5c2a9578a1376f976af2c3c9ffe0e9936047234cf0835ef66d4
2026-09-16T15:57:53Z	10409017	0def1fdd-6382-4960-b4ea-de52b9905fc9	C/C++ Hardware / Software Co-Design SDE, Machine Learning Acceleration Systems	US, CA, Cupertino	Cupertino	CA	USA	May 1, 2026		Software Development	aws	label=team-sde-primary		not_identified	preferred_only	none	machine_learning,cloud_infrastructure,networking,embedded_systems,application_backend	https://www.amazon.jobs/en/jobs/10409017/c-c-hardware-software-co-design-sde-machine-learning-acceleration-systems	4151758117d7b7f63696ab722936d9ee9f09f0d5824002c3d2d92d1ebcf8da67
2026-09-16T15:57:53Z	10409024	9960ea19-aaf5-49f7-bdd8-a9eebd7cfb5e	Software Development Engineer, Transactional Services (Database & Distributed Systems)	US, WA, Seattle	Seattle	WA	USA	May 1, 2026		Software Development	aws	label=team-sde-primary		not_identified	basic_qualifications	none	distributed_systems,cloud_infrastructure,database_search,security_identity,application_backend	https://www.amazon.jobs/en/jobs/10409024/software-development-engineer-transactional-services-database-distributed-systems	bc552e9bd3f7f2a791d0ef889d5452e1f1387b088b533040dd0130c89706754b
2026-09-16T15:57:53Z	10409235	45c539c1-7b6b-42f5-a6b9-80c73e6bcb52	Senior Software Development Engineer, Aurora MySQL,Aurora PostgreSQL	IE, D, Dublin	Dublin	D	IRL	May 1, 2026		Software Development	aws	label=team-sde-primary		not_identified	preferred_only	none	cloud_infrastructure,database_search,security_identity,application_backend	https://www.amazon.jobs/en/jobs/10409235/senior-software-development-engineer-aurora-mysql-aurora-postgresql	67eb778b5d52530631224a8ca5e36a284db3960bc4bf9dfe2bce8d88ffa7d089
2026-09-16T15:57:53Z	10410006	7282c614-378b-4978-ac2f-547b597bbaf9	Software Development Engineer II, OnRoad Transporter Experience	IN, HR, Gurugram	Gurugram	HR	IND	May 4, 2026		Software Development	operations	label=team-last-mile-tech		not_identified	preferred_only	none	distributed_systems,networking,embedded_systems,application_backend	https://www.amazon.jobs/en/jobs/10410006/software-development-engineer-ii-onroad-transporter-experience	2cd5664f97bc12610a141ac9f9384107772c8b888baa12dba8b6948a0ecb98fd
2026-09-16T15:57:53Z	10410349	57c151c6-e04e-4202-8d02-b885ecb76a36	Software Development Engineer, AWS	US, WA, Seattle	Seattle	WA	USA	May 4, 2026		Software Development	aws	label=team-aws-sdm		not_identified	basic_qualifications	mention_only	compiler_mention,machine_learning,distributed_systems,cloud_infrastructure,networking,security_identity,embedded_systems,graphics_media,application_backend,operations_observability	https://www.amazon.jobs/en/jobs/10410349/software-development-engineer-aws	05a5b83300639419fa2af149ef9f13717d3160723d81711d79eb94e29d5b8b2b
2026-09-16T15:57:53Z	10410364	c3cc34f8-9b82-435b-b345-452eb952e8b3	Embedded Software Development Engineer, Ring Team	US, CA, Sunnyvale	Sunnyvale	CA	USA	May 4, 2026		Software Development	alexa-and-amazon-devices	label=team-ring-key-blink		not_identified	not_stated	none	distributed_systems,cloud_infrastructure,embedded_systems,operations_observability	https://www.amazon.jobs/en/jobs/10410364/embedded-software-development-engineer-ring-team	62e0626fc45372de0faa9b0e122beb1be1ef5b700c59a74cdaa3d9d7b9b358c3
2026-09-16T15:57:53Z	10410366	a8ac8f24-e4ad-492f-9811-0c0412e72803	Embedded Software Development Engineer, Ring Team	US, CA, Sunnyvale	Sunnyvale	CA	USA	May 4, 2026		Software Development	alexa-and-amazon-devices	label=team-ring-key-blink		not_identified	not_stated	none	distributed_systems,cloud_infrastructure,embedded_systems,operations_observability	https://www.amazon.jobs/en/jobs/10410366/embedded-software-development-engineer-ring-team	e0bcede926e0f75b3392725c3a2c073628d234cbbd8637da7a76f45e11d03bd7
2026-09-16T15:57:53Z	10410760	e46a23c9-2cc3-433b-9599-089deea38769	Software Development Engineer	US, WA, Seattle	Seattle	WA	USA	May 5, 2026		Software Development	aws	label=team-aws-sdm		not_identified	basic_qualifications	mention_only	compiler_mention,machine_learning,distributed_systems,cloud_infrastructure,networking,database_search,security_identity,embedded_systems,graphics_media,application_backend,operations_observability	https://www.amazon.jobs/en/jobs/10410760/software-development-engineer	c08cceb1ab3591851d8b95d57feba752e51a3a050f2f24cc69b3b95ecff0348a
2026-09-16T15:57:53Z	10411162	6e024991-58fe-4a53-bb61-e90ccb5d7033	Software Builder, Amazon Devices	US, MA, North Reading	North Reading	MA	USA	May 5, 2026		Software Development	alexa-and-amazon-devices	label=team-ring-key-blink		not_identified	preferred_only	none	distributed_systems,cloud_infrastructure,operations_observability	https://www.amazon.jobs/en/jobs/10411162/software-builder-amazon-devices	b345383d776d47159c8384e51219d45f7325d2bcebf53f305df989e2cebfad2f
2026-09-16T15:57:53Z	10411168	4aa1120e-6c34-44b5-b123-0b3ae9a8ed3c	Software Development Engineer, Ring	GB, Cambridge	Cambridge		GBR	May 5, 2026		Software Development	alexa-and-amazon-devices	label=team-ring-key-blink		not_identified	preferred_only	none	machine_learning,cloud_infrastructure,security_identity,embedded_systems,application_backend	https://www.amazon.jobs/en/jobs/10411168/software-development-engineer-ring	73ea5cab31f2c6dc4f6851244ff0442135cc3acbce604bb22e741cf6c71b3982
2026-09-16T15:57:53Z	10411916	b2bdd39a-e5e7-4837-977c-a530a00b0df8	Software Development Engineer II, Digital Pricing and Competitive Intelligence (D-PRICIQ ), Digital Acceleration	IN, TN, Chennai	Chennai	TN	IND	May 5, 2026		Software Development	entertainment	label=digital-acceleration		not_identified	not_stated	none	machine_learning,distributed_systems,cloud_infrastructure,networking	https://www.amazon.jobs/en/jobs/10411916/software-development-engineer-ii-digital-pricing-and-competitive-intelligence-d-priciq-digital-acceleration	b3c8deedf9211a43660eab9302c53b7fd1da35122abbc2dd7bc8d8dbf0430dd9
2026-09-16T15:57:53Z	10412530	ad8add8c-691e-48fe-a913-fdbf967280ee	Software Development Engineer Intern, AWS Data Services - Fall 2026 (US)	US, WA, Seattle	Seattle	WA	USA	May 6, 2026		Software Development	studentprograms	label=team-internships-for-students		not_identified	basic_qualifications	none	distributed_systems,cloud_infrastructure,networking,database_search,frontend_mobile,application_backend,operations_observability	https://www.amazon.jobs/en/jobs/10412530/software-development-engineer-intern-aws-data-services-fall-2026-us	ee307fd7cfc9c8eb977717331e19bd0a75ce782d527f7d3a8f29bfe4c3b78271
2026-09-16T15:57:53Z	10412710	bcf598d9-1344-4a98-9ef0-05c0bf4d51b9	Software Development Engineer, Gateway, Gateway	US, WA, Seattle	Seattle	WA	USA	May 6, 2026		Software Development	advertising	label=team-amazon-ads		not_identified	preferred_only	none	machine_learning,cloud_infrastructure	https://www.amazon.jobs/en/jobs/10412710/software-development-engineer-gateway-gateway	728a60adbcd1b47ad37a2392ca9a0a8295f4afc3344b90f79c6f8e62051f3d30
2026-09-16T15:57:53Z	10412935	5d2a6fbc-4742-44ac-adc3-1f53d70dc804	Software Engineer II, AWS DynamoDB	US, WA, Seattle	Seattle	WA	USA	May 6, 2026		Software Development	aws	label=team-sde-primary		not_identified	preferred_only	none	distributed_systems,cloud_infrastructure,database_search,application_backend	https://www.amazon.jobs/en/jobs/10412935/software-engineer-ii-aws-dynamodb	d20688c94a89fd457baec38c148203abe1a9c1c78ae000b08cffd69e8764a370
2026-09-16T15:57:53Z	10412948	b37c6f51-de00-4e3b-97d7-456ddd503d60	Software Dev Engineer, Prime Video Personalization & Discovery	US, WA, Seattle	Seattle	WA	USA	May 6, 2026		Software Development	entertainment	label=team-primevideo		not_identified	basic_qualifications	none	distributed_systems,database_search,embedded_systems	https://www.amazon.jobs/en/jobs/10412948/software-dev-engineer-prime-video-personalization-discovery	7a99ec194fcd8b7ac95b5e83bd0b41e74196245702899efeecf579e415cf02ee
2026-09-16T15:57:53Z	10413111	4fd0fc88-e6c7-48c6-8aaf-f2b7c54cd116	Embedded Software Development Engineer, Flight Computer Software	US, WA, Redmond	Redmond	WA	USA	May 7, 2026		Software Development	alexa-and-amazon-devices	label=team-project-kuiper		not_identified	preferred_only	none	embedded_systems	https://www.amazon.jobs/en/jobs/10413111/embedded-software-development-engineer-flight-computer-software	684052871ccf9b823ab17eca438a8e99ea49d0da8ab711547fcb212da7f708ac
2026-09-16T15:57:53Z	10413349	b6435016-d47e-4ae0-9fd5-a3962f262786	Software Developer - Platform BSP Engineer, SSG	IN, KA, Bengaluru	Bengaluru	KA	IND	May 7, 2026		Software Development	alexa-and-amazon-devices	label=team-hardware-and-eero		not_identified	basic_qualifications	none	machine_learning,embedded_systems,graphics_media	https://www.amazon.jobs/en/jobs/10413349/software-developer-platform-bsp-engineer-ssg	b4102c0da4341a4d78ab97b6ec3a05a72808408c31a44034a95f37ff43e98f1a
2026-09-16T15:57:53Z	10413785	f84f022c-e350-4a1b-ae81-6254debf053b	Senior Software Development Engineer, Developer Experience	US, NY, New York	New York	NY	USA	May 7, 2026		Software Development	advertising	label=team-ad-serving-and-measurement		not_identified	preferred_only	none	machine_learning,application_backend	https://www.amazon.jobs/en/jobs/10413785/senior-software-development-engineer-developer-experience	07fec6eb37c35d381a159f3fd6a1d336e405f9b559fa5b8ae41a2a91bb739026
2026-09-16T15:57:53Z	10414316	124cfb7a-e1ac-4259-b20d-206bcacf3bd4	Software Development Engineer, AWS Data Services - 2026 (US)	US, WA, Seattle	Seattle	WA	USA	May 7, 2026		Software Development	studentprograms	label=team-jobs-for-grads		not_identified	basic_qualifications	none	distributed_systems,cloud_infrastructure,database_search,frontend_mobile,application_backend,operations_observability	https://www.amazon.jobs/en/jobs/10414316/software-development-engineer-aws-data-services-2026-us	0d95da8956d59f844e7eafaec90f179ee3ab372e1b5034423db456878e7f39d4
2026-09-16T15:57:53Z	10414336	db62438f-fc96-4ab8-ad74-2ebe8912ee9a	Software Development Engineer, AWS Connect-Markov	CA, BC, Vancouver	Vancouver	BC	CAN	May 7, 2026		Software Development	aws	label=team-sde-primary		not_identified	preferred_only	none	cloud_infrastructure	https://www.amazon.jobs/en/jobs/10414336/software-development-engineer-aws-connect-markov	3bda2157e096ceb53386069273089afd6a2c079745d9bee7aebf280e86a4f902
2026-09-16T15:57:53Z	10414382	f3ec09ea-de23-45b7-b3fb-eae033337846	Software Development Engineer, AWS	US, WA, Seattle	Seattle	WA	USA	May 8, 2026		Software Development	aws	label=team-aws-sdm		not_identified	basic_qualifications	mention_only	compiler_mention,machine_learning,distributed_systems,cloud_infrastructure,networking,security_identity,embedded_systems,graphics_media,application_backend,operations_observability	https://www.amazon.jobs/en/jobs/10414382/software-development-engineer-aws	307043bfe3b91ca920ae696cca58e0c5c082ac65fe1e94494b1fd9c3a472a1e3
2026-09-16T15:57:53Z	10414434	e217ef39-b049-406d-bdfa-80dcddea9d78	Software Dev Engineer II, AWS Transactional Services (Database & Distributed Systems), Transactional Services	US, WA, Seattle	Seattle	WA	USA	May 8, 2026		Software Development	aws	label=team-sde-primary		not_identified	basic_qualifications	none	distributed_systems,cloud_infrastructure,networking,database_search,security_identity,embedded_systems,application_backend,operations_observability	https://www.amazon.jobs/en/jobs/10414434/software-dev-engineer-ii-aws-transactional-services-database-distributed-systems-transactional-services	d406f2073044b5fb1e2d4a85bde87120e6a3673c0f7299aebf61b7e903c1523e
2026-09-16T15:57:53Z	10415316	56daf163-7818-471d-9a4e-13c776d0b5ba	Software Engineer II, Analytics Amazon Dedicated Cloud (ADC)	US, CO, Denver	Denver	CO	USA	May 8, 2026		Software Development	aws	label=team-government-cloud		not_identified	basic_qualifications	none	distributed_systems,cloud_infrastructure,networking,database_search,security_identity,application_backend	https://www.amazon.jobs/en/jobs/10415316/software-engineer-ii-analytics-amazon-dedicated-cloud-adc	74ce7b27a6a0e428c0ca34254bf658a8bd9bb6e52334810c4b61a676c3d5efad
2026-09-16T15:57:53Z	10415394	92640d17-6889-4a47-accd-c2eda29d3c11	Embedded Software Engineer, Server Control Firmware	US, TX, Austin	Austin	TX	USA	May 8, 2026		Software Development	aws	label=team-sde-primary		not_identified	preferred_only	none	machine_learning,cloud_infrastructure,embedded_systems,application_backend	https://www.amazon.jobs/en/jobs/10415394/embedded-software-engineer-server-control-firmware	0650b1eeaa87385b23ade793270788939cb5537c3e1eed0ed1c613de0011e4e9
2026-09-16T15:57:53Z	10415420	5dcbae5e-0fe2-4c65-9fcf-41c1ba28e663	Software Dev Engineer II, AWS Builder Acceleration	US, WA, Seattle	Seattle	WA	USA	May 8, 2026		Software Development	aws	label=team-sde-primary		not_identified	basic_qualifications	none	machine_learning,cloud_infrastructure	https://www.amazon.jobs/en/jobs/10415420/software-dev-engineer-ii-aws-builder-acceleration	e195c8d09c7ed88ba5775f142aea01eedb26ecbca5dd57c85b30e42ca89f7044
2026-09-16T15:57:53Z	10415451	8c8bb908-fcad-4aa7-9836-b8a4be114c88	Senior SDE, AWS Invoicing	US, VA, Arlington	Arlington	VA	USA	May 9, 2026		Software Development	aws	label=team-sde-primary		not_identified	preferred_only	none	machine_learning,distributed_systems,cloud_infrastructure,networking,database_search,security_identity,frontend_mobile	https://www.amazon.jobs/en/jobs/10415451/senior-sde-aws-invoicing	343dbfcc84ccf0e228154926a4bdae8d7f56a82fb273f85ac2f3b9403c7bc2a1
2026-09-16T15:57:53Z	10415533	7312c566-9ed4-4cfe-a101-de427c8b2fe9	Embedded Software Engineer , EFA Annapurna	IL, Haifa	Haifa		ISR	May 10, 2026		Software Development	aws	label=team-sde-primary		not_identified	basic_qualifications	none	machine_learning,cloud_infrastructure,networking,database_search,embedded_systems	https://www.amazon.jobs/en/jobs/10415533/embedded-software-engineer-efa-annapurna	baa507e73a16a83830fd48bbf25c0c860f0706b9c5da6fb75cf4bc2463022d3d
2026-09-16T15:57:53Z	10416027	c7b36472-9b8c-4d79-a944-9634d941135a	Senior Software Development Engineer (AWS ML), Machine Learning Israel (MLIL) — FLOW sub-team (Fleet Lifecycle & Operational Workflows)	IL, Tel Aviv	Tel Aviv		ISR	May 11, 2026		Software Development	aws	label=team-sde-primary		not_identified	basic_qualifications	none	machine_learning,cloud_infrastructure,networking,operations_observability	https://www.amazon.jobs/en/jobs/10416027/senior-software-development-engineer-aws-ml-machine-learning-israel-mlil-flow-sub-team-fleet-lifecycle-operational-workflows	cb8295c5e3dd3f58640ee865aa57391f72255d0db773f838ac6cc4085e456051
2026-09-16T15:57:53Z	10416052	0f01fd7f-8749-47cb-8158-cc20a3a1dc28	Senior Software Development Engineer, EC2 Trainium AI Infra	US, WA, Seattle	Seattle	WA	USA	May 11, 2026		Software Development	aws	label=team-sde-primary		not_identified	preferred_only	none	machine_learning,cloud_infrastructure	https://www.amazon.jobs/en/jobs/10416052/senior-software-development-engineer-ec2-trainium-ai-infra	a03e12bb04cce3589ceda8dd563c0bd26b6588db6f85267d5d8915e07ad7cae0
2026-09-16T15:57:53Z	10416198	dbce9721-6b60-4cd6-aa6e-eb518a3431bd	Software Development Engineer, AWS Transactional Services	US, WA, Seattle	Seattle	WA	USA	May 11, 2026		Software Development	aws	label=team-sde-primary		not_identified	preferred_only	none	distributed_systems,cloud_infrastructure,networking,database_search,security_identity	https://www.amazon.jobs/en/jobs/10416198/software-development-engineer-aws-transactional-services	ee6943f5c3a5ed6f9dc389487efddde40502b380b949f8ad0ee8c291425de058
2026-09-16T15:57:53Z	10416409	69cc92b7-b26c-44b9-89e0-d0a06a1d29a2	Software Dev Engineer III, AWS Distributed SQL	US, WA, Seattle	Seattle	WA	USA	May 11, 2026		Software Development	aws	label=team-sde-primary		not_identified	preferred_only	none	distributed_systems,cloud_infrastructure,database_search,security_identity,application_backend	https://www.amazon.jobs/en/jobs/10416409/software-dev-engineer-iii-aws-distributed-sql	8271008da1e18d0f74faa3b911516fc9164a6cf29866f6159fae060b824461df
2026-09-16T15:57:53Z	10416581	8443ed10-4b6b-4e88-8944-1f8936382217	Software Development Engineer, CS Tools	US, CA, Hawthorne	Hawthorne	CA	USA	May 11, 2026		Software Development	alexa-and-amazon-devices	label=team-ring-key-blink		not_identified	basic_qualifications	none	distributed_systems,cloud_infrastructure,security_identity,embedded_systems	https://www.amazon.jobs/en/jobs/10416581/software-development-engineer-cs-tools	4b1ea999d9eb56b9d5db5a27203d6afad11e0aff6c85c1af8c08e4575195bff1
2026-09-16T15:57:53Z	10417375	3e98f451-043b-4013-81fc-b556b1a2f4ba	Software Development Engineer	US, WA, Seattle	Seattle	WA	USA	May 12, 2026		Software Development	aws	label=team-aws-sdm		not_identified	basic_qualifications	mention_only	compiler_mention,machine_learning,distributed_systems,cloud_infrastructure,networking,security_identity,embedded_systems,graphics_media,application_backend,operations_observability	https://www.amazon.jobs/en/jobs/10417375/software-development-engineer	53f7d23eca3c1825ac9ffff79c5a85754d35ab35ba2a0ba833a943c00fffbab7
2026-09-16T15:57:53Z	10417402	13ac29f5-43db-489c-867d-5d91aa13ec2c	Embedded Software Development Engineer II, Amazon Robotics Firmware	US, MA, North Reading	North Reading	MA	USA	May 12, 2026		Software Development	subsidiaries	label=team-amazon-robotics		not_identified	basic_qualifications	none	machine_learning,cloud_infrastructure,networking,embedded_systems	https://www.amazon.jobs/en/jobs/10417402/embedded-software-development-engineer-ii-amazon-robotics-firmware	38981e2d7fc516581c13853f01bec1ff43944e949c72ae59f9f18bf5c87aefff
2026-09-16T15:57:53Z	10417763	7c6ce39d-3541-4126-a3af-a3e37013d68f	Software Dev Engineer, IES LATECH & GIS	BR, SP, Sao Paulo	Sao Paulo	SP	BRA	May 12, 2026		Software Development	retail	label=team-es-jobs		not_identified	preferred_only	none	distributed_systems,database_search	https://www.amazon.jobs/en/jobs/10417763/software-dev-engineer-ies-latech-gis	b742d41b6133be6a8da47d4e00f03eba9ebb2961cad0048edd9082f4957fc412
2026-09-16T15:57:53Z	10418018	a9b79d39-d9be-4c85-95b9-e92768bdf73b	Embedded SDE, Flight Software - Avionics Endpoint	US, WA, Redmond	Redmond	WA	USA	May 12, 2026		Software Development	alexa-and-amazon-devices	label=team-project-kuiper		not_identified	preferred_only	none	networking,security_identity,embedded_systems	https://www.amazon.jobs/en/jobs/10418018/embedded-sde-flight-software-avionics-endpoint	b6c865548b0981a2033c7541b996a8ada7edde4f84f37329baede6a55c6acbfc
2026-09-16T15:57:53Z	10418031	d605fe41-5a44-4739-8644-53331d1e2142	Senior Software Engineer - Embedded Networking, Amazon Leo	US, CA, Sunnyvale	Sunnyvale	CA	USA	May 13, 2026		Software Development	alexa-and-amazon-devices	label=team-project-kuiper		not_identified	preferred_only	none	networking,security_identity,embedded_systems	https://www.amazon.jobs/en/jobs/10418031/senior-software-engineer-embedded-networking-amazon-leo	5d11d1eea1a6e469ae8e1b1585f21d461044a015f8a4736b88d3e28bc1afbc93
2026-09-16T15:57:53Z	10418075	41107060-1076-41c5-b3cd-a37515aed27a	Software Development Engineer, EC2 Nitro, EC2 Local Instance Store	US, CA, Santa Clara	Santa Clara	CA	USA	May 13, 2026		Software Development	aws	label=team-sde-primary		not_identified	basic_qualifications	none	distributed_systems,cloud_infrastructure,database_search,security_identity,embedded_systems,operations_observability	https://www.amazon.jobs/en/jobs/10418075/software-development-engineer-ec2-nitro-ec2-local-instance-store	397767cd3fe7a305d19b2a1f1d0747eb75f6c19263aab5cf1a9d33c553ff6ac7
2026-09-16T15:57:53Z	10418355	5c697518-a6e4-4300-87c8-f07f09c7c61c	2027 Software Dev Engineer Intern	IE, Dublin	Dublin		IRL	May 13, 2026		Software Development	studentprograms	label=team-internships-for-students		not_identified	basic_qualifications	none	distributed_systems,cloud_infrastructure,networking,database_search,security_identity,application_backend	https://www.amazon.jobs/en/jobs/10418355/2027-software-dev-engineer-intern	23d4252f08715cefbbe439c68fe32730d0363acc05d1c462d3014411f6624aa7
2026-09-16T15:57:53Z	10418857	64feee32-9f9d-4bb7-bb73-18255792e6c3	Sr. Software Dev Engineer, Amazon Music Catalog	US, WA, Seattle	Seattle	WA	USA	May 13, 2026		Software Development	entertainment	label=team-music		not_identified	preferred_only	none	machine_learning,distributed_systems,cloud_infrastructure,application_backend	https://www.amazon.jobs/en/jobs/10418857/sr-software-dev-engineer-amazon-music-catalog	bdb1a84a902524437d827b9c87aa97d4f0a5963ca7d182571469acc00403ce19
2026-09-16T15:57:53Z	10418900	1655a5b9-4905-43c7-8dca-39dc1b9eab9f	Software Dev Engineer II, EC2 ML Provisioning	US, WA, Seattle	Seattle	WA	USA	May 13, 2026		Software Development	aws	label=team-sde-primary		not_identified	preferred_only	none	distributed_systems,cloud_infrastructure,database_search,security_identity,embedded_systems,application_backend	https://www.amazon.jobs/en/jobs/10418900/software-dev-engineer-ii-ec2-ml-provisioning	f2b9c293d44dd978a4f972d4435f17ade2b8f9d72110ae0f68f19840647673b1
2026-09-16T15:57:53Z	10418914	d0fd8357-cdb9-4671-b9b9-dba7f98a761a	Software Development Engineer - II	IN, KA, Bengaluru	Bengaluru	KA	IND	May 13, 2026		Software Development	selling-partner-services	label=no-team-listed		not_identified	preferred_only	none	distributed_systems,security_identity,application_backend	https://www.amazon.jobs/en/jobs/10418914/software-development-engineer-ii	000be70cad1600ce29c3113221dd5861c231533355f1dceea96abc68f8b647a7
2026-09-16T15:57:53Z	10418935	e2929680-85b6-4d6b-a5ca-6df4a7a8b981	Sr. Software Development Engineer, EC2 Nitro Specialized Instance team	US, CA, Santa Clara	Santa Clara	CA	USA	May 13, 2026		Software Development	aws	label=team-sde-primary		not_identified	preferred_only	none	distributed_systems,cloud_infrastructure,networking,database_search,security_identity,embedded_systems	https://www.amazon.jobs/en/jobs/10418935/sr-software-development-engineer-ec2-nitro-specialized-instance-team	39d850c1072af2954147e068051b6b6cdc628e81f80a20ce4c6335eb0a95bc52
2026-09-16T15:57:53Z	10419254	a1d7cd15-ad2f-4232-b812-e44a083809a3	Software Development Engineer, AAIS	US, WA, Seattle	Seattle	WA	USA	May 13, 2026		Software Development	aws	label=team-sde-primary		not_identified	basic_qualifications	none	machine_learning,distributed_systems,cloud_infrastructure,embedded_systems	https://www.amazon.jobs/en/jobs/10419254/software-development-engineer-aais	c3721f580b14183ef346a804f3ad16fb9c35f716ec1408a93d8f35e412ae1d3c
2026-09-16T15:57:53Z	10419255	4de4baeb-2b0f-4a06-beb4-9e5cd63111ff	Software Development Engineer II, Delivery Choice	US, WA, Bellevue	Bellevue	WA	USA	May 13, 2026		Software Development	operations	label=team-dex		not_identified	preferred_only	none	application_backend	https://www.amazon.jobs/en/jobs/10419255/software-development-engineer-ii-delivery-choice	2c19479d60e15e6845c169ddbbcb414f6a77e86bfe4ec517330323c95ef298d5
2026-09-16T15:57:53Z	10419335	bd6f5bb0-f1db-4e49-a4a3-0c3e2c567b5d	Software Development Engineer, Software Defined Network Controller, Amazon LEO	US, WA, Redmond	Redmond	WA	USA	May 13, 2026		Software Development	alexa-and-amazon-devices	label=team-project-kuiper		not_identified	basic_qualifications	none	distributed_systems,cloud_infrastructure,networking,embedded_systems,operations_observability	https://www.amazon.jobs/en/jobs/10419335/software-development-engineer-software-defined-network-controller-amazon-leo	c713005ad17c18e91568173de04e6f8549cab175985abe8e1de1b7c2c7338110
2026-09-16T15:57:53Z	10419336	ed17ec05-2634-4423-b6e2-b2f468e6297a	Software Development Engineer, Software Defined Network Controller, Amazon LEO	US, WA, Redmond	Redmond	WA	USA	May 13, 2026		Software Development	alexa-and-amazon-devices	label=team-project-kuiper		not_identified	basic_qualifications	none	distributed_systems,cloud_infrastructure,networking,embedded_systems,operations_observability	https://www.amazon.jobs/en/jobs/10419336/software-development-engineer-software-defined-network-controller-amazon-leo	daceb6e33c244e19ede67651ee1eeb9ff45ab12011dc3f1c9405e1a58aae6a7f
2026-09-16T15:57:53Z	10419337	511b581e-b980-436a-84d8-84d509316337	Software Development Engineer, Software Defined Network Controller, Amazon LEO	US, WA, Redmond	Redmond	WA	USA	May 13, 2026		Software Development	alexa-and-amazon-devices	label=team-project-kuiper		not_identified	basic_qualifications	none	distributed_systems,cloud_infrastructure,networking,embedded_systems,operations_observability	https://www.amazon.jobs/en/jobs/10419337/software-development-engineer-software-defined-network-controller-amazon-leo	5aefd472a41517cfe763a7a93a6e5329e3b09e6bf2bc339293a4403ff4653968
2026-09-16T15:57:53Z	10419384	414fe6ba-41ca-4b95-a0cb-3dce04cb340f	Software Development Engineer, AWS Central SDE Team	US, WA, Seattle	Seattle	WA	USA	May 14, 2026		Software Development	aws	label=team-aws-sdm		not_identified	basic_qualifications	mention_only	compiler_mention,machine_learning,distributed_systems,cloud_infrastructure,networking,security_identity,embedded_systems,graphics_media,application_backend,operations_observability	https://www.amazon.jobs/en/jobs/10419384/software-development-engineer-aws-central-sde-team	061e4f91f6d921ddacb09321cd5ea21417532c8326bb808648e165a6186b8b3f
2026-09-16T15:57:53Z	10419385	40b9f690-174e-4ba2-834f-b18387de3dc6	Software Development Engineer, AWS Central SDE Team	US, WA, Seattle	Seattle	WA	USA	May 14, 2026		Software Development	aws	label=team-aws-sdm		not_identified	basic_qualifications	mention_only	compiler_mention,machine_learning,distributed_systems,cloud_infrastructure,networking,security_identity,embedded_systems,graphics_media,application_backend,operations_observability	https://www.amazon.jobs/en/jobs/10419385/software-development-engineer-aws-central-sde-team	be6fe385c3de0cedd30026a3a637abf2b22ce01d2de8809666e06a240f93e0ec
2026-09-16T15:57:53Z	10419446	46606691-0767-4e7c-a99b-5af923d733fc	Sr. Software Dev Engineer, Leo AI Foundations	US, WA, Redmond	Redmond	WA	USA	May 14, 2026		Software Development	alexa-and-amazon-devices	label=team-project-kuiper		not_identified	preferred_only	none	distributed_systems,cloud_infrastructure,networking,database_search,security_identity,application_backend	https://www.amazon.jobs/en/jobs/10419446/sr-software-dev-engineer-leo-ai-foundations	1171099df211c8c7f388488521287a3fdc8d5184a245f983fae97a53880a862b
2026-09-16T15:57:53Z	10419476	da2a3d2b-b026-46c8-bf03-1d70bbbb2660	Software Development Engineer II	IN, KA, Bengaluru	Bengaluru	KA	IND	May 14, 2026		Software Development	selling-partner-services	label=no-team-listed		not_identified	preferred_only	none	distributed_systems,security_identity	https://www.amazon.jobs/en/jobs/10419476/software-development-engineer-ii	55d12f4b5a2a6c52083bc1ce05e17f74fb5c2e6ad0498c5ee981abe06be78b86
2026-09-16T15:57:53Z	10419477	f3dfe113-c00d-469c-bb94-5e0827e17d33	Software Development Engineer II, Sales Abuse Prevention	IN, KA, Bengaluru	Bengaluru	KA	IND	May 14, 2026		Software Development	selling-partner-services	label=no-team-listed		not_identified	preferred_only	none	distributed_systems,security_identity	https://www.amazon.jobs/en/jobs/10419477/software-development-engineer-ii-sales-abuse-prevention	e7b912c6f046f1f3e35207fc7a08cebef4f0c2964ac54fd9dc54c31afaf2ffcd
2026-09-16T15:57:53Z	10419792	8a3c93b4-d819-42a3-9185-bab139c553e0	Software Development Engineer - Shopping Personalization AI, Amazon Stores	IL, Tel Aviv	Tel Aviv		ISR	May 14, 2026		Software Development	consumer_engagement	label=team-personalization		not_identified	basic_qualifications	none	machine_learning,distributed_systems,database_search,graphics_media,operations_observability	https://www.amazon.jobs/en/jobs/10419792/software-development-engineer-shopping-personalization-ai-amazon-stores	a5ef6b61e0e912cbf8972d11ea6b9802018d31a61d227ab4a4d095e01ed09d9c
2026-09-16T15:57:53Z	10420248	9d58874a-bddf-4151-be88-8cf0438a27e0	SDE II , EC2 Instance Networking, EC2 Instance Networking	US, WA, Seattle	Seattle	WA	USA	May 14, 2026		Software Development	aws	label=team-sde-primary		not_identified	basic_qualifications	none	machine_learning,distributed_systems,cloud_infrastructure,networking,security_identity,embedded_systems,operations_observability	https://www.amazon.jobs/en/jobs/10420248/sde-ii-ec2-instance-networking-ec2-instance-networking	2360cf8ca3aac266496bbcb4c16d5e6582e48d2d988c7c06872a3e3b714863c3
2026-09-16T15:57:53Z	10420500	d7da63c0-f0c0-4a3a-8261-77e4f2cbd4fe	Software Development Engineer, Agentic Commerce, Buy For Me	US, WA, Seattle	Seattle	WA	USA	May 14, 2026		Software Development	consumer_engagement	label=no-team-listed		not_identified	basic_qualifications	none	distributed_systems,database_search,embedded_systems,application_backend,operations_observability	https://www.amazon.jobs/en/jobs/10420500/software-development-engineer-agentic-commerce-buy-for-me	53f3533693671aaa16c3f921656715dc6ef0a068f8cbf7014828671f54e2bf56
2026-09-16T15:57:53Z	10420545	373cf8a7-6c61-4642-a1e1-1e5766b9ea59	Software Development Engineer, AWS	US, WA, Seattle	Seattle	WA	USA	May 14, 2026		Software Development	aws	label=team-aws-sdm		not_identified	basic_qualifications	mention_only	compiler_mention,machine_learning,distributed_systems,cloud_infrastructure,networking,security_identity,embedded_systems,graphics_media,application_backend,operations_observability	https://www.amazon.jobs/en/jobs/10420545/software-development-engineer-aws	fe27d6dee7017099a0b26a90f3f2d08648d280a69e9db780b888a0ec9a98338e
2026-09-16T15:57:53Z	10420575	538979dd-ea4b-47ab-8217-bf56f68eb704	Software Development Engineer - BIOS/UEFI, AWS Hardware Engineering, Firmware Development	US, CA, Cupertino	Cupertino	CA	USA	May 14, 2026		Software Development	aws	label=team-hardware-development-primary		not_identified	preferred_only	none	cloud_infrastructure,embedded_systems,application_backend	https://www.amazon.jobs/en/jobs/10420575/software-development-engineer-bios-uefi-aws-hardware-engineering-firmware-development	a8a61da76bca9253d869e56a3abdf1e5a62e681ef9adf0527316bcb93f209da7
2026-09-16T15:57:53Z	10420668	9b0b50ea-5e5c-4f52-8ecd-baa4d63b1e6e	Software Development Engineer, AWS Security	DE, BE, Berlin	Berlin	BE	DEU	May 15, 2026		Software Development	amazon-security	label=team-aws-security		not_identified	preferred_only	none	distributed_systems,cloud_infrastructure,networking,database_search,security_identity,frontend_mobile,application_backend,operations_observability	https://www.amazon.jobs/en/jobs/10420668/software-development-engineer-aws-security	23eccd7fcd31e591a2130e446e8a8f72fa9767de67e78552584aab645e05ddf2
2026-09-16T15:57:53Z	10421261	5113d443-a3b9-4579-8f20-237d65970c22	Robotics - Software Development Engineer	CA, ON, Toronto	Toronto	ON	CAN	May 15, 2026		Software Development	operations	label=team-amazon-fulfillment-technology		not_identified	not_stated	none	machine_learning,distributed_systems,cloud_infrastructure,database_search,frontend_mobile,graphics_media,application_backend,operations_observability	https://www.amazon.jobs/en/jobs/10421261/robotics-software-development-engineer	8c3a224cd4a915febddf61e3eaa57ea6354249ab8195dba1473e643cb525db78
2026-09-16T15:57:53Z	10421270	2af362c5-cc44-4661-9b73-254c3ed15ffa	Sr. Software Development Engineer, Amazon Shopping (Rufus)	US, WA, Seattle	Seattle	WA	USA	May 15, 2026		Software Development	retail	label=team-search-experience		not_identified	not_stated	none	machine_learning,distributed_systems,database_search,frontend_mobile,graphics_media,application_backend	https://www.amazon.jobs/en/jobs/10421270/sr-software-development-engineer-amazon-shopping-rufus	16249b6abdf1e69d5db600b624f81266a8d56452cca2da898eb26328f4383a70
2026-09-16T15:57:53Z	10421471	442655c3-e1cf-49ab-acae-def7e06dda10	Software Development Engineer II, EC2 Edge Core-Services	US, WA, Seattle	Seattle	WA	USA	May 15, 2026		Software Development	aws	label=team-sde-primary		not_identified	basic_qualifications	none	distributed_systems,cloud_infrastructure,embedded_systems,operations_observability	https://www.amazon.jobs/en/jobs/10421471/software-development-engineer-ii-ec2-edge-core-services	57bd56464ab7f69b82b6b615be4e0efc3afa4656919d6f87d91a5c7c94cdee94
2026-09-16T15:57:53Z	10421792	ed39635d-8bd3-4412-b8a3-e49091b0e3cf	Software Development Engineer	US, CA, East Palo Alto	East Palo Alto	CA	USA	May 15, 2026		Software Development	aws	label=team-sde-primary		not_identified	basic_qualifications	none	distributed_systems,cloud_infrastructure,database_search,embedded_systems,application_backend	https://www.amazon.jobs/en/jobs/10421792/software-development-engineer	6736f236b9a322b8f1347217564a8ae1a8d6222545e0df8999a8a9a76be60076
2026-09-16T15:57:53Z	10421793	8aa111e2-c14b-4205-abd5-da922d6c3585	Software Development Engineer	US, CA, East Palo Alto	East Palo Alto	CA	USA	May 15, 2026		Software Development	aws	label=team-sde-primary		not_identified	basic_qualifications	none	distributed_systems,cloud_infrastructure,database_search,embedded_systems,application_backend	https://www.amazon.jobs/en/jobs/10421793/software-development-engineer	63ae5c5913fd327fb60771ad042bbc661652d55b210d0c3b0f48b21d616bc5e6
2026-09-16T15:57:53Z	10421820	0dace258-47c9-41d1-b532-9b7cee49969a	Senior Software Engineer, Fauna	US, NY, New York	New York	NY	USA	May 15, 2026		Software Development	subsidiaries	label=team-amazon-robotics		not_identified	not_stated	none	machine_learning,distributed_systems	https://www.amazon.jobs/en/jobs/10421820/senior-software-engineer-fauna	6b641e90453d5087ca890671b7f2a03c23e569600b9488d001afaa0521ac5f0e
2026-09-16T15:57:53Z	10422924	e74def6b-5a19-4465-977a-f10173a7aade	Senior Software Dev Engineer, AWS Core Network	US, CA, Santa Clara	Santa Clara	CA	USA	May 18, 2026		Software Development	aws	label=team-sde-primary		not_identified	preferred_only	none	distributed_systems,cloud_infrastructure,networking,database_search,security_identity,frontend_mobile,application_backend	https://www.amazon.jobs/en/jobs/10422924/senior-software-dev-engineer-aws-core-network	305dd80e8b03da0b13bd931dae484bd99893ad34a73a53dac8b1efd5ac130cb2
2026-09-16T15:57:53Z	10423038	2ca7ef9b-7533-4529-96b8-aa112f1fb61e	Software Development Engineer, Ring	US, CA, Sunnyvale	Sunnyvale	CA	USA	May 18, 2026		Software Development	alexa-and-amazon-devices	label=team-ring-key-blink		not_identified	preferred_only	none	machine_learning,security_identity,operations_observability	https://www.amazon.jobs/en/jobs/10423038/software-development-engineer-ring	dbcac40b8498f628fddbf5be81f4c63826de0fe001e669be67809dbfc56ef498
2026-09-16T15:57:53Z	10423208	c54c9f2b-a3f1-49d9-8915-0e5706057df2	Software Development Engineer , Aurora PostgreSQL Team	US, CA, East Palo Alto	East Palo Alto	CA	USA	May 19, 2026		Software Development	aws	label=team-sde-primary		not_identified	preferred_only	none	distributed_systems,cloud_infrastructure,database_search,security_identity,application_backend	https://www.amazon.jobs/en/jobs/10423208/software-development-engineer-aurora-postgresql-team	98e6782e7db1235673681fdd3b2ece18583aa8a4229a902e3ded8379f5e7fb47
2026-09-16T15:57:53Z	10423408	c5601c5a-93d0-48cd-8aaa-16a139a80756	Software Development Engineer, Inbound & Inventory Management Tech	IN, KA, Bengaluru	Bengaluru	KA	IND	May 19, 2026		Software Development	worldwide-grocery-stores	label=no-team-listed		not_identified	basic_qualifications	none	cloud_infrastructure	https://www.amazon.jobs/en/jobs/10423408/software-development-engineer-inbound-inventory-management-tech	ccb3be2ee6fb20bc4a4c6c97db7782fc7b734d3e34fa9df3bb85f120fff074d3
2026-09-16T15:57:53Z	10423984	030df439-2a43-4ddf-8af2-8304b4d78bd7	System Software Development Engineer, System SW group	IL, Haifa	Haifa		ISR	May 19, 2026		Software Development	aws	label=team-sde-primary		not_identified	basic_qualifications	none	cloud_infrastructure,application_backend	https://www.amazon.jobs/en/jobs/10423984/system-software-development-engineer-system-sw-group	aa53a92ea002a08b643f25f13fa90ebf23651137754c358d25a9e10aff5294d0
2026-09-16T15:57:53Z	10424087	d6500201-0d2f-48d6-8ebb-925603759b7f	Software Development Engineer, Amazon Quick Suite	US, WA, Seattle	Seattle	WA	USA	May 19, 2026		Software Development	aws	label=team-sde-primary		not_identified	basic_qualifications	none	machine_learning,distributed_systems,cloud_infrastructure,database_search,embedded_systems,graphics_media,operations_observability	https://www.amazon.jobs/en/jobs/10424087/software-development-engineer-amazon-quick-suite	ea492864c38bd7e39e4ffa9bfcba1065f985b80f8b8826c411ff5f3ecf0bb9bd
2026-09-16T15:57:53Z	10424120	b0b7636c-dfc2-4779-a1d1-281157b05d59	Software Development Engineer - RDS Platform, RDS	IE, D, Dublin	Dublin	D	IRL	May 19, 2026		Software Development	aws	label=team-sde-primary		not_identified	preferred_only	none	cloud_infrastructure,database_search,security_identity,application_backend,operations_observability	https://www.amazon.jobs/en/jobs/10424120/software-development-engineer-rds-platform-rds	addff3dacfbdcbad4495da72ee5b48a1cd05978cede7e5a493ba00b1dd1bed3c
2026-09-16T15:57:53Z	10424755	7f744c8e-95f3-434e-94d2-e9e52391be93	Software Development Engineer, RDS Platform	CA, BC, Vancouver	Vancouver	BC	CAN	May 20, 2026		Software Development	aws	label=team-sde-primary		not_identified	preferred_only	none	distributed_systems,cloud_infrastructure,database_search,application_backend	https://www.amazon.jobs/en/jobs/10424755/software-development-engineer-rds-platform	f18c92a6d6adea31c9f20cec7673ed5a1c63d0006e0350f8872c546e4657ceaa
2026-09-16T15:57:53Z	10424838	e37bd5ab-431c-43bf-a307-82a880b868f6	Software Dev Engineer II, Aurora Open Source Engines	US, WA, Redmond	Redmond	WA	USA	May 20, 2026		Software Development	aws	label=team-sde-primary		not_identified	preferred_only	none	distributed_systems,cloud_infrastructure,database_search,security_identity,application_backend	https://www.amazon.jobs/en/jobs/10424838/software-dev-engineer-ii-aurora-open-source-engines	f50fa596310e67d86e3ce07911d04088ad9131cb8ccaf01312759091d9b3b06e
2026-09-16T15:57:53Z	10424933	50c88c35-93ef-4b4c-bb12-21a49effc007	Software Development Engineer II, Digital Pricing and Competitive Intelligence (D-PRICIQ ), Digital Acceleration	IN, TN, Chennai	Chennai	TN	IND	May 20, 2026		Software Development	entertainment	label=digital-acceleration		not_identified	not_stated	none	machine_learning,distributed_systems,cloud_infrastructure,networking	https://www.amazon.jobs/en/jobs/10424933/software-development-engineer-ii-digital-pricing-and-competitive-intelligence-d-priciq-digital-acceleration	ca63ae62b5676f5b726b36b9920fe29d7b876fe084884c0d1710156c530b6bbb
2026-09-16T15:57:53Z	10425022	e028019a-83ff-4612-ae0c-e5725c1bc7cb	Embedded Software Engineer, Leo MAC, Leo MAC	US, WA, Redmond	Redmond	WA	USA	May 20, 2026		Software Development	alexa-and-amazon-devices	label=team-project-kuiper		not_identified	basic_qualifications	none	distributed_systems,networking,embedded_systems	https://www.amazon.jobs/en/jobs/10425022/embedded-software-engineer-leo-mac-leo-mac	f6b5910db8edc4a8ef4d19da3cd21f399da74ab1ccfec735f9ad831ec4993c65
2026-09-16T15:57:53Z	10425426	c23de724-cfeb-4bda-965c-375a0acb3e12	Software Development Engineer, (Level 5)	US, WA, Seattle	Seattle	WA	USA	May 20, 2026		Software Development	aws	label=team-sde-primary		not_identified	preferred_only	none	cloud_infrastructure,networking,database_search,security_identity	https://www.amazon.jobs/en/jobs/10425426/software-development-engineer-level-5	6149ee64391522034938b89098c0c3db1797e3fb41a2f32ae9af4f9bff92f3fc
2026-09-16T15:57:53Z	10425596	bcef9b71-d571-4972-b116-3e31f4182ac6	Software Development Engineer, AFFS, Amazon	IN, MH, Pune	Pune	MH	IND	May 20, 2026		Software Development	ecp	label=team-ecfi3		not_identified	basic_qualifications	none	distributed_systems,cloud_infrastructure,security_identity,application_backend	https://www.amazon.jobs/en/jobs/10425596/software-development-engineer-affs-amazon	efb7e0f62687e1262f41822fbb3a6f91d7a6d72c5bc02c34644a309ec91af86d
2026-09-16T15:57:53Z	10425605	b2e2eb6c-a5ae-40b5-83ae-ab124d36a314	Software Dev Engineer, AWS Hardware Engineering	US, WA, Seattle	Seattle	WA	USA	May 20, 2026		Software Development	aws	label=team-sde-primary		not_identified	basic_qualifications	none	distributed_systems,cloud_infrastructure,database_search,security_identity,embedded_systems,application_backend,operations_observability	https://www.amazon.jobs/en/jobs/10425605/software-dev-engineer-aws-hardware-engineering	c939a1ad0f539cc4583c9132c4a9467196db584a9c535f67ab3e73051e9a2471
2026-09-16T15:57:53Z	10425716	fd6f2b5e-c745-42b8-8886-aba4cc991e9d	Sr Software Development Engineer, RDS Alameda	US, CA, East Palo Alto	East Palo Alto	CA	USA	May 20, 2026		Software Development	aws	label=team-sde-primary		not_identified	preferred_only	none	cloud_infrastructure,security_identity,application_backend,operations_observability	https://www.amazon.jobs/en/jobs/10425716/sr-software-development-engineer-rds-alameda	524c86de791de3ca9a65b0c37c669a45777da427f5ab5e3c9b11ac9cd6a41e03
2026-09-16T15:57:53Z	10425858	44c9c15a-b0eb-4437-aec7-d0a607197969	Software Development Engineer - Cybersecurity, SBS Core Engineering	US, NY, New York	New York	NY	USA	May 20, 2026		Software Development	amazon-security	label=team-devices-security		not_identified	basic_qualifications	none	distributed_systems,cloud_infrastructure,security_identity,embedded_systems	https://www.amazon.jobs/en/jobs/10425858/software-development-engineer-cybersecurity-sbs-core-engineering	d0e81906336bcb0ed81229490b4a5423fd40c7abe8acd754403b6ccd32c3e154
2026-09-16T15:57:53Z	10425966	aae74f17-b811-441b-b642-89ff501d14d4	Software Development Engineer, Nitro Card, Annapurna Labs	US, CA, Cupertino	Cupertino	CA	USA	May 20, 2026		Software Development	aws	label=team-machine-learning-primary		not_identified	basic_qualifications	none	cloud_infrastructure,security_identity,embedded_systems	https://www.amazon.jobs/en/jobs/10425966/software-development-engineer-nitro-card-annapurna-labs	a34748817dae497d930100d31e41a09c686a6e96d8feec253a17e6c69470fc1d
2026-09-16T15:57:53Z	10426196	74a79c01-6559-4cbb-9a0e-778a08aa0637	Software Development Engineer, AWS	US, WA, Seattle	Seattle	WA	USA	May 21, 2026		Software Development	aws	label=team-aws-sdm		not_identified	basic_qualifications	mention_only	compiler_mention,machine_learning,distributed_systems,cloud_infrastructure,networking,security_identity,embedded_systems,graphics_media,application_backend,operations_observability	https://www.amazon.jobs/en/jobs/10426196/software-development-engineer-aws	63c238a0ffd54b60a9a1a18319b97916e731988da63e410b0b2b5d75e151f881
2026-09-16T15:57:53Z	10426333	012c5301-c385-4373-88c9-23b108dac7f9	Software Development Engineer II, Managed Operations (MO)	US, WA, Seattle	Seattle	WA	USA	May 21, 2026		Software Development	aws	label=team-sde-primary		not_identified	preferred_only	mention_only	compiler_mention,machine_learning,cloud_infrastructure,networking,database_search,security_identity,application_backend	https://www.amazon.jobs/en/jobs/10426333/software-development-engineer-ii-managed-operations-mo	152e278f19c78fc2fa09afbe205104de47a3cecd28f853b9bdd01dd2f7d10bbb
2026-09-16T15:57:53Z	10426685	b5616be0-e042-4007-af32-2ff7c3122a54	Software Development Engineer, AWS Support	ZA, Cape Town	Cape Town		ZAF	May 21, 2026		Software Development	aws	label=team-sde-primary		not_identified	preferred_only	none	distributed_systems,cloud_infrastructure,database_search,security_identity,application_backend	https://www.amazon.jobs/en/jobs/10426685/software-development-engineer-aws-support	e1d57872c1a77c7c9e1b2a8925a39694da9e3b465d697f7a941d0ceb3ea80b44
2026-09-16T15:57:53Z	10426723	9d245260-1769-45dc-ae0f-9dc3e5d306e0	Software Development Engineer, AWS Kumo Health Experience	ZA, Cape Town	Cape Town		ZAF	May 29, 2026		Software Development	aws	label=team-sde-primary		not_identified	preferred_only	none	machine_learning,cloud_infrastructure,database_search,security_identity,frontend_mobile,application_backend	https://www.amazon.jobs/en/jobs/10426723/software-development-engineer-aws-kumo-health-experience	f24db4bd055e687319ccd862b92736addca47936c7913413f251a60444886826
2026-09-16T15:57:53Z	10426763	37295b28-63eb-4b1b-89e8-7fccac630385	Software Development Engineer	IE, D, Dublin	Dublin	D	IRL	May 21, 2026		Software Development	pxt	label=team-connections		not_identified	preferred_only	none	distributed_systems,cloud_infrastructure,database_search,security_identity,application_backend,operations_observability	https://www.amazon.jobs/en/jobs/10426763/software-development-engineer	a4fa5f4ffaf88238d82cc7e035daf87cd7bff043047378e0674e3bbd3b547635
2026-09-16T15:57:53Z	10427349	2ff09003-42e7-4992-8ea1-068cd3f5b3f0	Software Development Engineer, Leo AI Foundations	US, WA, Redmond	Redmond	WA	USA	May 21, 2026		Software Development	alexa-and-amazon-devices	label=team-project-kuiper		not_identified	basic_qualifications	none	distributed_systems,cloud_infrastructure,networking,database_search,embedded_systems,frontend_mobile,application_backend	https://www.amazon.jobs/en/jobs/10427349/software-development-engineer-leo-ai-foundations	1ef1b5dea6b7e9f6a9f7cab5a741a460c15c73e8e57bbaa783b8ac5c3959c19f
2026-09-16T15:57:53Z	10427785	d8560a78-f255-4150-8081-e760ccf76615	Principal Software Engineer, RBS - Tech	IN, KA, Bengaluru	Bengaluru	KA	IND	May 22, 2026		Software Development	retail	label=no-team-listed		not_identified	basic_qualifications	none	machine_learning,cloud_infrastructure,networking,database_search,security_identity,graphics_media	https://www.amazon.jobs/en/jobs/10427785/principal-software-engineer-rbs-tech	5a99643e7f8d78addce256aa495e661221025a7a2563aedff3991025427e4c35
2026-09-16T15:57:53Z	10428363	4e6f300b-22a7-4bb1-8c96-43214c2ec2d9	Sr. Software Development Engineer, Aurora Open Source Engines	DE, BE, Berlin	Berlin	BE	DEU	June 2, 2026		Software Development	aws	label=team-sde-primary		not_identified	preferred_only	none	distributed_systems,cloud_infrastructure,database_search,security_identity,application_backend	https://www.amazon.jobs/en/jobs/10428363/sr-software-development-engineer-aurora-open-source-engines	530f02c63ab63b39851acb8b35ca804da906be42b487c6f07cb2284ba2440835
2026-09-16T15:57:53Z	10428396	00b8c272-585a-47ee-ad08-2169f2317bf4	SENIOR SOFTWARE DEVELOPMENT ENGINEER, Infra Supply Chain Automation	IN, KA, Bengaluru	Bengaluru	KA	IND	May 22, 2026		Software Development	aws	label=team-sde-primary		not_identified	preferred_only	none	cloud_infrastructure,networking,database_search,security_identity,application_backend	https://www.amazon.jobs/en/jobs/10428396/senior-software-development-engineer-infra-supply-chain-automation	c831abdd9ba31a9e06a206692fa35d7d227c1e6195433bf197fb2cf99598c3fd
2026-09-16T15:57:53Z	10428478	8b744adf-5f2f-4913-9395-44b09ee959f8	Software Development Engineer, AWS Invoicing	US, WA, Seattle	Seattle	WA	USA	May 22, 2026		Software Development	aws	label=team-sde-primary		not_identified	basic_qualifications	none	distributed_systems,cloud_infrastructure,database_search,embedded_systems,application_backend	https://www.amazon.jobs/en/jobs/10428478/software-development-engineer-aws-invoicing	287d0bcc827240febacf3ebe6c00c854d235a007b0d64cfa14b28f31c91e826c
2026-09-16T15:57:53Z	10428535	d17b8deb-0a48-4a1f-b736-2bf09915e9c3	Software Development Engineer, Amazon Leo Network Services	US, WA, Redmond	Redmond	WA	USA	May 22, 2026		Software Development	alexa-and-amazon-devices	label=team-project-kuiper		not_identified	preferred_only	none	distributed_systems,cloud_infrastructure,networking,security_identity,embedded_systems,application_backend,operations_observability	https://www.amazon.jobs/en/jobs/10428535/software-development-engineer-amazon-leo-network-services	8dc8b770e7e17a900ad9e9f78251374f681a83dfa96a017fc613aa78e7829d66
2026-09-16T15:57:53Z	10429015	ce0acf86-8403-4f3a-a1eb-dafbacd7370d	Software Dev Engineer II (SDE2), Amazon Connect	US, CA, Santa Clara	Santa Clara	CA	USA	May 24, 2026		Software Development	aws	label=team-sde-primary		not_identified	preferred_only	none	machine_learning,cloud_infrastructure,database_search,application_backend	https://www.amazon.jobs/en/jobs/10429015/software-dev-engineer-ii-sde2-amazon-connect	35bd2773deda1afeb7482d260e469705887e2d267a69938abbb2cf77b8b9e3df
2026-09-16T15:57:53Z	10429541	33e96e42-99c5-4d61-8db4-ada0fca9d262	Software Development Engineer, Alexa for Shopping	GB, London	London		GBR	May 25, 2026		Software Development	retail	label=team-search-experience		not_identified	basic_qualifications	none	machine_learning,security_identity,operations_observability	https://www.amazon.jobs/en/jobs/10429541/software-development-engineer-alexa-for-shopping	30eb2ad9059c9243651cb8a32513f532c5578c048efad2bc02e2566a82a65fcc
2026-09-16T15:57:53Z	10430203	b340c009-0a2a-44e1-b9fc-6fc71db7e403	Software Development Engineer, AWS Networks	AU, NSW, Sydney	Sydney	NSW	AUS	May 26, 2026		Software Development	aws	label=team-sde-primary		not_identified	preferred_only	none	distributed_systems,cloud_infrastructure,networking,database_search,security_identity,embedded_systems,application_backend,operations_observability	https://www.amazon.jobs/en/jobs/10430203/software-development-engineer-aws-networks	3e063b865ca15f8a9c029937f8424015ad7f01b01e4042dd2a9900273d7e1581
2026-09-16T15:57:53Z	10430264	32ecc893-c90e-4149-8c25-c79aecc555c3	Software Dev Engineer, EC2 Nitro, EC2 Nitro	US, WA, Seattle	Seattle	WA	USA	May 26, 2026		Software Development	aws	label=team-sde-primary		not_identified	basic_qualifications	none	machine_learning,distributed_systems,cloud_infrastructure,embedded_systems,application_backend	https://www.amazon.jobs/en/jobs/10430264/software-dev-engineer-ec2-nitro-ec2-nitro	3342d64ccaaa4c5c7c7b772e5978f8c5dc849d7b0e3d135a35b8500366cf4301
2026-09-16T15:57:53Z	10430369	fd98540c-697e-4172-b081-e66bb0255514	Sr. Embedded Software Development Engineer (C/C++), EC2 Nitro Instance Networking	US, WA, Seattle	Seattle	WA	USA	May 26, 2026		Software Development	aws	label=team-sde-primary		not_identified	preferred_only	none	distributed_systems,cloud_infrastructure,networking,security_identity,embedded_systems,operations_observability	https://www.amazon.jobs/en/jobs/10430369/sr-embedded-software-development-engineer-c-c-ec2-nitro-instance-networking	9dc1ad783d8695427679b88eac2271ec4e2c1b73e46e910bbb4a480847fbc7da
2026-09-16T15:57:53Z	10430371	c21b4f47-bb0e-4d60-83f0-d64100996d80	Embedded Software Development Engineer II (C/C++), EC2 Instance Networking	US, WA, Seattle	Seattle	WA	USA	May 26, 2026		Software Development	aws	label=team-sde-primary		not_identified	basic_qualifications	none	machine_learning,distributed_systems,cloud_infrastructure,networking,security_identity,embedded_systems,application_backend,operations_observability	https://www.amazon.jobs/en/jobs/10430371/embedded-software-development-engineer-ii-c-c-ec2-instance-networking	4be66c168da873a71b94a7c1a415caa218830ee4dce6ebd66653a1e831cf3e01
2026-09-16T15:57:53Z	10430379	af4b4c02-424f-488a-bda2-ffe49f7d36ad	Embedded Software Development Engineer II (C/C++), EC2 Nitro Instance Networking	US, WA, Seattle	Seattle	WA	USA	May 26, 2026		Software Development	aws	label=team-sde-primary		not_identified	basic_qualifications	none	machine_learning,distributed_systems,cloud_infrastructure,networking,security_identity,embedded_systems,application_backend,operations_observability	https://www.amazon.jobs/en/jobs/10430379/embedded-software-development-engineer-ii-c-c-ec2-nitro-instance-networking	e39946f968d3780b79b35586ff7f25ab51fb2828ebc22cc4931790591d945e99
2026-09-16T15:57:53Z	10430502	a738533d-c5f4-4a4e-95c8-6c257d484497	Senior SDE, OMHS SCS	US, WA, Bellevue	Bellevue	WA	USA	May 26, 2026		Software Development	fulfillment-technology-and-robotics	label=one-material-handling-system		not_identified	basic_qualifications	none	machine_learning,distributed_systems,cloud_infrastructure,networking,embedded_systems	https://www.amazon.jobs/en/jobs/10430502/senior-sde-omhs-scs	d09b9a6cc96597a6b102829ae7efa9c2f5627ccf815c00d83cfa50206e33ed65
2026-09-16T15:57:53Z	10430504	b0276d12-2abf-4e05-936b-c9380b907599	Software Dev Engineer II, OMHS SCS	US, VA, Arlington	Arlington	VA	USA	May 26, 2026		Software Development	fulfillment-technology-and-robotics	label=one-material-handling-system		not_identified	basic_qualifications	none	machine_learning,distributed_systems,cloud_infrastructure,networking,embedded_systems	https://www.amazon.jobs/en/jobs/10430504/software-dev-engineer-ii-omhs-scs	38b145b725ed7bc2535963e0f7bce9a8f275b3339bebc7f69068435310839fd3
2026-09-16T15:57:53Z	10430540	7116dfc6-da48-48d4-814b-93f0fb50c5e3	Software Development Engineer, Amazon Quick	US, WA, Seattle	Seattle	WA	USA	May 26, 2026		Software Development	aws	label=team-sde-primary		not_identified	basic_qualifications	none	machine_learning,distributed_systems,cloud_infrastructure,embedded_systems,application_backend	https://www.amazon.jobs/en/jobs/10430540/software-development-engineer-amazon-quick	e5d07d44d137f7827e44737772f0b66aba833857039fc64d1ab59a479fe57b89
2026-09-16T15:57:53Z	10430582	18886aad-00aa-4ba2-bf64-a4cc21b4ae21	Software Engineer, EC2 Nitro	US, WA, Seattle	Seattle	WA	USA	May 26, 2026		Software Development	aws	label=team-sde-primary		not_identified	preferred_only	none	cloud_infrastructure,networking,security_identity,embedded_systems,operations_observability	https://www.amazon.jobs/en/jobs/10430582/software-engineer-ec2-nitro	70aae08672598dc4b68b6cffe35d93732cc873f864f8ca0d58f09b0b9451e8d4
2026-09-16T15:57:53Z	10430587	a39b06ca-7d92-48a3-9670-5e1f209d7442	Software Dev Engineer, EC2 Nitro	US, WA, Seattle	Seattle	WA	USA	May 26, 2026		Software Development	aws	label=team-sde-primary		not_identified	preferred_only	none	cloud_infrastructure,networking,security_identity,embedded_systems,operations_observability	https://www.amazon.jobs/en/jobs/10430587/software-dev-engineer-ec2-nitro	94d6c0caf4453740e38c25626ad10f48448f75538c5d8a28b534eb6c41feec0a
2026-09-16T15:57:53Z	10430601	3183665e-470d-438d-a188-00fdbfc4963f	Sr. SDE - CPLD / FPGA	US, CA, Cupertino	Cupertino	CA	USA	May 26, 2026		Software Development	aws	label=team-sde-primary		not_identified	basic_qualifications	none	cloud_infrastructure,networking,security_identity,embedded_systems,application_backend,operations_observability	https://www.amazon.jobs/en/jobs/10430601/sr-sde-cpld-fpga	6d181c21aacbb4b1a9a4621b14c2c01dfb5b5f784c20f2cee21bc31d30d678ad
2026-09-16T15:57:53Z	10430606	dcc52641-5a8d-4d47-9443-5fc51db5aa7b	Software Development Engineer, Nitro SSD	US, CA, Cupertino	Cupertino	CA	USA	May 26, 2026		Software Development	aws	label=team-sde-primary		not_identified	basic_qualifications	none	cloud_infrastructure,networking,database_search,security_identity,embedded_systems,application_backend,operations_observability	https://www.amazon.jobs/en/jobs/10430606/software-development-engineer-nitro-ssd	381e530683e44f660b01d4209836a2a2f68a557bae317235493c338805714c2f
2026-09-16T15:57:53Z	10430832	7b2b7106-c3d7-4e88-a8c7-34d92f626fb4	Sr Software Dev Engineer III, RDS for Oracle	CA, BC, Vancouver	Vancouver	BC	CAN	May 26, 2026		Software Development	aws	label=team-sde-primary		not_identified	preferred_only	none	distributed_systems,cloud_infrastructure,database_search,security_identity,embedded_systems,application_backend,operations_observability	https://www.amazon.jobs/en/jobs/10430832/sr-software-dev-engineer-iii-rds-for-oracle	80e66cf195f886af9eaac00558559bf571596ee7692232825b7ca8c7d8f4dcfa
2026-09-16T15:57:53Z	10431179	f6b6d30b-dad7-4849-b2e2-710bceedbfc4	Software Development Engineer	US, WA, Seattle	Seattle	WA	USA	May 27, 2026		Software Development	aws	label=team-aws-sdm		not_identified	basic_qualifications	mention_only	compiler_mention,machine_learning,distributed_systems,cloud_infrastructure,networking,security_identity,embedded_systems,graphics_media,application_backend,operations_observability	https://www.amazon.jobs/en/jobs/10431179/software-development-engineer	068ab651d168bb1d5175bca1e3788521581d9d96ecbaaade728951335c038163
2026-09-16T15:57:53Z	10431598	f038e316-2eb0-4344-824b-63d2c3477ec0	Software Development Engineer, Amazon Neptune	US, WA, Seattle	Seattle	WA	USA	May 27, 2026		Software Development	aws	label=team-sde-primary		not_identified	preferred_only	none	cloud_infrastructure,networking,database_search,security_identity,application_backend	https://www.amazon.jobs/en/jobs/10431598/software-development-engineer-amazon-neptune	e88f705d79f4a6260f0f7c3750e40200bb9f70de805d59f6738f1c679b327644
2026-09-16T15:57:53Z	10431603	b1e5e28f-083e-48b6-8dc9-5b102a261215	Software Development Engineer - Discovery Tech, DiscoTec (Discovery Technology & Science)	ES, M, Madrid	Madrid	M	ESP	May 27, 2026		Software Development	no-business-category	label=no-team-listed		not_identified	preferred_only	none	distributed_systems,database_search,security_identity	https://www.amazon.jobs/en/jobs/10431603/software-development-engineer-discovery-tech-discotec-discovery-technology-science	cb726139fb08dd2cded85fc56160b5679b0e667b9042366b4030153054472815
2026-09-16T15:57:53Z	10431930	81179b0c-3490-48da-acc8-b94276a1b9ae	Software Development Engineer II, Amazon MSK	US, WA, Seattle	Seattle	WA	USA	May 27, 2026		Software Development	aws	label=team-sde-primary		not_identified	basic_qualifications	none	machine_learning,distributed_systems,cloud_infrastructure,security_identity,embedded_systems,graphics_media,application_backend	https://www.amazon.jobs/en/jobs/10431930/software-development-engineer-ii-amazon-msk	ab9e9782307a21526b54d3ebff3b2a522455f9cb9a23d78cfbb414aaa1ca0058
2026-09-16T15:57:53Z	10431998	b29c9c86-14cc-42d5-aa2e-5c3d7a09201a	Principal Software Engineer, MADS	CA, ON, Toronto	Toronto	ON	CAN	May 27, 2026		Software Development	advertising	label=team-amazon-ads		not_identified	basic_qualifications	none	machine_learning,distributed_systems,cloud_infrastructure,networking,database_search,graphics_media,application_backend	https://www.amazon.jobs/en/jobs/10431998/principal-software-engineer-mads	25cb588522679ca345357d816bae93d2495c4a2779fa2cb791e6042614968200
2026-09-16T15:57:53Z	10432304	dae3b624-8879-4f9c-875c-f6eaba0a0a1c	Software Development Engineer, Business Information Governance	IE, D, Dublin	Dublin	D	IRL	May 27, 2026		Software Development	no-business-category	label=no-team-listed		not_identified	preferred_only	none	distributed_systems,cloud_infrastructure,security_identity,operations_observability	https://www.amazon.jobs/en/jobs/10432304/software-development-engineer-business-information-governance	59caf2dbf8a4735a4ed7dac6aa0fd1340a76165a186b343642224c757c29e623
2026-09-16T15:57:53Z	10432389	45958787-6657-46fc-b123-0df3389bdfe2	Software Engineer II, MLA Automation & Deployments	US, TX, Austin	Austin	TX	USA	May 27, 2026		Software Development	aws	label=team-sde-primary		not_identified	not_stated	none	machine_learning,cloud_infrastructure,database_search,application_backend	https://www.amazon.jobs/en/jobs/10432389/software-engineer-ii-mla-automation-deployments	6400fafb473891cfc2312b61fb39bad4f7603966b1a8d7ae77da45745847d2b3
2026-09-16T15:57:53Z	10432448	e7b12752-11a1-4fd9-ab42-1545c0570eae	Software Development Engineer, XCM Brand Marketing Tech	US, WA, Seattle	Seattle	WA	USA	May 27, 2026		Software Development	cross-channel-cross-category-marketing	label=no-team-listed		not_identified	basic_qualifications	none	distributed_systems,cloud_infrastructure,embedded_systems,operations_observability	https://www.amazon.jobs/en/jobs/10432448/software-development-engineer-xcm-brand-marketing-tech	bf0bee2774d515e70ec7f30159c2d2921e9b48721a3bccd4a3cb070202c58476
2026-09-16T15:57:53Z	10432755	2493532e-bac4-4b95-a58e-0f54dfa4cacb	Software Development Engineer II, Amazon Prime Video	US, WA, Seattle	Seattle	WA	USA	May 28, 2026		Software Development	entertainment	label=team-primevideo		not_identified	preferred_only	none	distributed_systems,cloud_infrastructure,database_search,frontend_mobile,graphics_media,application_backend,operations_observability	https://www.amazon.jobs/en/jobs/10432755/software-development-engineer-ii-amazon-prime-video	dee66aa02720b137e9c2d1d0c174b8b3d7993c9d007cbafe45fb3076e2526a78
2026-09-16T15:57:53Z	10432945	42ff42c4-03eb-450b-8f81-6cd494d525f2	Software Development Engineer, Amazon Privacy	RO, Iasi	Iasi		ROU	May 28, 2026		Software Development	ecp	label=team-privacy		not_identified	preferred_only	none	distributed_systems,security_identity	https://www.amazon.jobs/en/jobs/10432945/software-development-engineer-amazon-privacy	0552a91489da26302b703c7850519997ea66f77106f50dd9fb7a03b3d4132ca1
2026-09-16T15:57:53Z	10433156	6802c172-ac06-48a2-bfa1-8714ed87e229	Sr. Software Dev Engineer, Kiro	US, WA, Seattle	Seattle	WA	USA	May 28, 2026		Software Development	aws	label=team-sde-primary		not_identified	preferred_only	mention_only	compiler_mention,machine_learning,cloud_infrastructure,security_identity	https://www.amazon.jobs/en/jobs/10433156/sr-software-dev-engineer-kiro	3624275314001389a78f7f6ab4fc19b49605233f4f0d8b1de9d18fd633a56fb0
2026-09-16T15:57:53Z	10433217	cf0842d3-acd7-4ed9-8296-f454b93db4fd	Sr Software Development Engineer, Neuron Collectives, Annapurna Labs	US, CA, Cupertino	Cupertino	CA	USA	May 28, 2026		Software Development	aws	label=team-sde-primary		not_identified	basic_qualifications	none	machine_learning,distributed_systems,cloud_infrastructure,embedded_systems	https://www.amazon.jobs/en/jobs/10433217/sr-software-development-engineer-neuron-collectives-annapurna-labs	2efa5ee168171a67bd11c5696df1ce14107fde672778c7e0e4fc5adc108b7dbb
2026-09-16T15:57:53Z	10433254	e950cac3-eefa-4936-bf6b-6d5f70a32986	Sr. Software Development Engineer, Alameda Observability	CA, ON, Toronto	Toronto	ON	CAN	May 28, 2026		Software Development	aws	label=team-sde-primary		not_identified	preferred_only	none	distributed_systems,cloud_infrastructure,networking,database_search,security_identity,application_backend,operations_observability	https://www.amazon.jobs/en/jobs/10433254/sr-software-development-engineer-alameda-observability	077d7ea393bacb66f2f138a12223e9ac81613840bf12bf8599d869b55046d347
2026-09-16T15:57:53Z	10433264	879427e1-2108-49dd-8d71-f5ddcbfd6846	Software Development Engineer, Aurora Control Plane	US, WA, Seattle	Seattle	WA	USA	May 28, 2026		Software Development	aws	label=team-sde-primary		not_identified	basic_qualifications	none	distributed_systems,cloud_infrastructure,database_search,embedded_systems,application_backend	https://www.amazon.jobs/en/jobs/10433264/software-development-engineer-aurora-control-plane	ee1e060f791c6a899f983d523aa19dc57a8a5608e369e3d626c2cf5dadca62b9
2026-09-16T15:57:53Z	10433655	d7b9230d-907e-4dcb-9309-98903dfd553d	Software Development Engineer, EC2 UltraServer Delivery Team	US, WA, Seattle	Seattle	WA	USA	May 28, 2026		Software Development	aws	label=team-sde-primary		not_identified	preferred_only	none	cloud_infrastructure,networking,embedded_systems,graphics_media	https://www.amazon.jobs/en/jobs/10433655/software-development-engineer-ec2-ultraserver-delivery-team	f2efbf61bc88c7ffce418361afa626aead05debbea643a3435df243ed36cc39b
2026-09-16T15:57:53Z	10433673	da60bba3-9c23-4bb7-88ef-e10667890c4a	Sr. Software Dev Engineer, Amazon CloudFront (Media & Entertainment)	US, WA, Seattle	Seattle	WA	USA	May 28, 2026		Software Development	aws	label=team-sde-primary		not_identified	preferred_only	none	distributed_systems,cloud_infrastructure,networking,database_search,security_identity,graphics_media	https://www.amazon.jobs/en/jobs/10433673/sr-software-dev-engineer-amazon-cloudfront-media-entertainment	aab297e080a6c37460c3f9e608b88056442bb9d80d8739c06d96796800906363
2026-09-16T15:57:53Z	10433733	4ea790e1-dabc-4081-98c6-321a2e24dc97	Senior Software Developer Engineer, AWS Compliance & Security Assurance	US, WA, Seattle	Seattle	WA	USA	May 28, 2026		Software Development	amazon-security	label=team-aws-security		not_identified	basic_qualifications	none	machine_learning,distributed_systems,cloud_infrastructure,security_identity,application_backend	https://www.amazon.jobs/en/jobs/10433733/senior-software-developer-engineer-aws-compliance-security-assurance	7b1a6a9bbd2facf5bdbc31734e741294f4051c8b635f1a0585c4295f692c5339
2026-09-16T15:57:53Z	10433754	d6967ce5-5d88-4aa3-961a-4446b071c51e	Software Development Engineer, AWS Central SDE Team	US, WA, Seattle	Seattle	WA	USA	May 28, 2026		Software Development	aws	label=team-sde-primary		not_identified	basic_qualifications	mention_only	compiler_mention,machine_learning,distributed_systems,cloud_infrastructure,networking,security_identity,embedded_systems,graphics_media,application_backend,operations_observability	https://www.amazon.jobs/en/jobs/10433754/software-development-engineer-aws-central-sde-team	7f8bbc22d2899c9bd1fc83af7cc0c4691cada2b56d22348fb691c3a1c906fbb7
2026-09-16T15:57:53Z	10433756	f907cb4b-7bfc-429d-a021-d45feb759834	Software Dev Engineer II, EBS Placement	US, WA, Seattle	Seattle	WA	USA	May 28, 2026		Software Development	aws	label=team-sde-primary		not_identified	preferred_only	none	distributed_systems,cloud_infrastructure,database_search	https://www.amazon.jobs/en/jobs/10433756/software-dev-engineer-ii-ebs-placement	bc6def51b653dd3dc6ac4d1be59ae228cda6e95d070824ac5a073ac5b92a8065
2026-09-16T15:57:53Z	10433833	61ceb083-e8e0-462d-bede-1983231d9bd8	Software Development Engineer, Amazon Foundational Security Services, Amazon Foundational Security Services (AFSS)	US, VA, Herndon	Herndon	VA	USA	May 28, 2026		Software Development	amazon-security	label=no-team-list		not_identified	basic_qualifications	none	distributed_systems,cloud_infrastructure,security_identity,embedded_systems,application_backend,operations_observability	https://www.amazon.jobs/en/jobs/10433833/software-development-engineer-amazon-foundational-security-services-amazon-foundational-security-services-afss	7ba4d3978313e43e4ee76aec0f2eaf4c2aafaced4f7813ceb9d531eeb6264d18
2026-09-16T15:57:53Z	10433853	6cf9eb25-7a96-4fd7-a7ea-e1aa0e039eb0	Sr Software Development Engineer, OEM Solid State Drives Team	US, CA, Cupertino	Cupertino	CA	USA	May 29, 2026		Software Development	aws	label=team-sde-primary		not_identified	basic_qualifications	none	cloud_infrastructure,database_search,embedded_systems,graphics_media	https://www.amazon.jobs/en/jobs/10433853/sr-software-development-engineer-oem-solid-state-drives-team	ff17b549d132ea2bc694919a7a00b5036392b8d1c307d5788a282554d1245f2f
2026-09-16T15:57:53Z	10433896	fe40bac3-f60e-441c-ac94-e10af20f4133	Software Development Engineer, Selling Partner Trust	US, AZ, Tempe	Tempe	AZ	USA	May 29, 2026		Software Development	selling-partner-services	label=no-team-listed		not_identified	preferred_only	none		https://www.amazon.jobs/en/jobs/10433896/software-development-engineer-selling-partner-trust	a97d945f69cff5b776d918fae4cde161000dabe463bcd1f5421cdf90492305cf
2026-09-16T15:57:53Z	10433945	e10433ca-163b-4e45-a562-8dda47cecc6c	Principal Software Engineer, AWS Lambda	IE, D, Dublin	Dublin	D	IRL	May 29, 2026		Software Development	aws	label=team-no-matching-primary-label-listed		not_identified	basic_qualifications	none	distributed_systems,cloud_infrastructure,networking,security_identity,embedded_systems	https://www.amazon.jobs/en/jobs/10433945/principal-software-engineer-aws-lambda	b9cae5038340f532ea72580574d91be948ba4145328a55bd89cd57cdd085ec28
2026-09-16T15:57:53Z	10434545	1fcaf2d9-1624-4a98-962a-17bf6b22d3fe	Software Dev Engineer, Alameda	CA, BC, Vancouver	Vancouver	BC	CAN	May 29, 2026		Software Development	aws	label=team-sde-primary		not_identified	preferred_only	none	distributed_systems,cloud_infrastructure,database_search,security_identity,application_backend,operations_observability	https://www.amazon.jobs/en/jobs/10434545/software-dev-engineer-alameda	3b1832520a76fa64f23c431f1cad3c00bbfa890d81131cdf25783d9e4f7eca58
2026-09-16T15:57:53Z	10434625	51c39832-bfc0-43c6-bf37-93af5bec647b	Software Development Engineer, Amazon Leo Trust Services, Leo Security	US, VA, Arlington	Arlington	VA	USA	May 29, 2026		Software Development	amazon-security	label=team-devices-security		not_identified	basic_qualifications	none	cloud_infrastructure,networking,security_identity,embedded_systems,operations_observability	https://www.amazon.jobs/en/jobs/10434625/software-development-engineer-amazon-leo-trust-services-leo-security	d0ae8fb703f1b8ef5c70b7f1461f89275b0893341d51c9cd0594d377f7ba0518
2026-09-16T15:57:53Z	10434862	ad249440-9d89-413f-818b-8d18b74367cb	Software Dev Engineer II, Oracle Database@AWS	CA, BC, Vancouver	Vancouver	BC	CAN	May 29, 2026		Software Development	aws	label=team-sde-primary		not_identified	preferred_only	none	distributed_systems,cloud_infrastructure,database_search,security_identity,application_backend,operations_observability	https://www.amazon.jobs/en/jobs/10434862/software-dev-engineer-ii-oracle-database-aws	2bc8d7ccbf3dad8a661644202de4ecd02d229ef1d4b1aecdbdf7bfae90c3e55c
2026-09-16T15:57:53Z	10434892	6a46ac39-e228-435c-b875-9a967d8b44b1	Software Development Engineer, PXTCS (People Experience and Technology Central Science)	US, WA, Seattle	Seattle	WA	USA	May 29, 2026		Software Development	no-business-category	label=no-team-listed		not_identified	preferred_only	none	machine_learning,distributed_systems,cloud_infrastructure,database_search,application_backend	https://www.amazon.jobs/en/jobs/10434892/software-development-engineer-pxtcs-people-experience-and-technology-central-science	6a6789447024bc87490387591cd4cb12d8f781fd28983290e509e771aafa2889
2026-09-16T15:57:53Z	10434989	4f476216-9394-4cfe-998c-7c6d1360eb60	Software Development Engineer II, Validation	US, TX, Austin	Austin	TX	USA	May 29, 2026		Software Development	aws	label=team-aws-cloud-management		not_identified	basic_qualifications	none	machine_learning,cloud_infrastructure,networking,embedded_systems	https://www.amazon.jobs/en/jobs/10434989/software-development-engineer-ii-validation	fd41a3176e6bc17453cd4e67b9fa5ed7d27b68ab80a8107288ec651fdf1bc330
2026-09-16T15:57:53Z	10435267	ac7a225e-867c-4c91-8bf7-7a910e824582	Software Development Engineer, Inventory Authority Platform (IAP)	IN, KA, Bengaluru	Bengaluru	KA	IND	June 1, 2026		Software Development	selling-partner-services	label=no-team-listed		not_identified	preferred_only	none	distributed_systems,networking,security_identity,graphics_media,operations_observability	https://www.amazon.jobs/en/jobs/10435267/software-development-engineer-inventory-authority-platform-iap	16adcb8716d74b4f4c40d2ff91fe8f45204ea4ff964c0f2d64ce2527c52880dc
2026-09-16T15:57:53Z	10435271	c66d4106-2834-440c-9866-d5a6a3e56a09	Software Development Engineer II, Inventory Authority Platform (IAP)	IN, KA, Bengaluru	Bengaluru	KA	IND	June 1, 2026		Software Development	selling-partner-services	label=no-team-listed		not_identified	preferred_only	none	distributed_systems,networking,security_identity,graphics_media,operations_observability	https://www.amazon.jobs/en/jobs/10435271/software-development-engineer-ii-inventory-authority-platform-iap	81f9915ad89ed42d24ac268bb8e96598cb6e4dea14b7b4a6831d5afa52d4eb0f
2026-09-16T15:57:53Z	10435272	17a023ff-968a-41e7-bfd1-8670890c4bad	Software Development Engineer, Inventory Authority Platform (IAP)	IN, KA, Bengaluru	Bengaluru	KA	IND	June 1, 2026		Software Development	selling-partner-services	label=no-team-listed		not_identified	preferred_only	none	distributed_systems,networking,security_identity,graphics_media,operations_observability	https://www.amazon.jobs/en/jobs/10435272/software-development-engineer-inventory-authority-platform-iap	f6162001ac00cdd830488762e7b662bc29a3b25ce0f3f471c387b083cfc7368a
2026-09-16T15:57:53Z	10435426	d558362f-fbd5-44e7-aa57-15c290d5b7f2	Software Dev Engineer II, Cross Border Seller Programs	IN, KA, Bengaluru	Bengaluru	KA	IND	June 1, 2026		Software Development	amazon-business	label=no-team-listed		not_identified	preferred_only	none	operations_observability	https://www.amazon.jobs/en/jobs/10435426/software-dev-engineer-ii-cross-border-seller-programs	d50aba7f08ce1b10975cf7a54c3b36ce3c5898d33e6454dfd03c7e6001e9d0e9
2026-09-16T15:57:53Z	10435580	74a82c88-f554-4227-91f6-6117910148ba	Software Dev Engineer II, Ads AI Core Infra	US, WA, Seattle	Seattle	WA	USA	June 1, 2026		Software Development	advertising	label=team-amazon-ads		not_identified	preferred_only	none	distributed_systems,cloud_infrastructure,application_backend,operations_observability	https://www.amazon.jobs/en/jobs/10435580/software-dev-engineer-ii-ads-ai-core-infra	a746f64e7e4fdb16519378af8be0996fb340f478a6133d45d07bcb9b848f223c
2026-09-16T15:57:53Z	10435700	89bfb294-c507-4fd5-8403-a331682f1172	Software Development Engineer II, Applied Automation Controls/Embedded Software	US, WA, Seattle	Seattle	WA	USA	June 1, 2026		Software Development	subsidiaries	label=team-amazon-robotics		not_identified	basic_qualifications	none	distributed_systems,embedded_systems,operations_observability	https://www.amazon.jobs/en/jobs/10435700/software-development-engineer-ii-applied-automation-controls-embedded-software	49ce41772f40d92d4f9b7283eaf373f746e9d59aa5529a0601b71cc0e1b4fc2b
2026-09-16T15:57:53Z	10435771	b5facde2-8bbd-48bd-af07-060d5b95c13c	Software Development Engineer II, DynamoDB Fleet Services	US, WA, Seattle	Seattle	WA	USA	June 1, 2026		Software Development	aws	label=team-sde-primary		not_identified	preferred_only	none	distributed_systems,cloud_infrastructure,networking,database_search,security_identity,application_backend	https://www.amazon.jobs/en/jobs/10435771/software-development-engineer-ii-dynamodb-fleet-services	3ec493826ff54ffb40db945359a54bf6a6e44f0e5358cb7bd6c9af75cf22ee20
2026-09-16T15:57:53Z	10435882	16f48367-ec7f-4466-92ea-db115b9964c6	Software Development Engineer, FTV Frameworks and Performance	IN, KA, Bengaluru	Bengaluru	KA	IND	June 1, 2026		Software Development	alexa-and-amazon-devices	label=devices-and-services-teams		not_identified	preferred_only	none	cloud_infrastructure,frontend_mobile,graphics_media	https://www.amazon.jobs/en/jobs/10435882/software-development-engineer-ftv-frameworks-and-performance	f09ada2734565f26523503d91d4035dab584fc80e393e5dc99872b865456e039
2026-09-16T15:57:53Z	10436048	1c0bfc69-5d91-4e45-9f5c-ed13b07fb5e4	Software Development Engineer in Test, Alexa Global Quality - India	IN, KA, Bengaluru	Bengaluru	KA	IND	June 1, 2026		Software Development	alexa-and-amazon-devices	label=devices-and-services-teams		not_identified	not_stated	none	machine_learning,database_search,security_identity	https://www.amazon.jobs/en/jobs/10436048/software-development-engineer-in-test-alexa-global-quality-india	cdf1577868da6dd8781656fd460689a6d7ddb81f3bd3ff8f2e349ae4a14a926f
2026-09-16T15:57:53Z	10436138	f1c076a4-c0ea-47f0-9b38-5160b1d93667	Sr. Software Development Engineer, Charge Calc	CA, BC, Vancouver	Vancouver	BC	CAN	June 1, 2026		Software Development	ecp	label=team-ordering-services		not_identified	preferred_only	none	distributed_systems,security_identity	https://www.amazon.jobs/en/jobs/10436138/sr-software-development-engineer-charge-calc	a8739073834b00f589a4d630c2499fbf0ca17e85d752d1317460e1a73db97020
2026-09-16T15:57:53Z	10436172	57437421-447e-425d-a0f5-d2fa09c01cc7	Lead Software Development Engineer, Marketing Content Management System	MX, Mexico City	Mexico City		MEX	June 1, 2026		Software Development	subsidiaries	label=team-global-audible		not_identified	basic_qualifications	none	distributed_systems,cloud_infrastructure,database_search	https://www.amazon.jobs/en/jobs/10436172/lead-software-development-engineer-marketing-content-management-system	16add86e56ed92aad222fb60c0c2f70aa73f57f5c10c309f88c7846e8d8a7dd1
2026-09-16T15:57:53Z	10436188	324cc46a-b7c3-4a22-9bd2-84b9fda52fb2	Sr. SDE, Embedded Satellite SW, Amazon Leo	US, WA, Redmond	Redmond	WA	USA	June 1, 2026		Software Development	alexa-and-amazon-devices	label=team-project-kuiper		not_identified	preferred_only	none	distributed_systems,networking,embedded_systems	https://www.amazon.jobs/en/jobs/10436188/sr-sde-embedded-satellite-sw-amazon-leo	6aa95f9340360a200cecd0485e4c0a58eacf4186f8aad9e8086432582f8c92d6
2026-09-16T15:57:53Z	10436571	2e447681-d4de-4988-9c95-f7570d2d7b4c	Software Development Engineer, Amazon Integrated Security	US, WA, Seattle	Seattle	WA	USA	June 2, 2026		Software Development	amazon-security	label=no-team-list		not_identified	preferred_only	none	cloud_infrastructure,security_identity,operations_observability	https://www.amazon.jobs/en/jobs/10436571/software-development-engineer-amazon-integrated-security	a5202d97e898aab60cced2d67ac9b85490bf352c69899084e5b095f8fe92847d
2026-09-16T15:57:53Z	10436877	47760029-81f9-484d-9f37-000d5789382c	Software Dev Engineer II, EU INTech Partner Growth Experience, EU INTech Partner Growth Experience	IN, KA, Bengaluru	Bengaluru	KA	IND	June 2, 2026		Software Development	amazon-business	label=no-team-listed		not_identified	basic_qualifications	none	machine_learning	https://www.amazon.jobs/en/jobs/10436877/software-dev-engineer-ii-eu-intech-partner-growth-experience-eu-intech-partner-growth-experience	63b2c8711c4b4b5dae51d8974c315394e9cb69bbd23004d5b29d6f7546ce1440
2026-09-16T15:57:53Z	10436932	7efc70d2-df85-449b-b35d-22b2d9fb90d9	Software Development Engineer, Lambda - Experience	IE, D, Dublin	Dublin	D	IRL	June 2, 2026		Software Development	aws	label=team-sde-primary		not_identified	basic_qualifications	none	cloud_infrastructure,security_identity,operations_observability	https://www.amazon.jobs/en/jobs/10436932/software-development-engineer-lambda-experience	038397a0fd3ea058e980b4cf0375c344a534d76885ca9c3353057b3f517a87f5
2026-09-16T15:57:53Z	10436969	07b28a22-cb76-41a6-bb2c-e25aa1e6a225	Senior Software Dev Engineer, Amazon Neptune	US, WA, Seattle	Seattle	WA	USA	June 2, 2026		Software Development	aws	label=team-sde-primary		not_identified	preferred_only	none	cloud_infrastructure,networking,database_search,security_identity,application_backend	https://www.amazon.jobs/en/jobs/10436969/senior-software-dev-engineer-amazon-neptune	522a5b4cba1004875d80e6f0d2ad86db2a4ab45dd09554096b89db6c5db3cc2e
2026-09-16T15:57:53Z	10436989	e3968f3c-a31c-4a80-9799-ead6b8b4614b	Software Development Engineer, Amazon Central Sourcing	US, WA, Seattle	Seattle	WA	USA	June 2, 2026		Software Development	advertising	label=team-amazon-ads		not_identified	basic_qualifications	none	machine_learning,distributed_systems,cloud_infrastructure,embedded_systems,operations_observability	https://www.amazon.jobs/en/jobs/10436989/software-development-engineer-amazon-central-sourcing	9ea1d6461775ed5085b28cd0e27399a4ebcc72469355d53bdb3ff2b9285c3047
2026-09-16T15:57:53Z	10437244	2879b553-8e4e-416d-bab3-2e32986ec902	Senior Software Development Engineer, AWS RDS for SQL Server	US, WA, Redmond	Redmond	WA	USA	June 2, 2026		Software Development	aws	label=team-sde-primary		not_identified	preferred_only	none	distributed_systems,cloud_infrastructure,database_search,application_backend,operations_observability	https://www.amazon.jobs/en/jobs/10437244/senior-software-development-engineer-aws-rds-for-sql-server	12cd299df98856564b8b97c90e7c17fd75303f2ba16c50e0f361af612a425490
2026-09-16T15:57:53Z	10437610	6bbe5c50-d39a-4a58-bd27-26574b43f63c	Sr.SDE , Kindle E-Reader, Kindle E-Reader	IN, TN, Chennai	Chennai	TN	IND	June 2, 2026		Software Development	no-business-category	label=no-team-listed		not_identified	basic_qualifications	none	distributed_systems,networking,frontend_mobile,operations_observability	https://www.amazon.jobs/en/jobs/10437610/sr-sde-kindle-e-reader-kindle-e-reader	29201150a7f518f63adab40d5617d60a7d54d0b6869dd7fc5617d098bed77b35
2026-09-16T15:57:53Z	10437653	f2e088de-a4f5-4000-8b19-9e7594db65df	Software Dev Engineer II, OMHS SCS	US, VA, Arlington	Arlington	VA	USA	June 2, 2026		Software Development	fulfillment-technology-and-robotics	label=one-material-handling-system		not_identified	basic_qualifications	none	machine_learning,distributed_systems,cloud_infrastructure,networking,embedded_systems	https://www.amazon.jobs/en/jobs/10437653/software-dev-engineer-ii-omhs-scs	69a078a88292a01adae79f2fecafaee563fe5a7018a99f4a9b607efb7b02d42a
2026-09-16T15:57:53Z	10437661	9be4172a-f8a9-475f-9a36-f6baa6cf146b	Software Development Engineer, Elastic Block Storage, Server Durability Engine	IL, Tel Aviv	Tel Aviv		ISR	June 2, 2026		Software Development	aws	label=team-sde-primary		not_identified	preferred_only	none	cloud_infrastructure,database_search,application_backend	https://www.amazon.jobs/en/jobs/10437661/software-development-engineer-elastic-block-storage-server-durability-engine	a00597bd3eb0e6f54f08e4476c2526c1a5999ad384e799e0f91c97234306cb7a
2026-09-16T15:57:53Z	10437946	8808a301-7722-4dee-9c6b-46b43a61864b	Senior Software Development Engineer, EC2 Instance Networking	US, WA, Seattle	Seattle	WA	USA	June 2, 2026		Software Development	aws	label=team-sde-primary		not_identified	preferred_only	none	machine_learning,cloud_infrastructure,networking,security_identity,embedded_systems,operations_observability	https://www.amazon.jobs/en/jobs/10437946/senior-software-development-engineer-ec2-instance-networking	5dd1f8a52990fe43414dfb6b31b7ce6eb9a8a9f9de36305d9613e5aa323ca3f3
2026-09-16T15:57:53Z	10437983	add11e85-9619-482e-9574-afe0762519bd	Software Development Engineer, EC2 Nitro, AWS EC2 Nitro Team	US, CA, Santa Clara	Santa Clara	CA	USA	June 2, 2026		Software Development	aws	label=team-sde-primary		not_identified	basic_qualifications	none	machine_learning,distributed_systems,cloud_infrastructure,embedded_systems,application_backend	https://www.amazon.jobs/en/jobs/10437983/software-development-engineer-ec2-nitro-aws-ec2-nitro-team	f8cffd654a683d1787cb718aaf333ed54a00a1085c53866c86a35e69ec84a76a
2026-09-16T15:57:53Z	10437985	de559d72-dbd8-499f-9eb4-7edebc85d618	Software Development Engineer, AWS EC2 Nitro Team	US, CA, Santa Clara	Santa Clara	CA	USA	June 2, 2026		Software Development	aws	label=team-sde-primary		not_identified	basic_qualifications	none	machine_learning,distributed_systems,cloud_infrastructure,embedded_systems,application_backend	https://www.amazon.jobs/en/jobs/10437985/software-development-engineer-aws-ec2-nitro-team	04961804cf6312cea95c23d36af8de2376f13d6c98d17882a6d6b4773f01cf23
2026-09-16T15:57:53Z	10437986	8bb325ab-0de5-42f5-8347-049f495af567	Software Development Engineer, AWS EC2 Nitro Team	US, CA, Santa Clara	Santa Clara	CA	USA	June 2, 2026		Software Development	aws	label=team-sde-primary		not_identified	basic_qualifications	none	machine_learning,distributed_systems,cloud_infrastructure,embedded_systems,application_backend	https://www.amazon.jobs/en/jobs/10437986/software-development-engineer-aws-ec2-nitro-team	0fdb156e70e99bd362b4253425f97ba7aa275e11e7f7745a81159c037e261a9b
2026-09-16T15:57:53Z	10437987	ed86162f-9400-482a-b4bd-42d9bc1d5247	Senior Software Development Engineer, AWS EC2 Nitro Team	US, CA, Santa Clara	Santa Clara	CA	USA	June 2, 2026		Software Development	aws	label=team-sde-primary		not_identified	preferred_only	none	machine_learning,cloud_infrastructure,embedded_systems,application_backend	https://www.amazon.jobs/en/jobs/10437987/senior-software-development-engineer-aws-ec2-nitro-team	8acb461112b6665df9ce7a42512bfc7b5d687934c1ddacb6edd22b2e33364d92
2026-09-16T15:57:53Z	10438670	52bd14c0-2248-4a88-9a91-703e9e3ed4e9	Senior Software Engineer, AWS Commercial Application Services	US, WA, Seattle	Seattle	WA	USA	June 3, 2026		Software Development	aws	label=team-sde-primary		not_identified	preferred_only	none	machine_learning,distributed_systems,cloud_infrastructure,database_search,security_identity,application_backend	https://www.amazon.jobs/en/jobs/10438670/senior-software-engineer-aws-commercial-application-services	4fe27ffd9659e8654ccf7a0426b6e287ac979870e62d28188913469bdb696920
2026-09-16T15:57:53Z	10438694	cc7692f5-fe7f-4692-b4ef-4e8ec3c2a98b	Software Development Engineer, AWS IAM Identity Center	CA, BC, Vancouver	Vancouver	BC	CAN	June 3, 2026		Software Development	aws	label=team-sde-primary		not_identified	preferred_only	none	cloud_infrastructure,security_identity,application_backend	https://www.amazon.jobs/en/jobs/10438694/software-development-engineer-aws-iam-identity-center	1c4520672fb9109cbe8bb8d843b04a7cb44de22e2cd3f951d4af0112a98166ba
2026-09-16T15:57:53Z	10438695	491c6b88-4577-4d41-a607-13e1469da1b1	Software Development Engineer, AWS IAM Identity Center	CA, BC, Vancouver	Vancouver	BC	CAN	June 3, 2026		Software Development	aws	label=team-sde-primary		not_identified	preferred_only	none	cloud_infrastructure,security_identity,application_backend	https://www.amazon.jobs/en/jobs/10438695/software-development-engineer-aws-iam-identity-center	030e9368e2b5867ca8e97fa90fa6e2c1cd83317659a85ef9086914151b8ad49b
2026-09-16T15:57:53Z	10438698	d1490d81-7ef2-4f50-b0c6-e568e560a9d1	Software Development Engineer - AWS Identity & Access Management, AWS Identity	US, WA, Seattle	Seattle	WA	USA	June 3, 2026		Software Development	aws	label=team-sde-primary		not_identified	preferred_only	none	machine_learning,cloud_infrastructure,database_search,security_identity,application_backend	https://www.amazon.jobs/en/jobs/10438698/software-development-engineer-aws-identity-access-management-aws-identity	f4de064266fdc0bc379b286a98b73ca320cba992576d43c1fa10e9a5d29bb90a
2026-09-16T15:57:53Z	10438853	6f271485-7ea8-4d5d-b7fe-4d1798444a51	Senior Embedded Software Engineer, Emerging Devices Software	US, CA, Sunnyvale	Sunnyvale	CA	USA	June 3, 2026		Software Development	alexa-and-amazon-devices	label=devices-and-services-teams		not_identified	preferred_only	none	embedded_systems,application_backend	https://www.amazon.jobs/en/jobs/10438853/senior-embedded-software-engineer-emerging-devices-software	eb76bc3d8c1366415d2241419921b9e9b38dd5e5b04e478082256cb47797eae1
2026-09-16T15:57:53Z	10438906	032f0356-22f3-43f1-9394-1e466c0073a2	Software Development Engineer, AWS ElastiCache, AWS In memory databases	US, WA, Seattle	Seattle	WA	USA	June 3, 2026		Software Development	aws	label=team-sde-primary		not_identified	preferred_only	none	distributed_systems,cloud_infrastructure,database_search,application_backend	https://www.amazon.jobs/en/jobs/10438906/software-development-engineer-aws-elasticache-aws-in-memory-databases	652e139a94fea539edac6069ee2085ecda8c9980b6bc4fcedb42d7018fee6995
2026-09-16T15:57:53Z	10438962	65a679a9-9670-4924-8361-60eb60ed8e3c	Software Development Engineer II, Digital Acceleration	IN, TN, Chennai	Chennai	TN	IND	June 3, 2026		Software Development	entertainment	label=digital-acceleration		not_identified	preferred_only	none	distributed_systems	https://www.amazon.jobs/en/jobs/10438962/software-development-engineer-ii-digital-acceleration	766ea4d3e13850be536b8260545ff417fa481c28502cdd4e45506b98a3af0c9a
2026-09-16T15:57:53Z	10439010	9a34c1a7-861d-4896-8ab9-a9e1202beee6	Software Development Engineer, Digital Payments and Emerging Markets	MX, DIF, Mexico City	Mexico City	DIF	MEX	June 3, 2026		Software Development	international-stores	label=team-amazon-payments		not_identified	preferred_only	none	database_search,security_identity,frontend_mobile,application_backend	https://www.amazon.jobs/en/jobs/10439010/software-development-engineer-digital-payments-and-emerging-markets	9a69f378ea6806cfb811315b71c528bbe2124e1100b0c1e814e777635a4f8a55
2026-09-16T15:57:53Z	10439335	1a3a75f0-5905-42d5-af10-a939e0aec1d8	Senior Software Engineer, NetOS Fleet Health	US, CA, Cupertino	Cupertino	CA	USA	June 3, 2026		Software Development	aws	label=team-sde-primary		not_identified	basic_qualifications	none	cloud_infrastructure,networking,security_identity,operations_observability	https://www.amazon.jobs/en/jobs/10439335/senior-software-engineer-netos-fleet-health	f8611e8ede5c240a45a43a189a19ad29252c7ac47f3f982bededd600059248ce
2026-09-16T15:57:53Z	10439640	b54880e1-92ec-43e4-b160-3b04a9bdb265	Software Development Engineer, AWS	US, WA, Seattle	Seattle	WA	USA	June 4, 2026		Software Development	aws	label=team-sde-primary		not_identified	basic_qualifications	mention_only	compiler_mention,machine_learning,distributed_systems,cloud_infrastructure,networking,security_identity,embedded_systems,graphics_media,application_backend,operations_observability	https://www.amazon.jobs/en/jobs/10439640/software-development-engineer-aws	c4909f27358b32c30bf020be43335b59d3f30db814411afcc0b0d485c0e01326
2026-09-16T15:57:53Z	10439649	0959de95-c6fa-46ce-8817-dbcdf6d1bdac	Software Development Engineer, Veeqo	GB, Swansea	Swansea		GBR	June 4, 2026		Software Development	operations	label=veeqo		not_identified	preferred_only	none	security_identity	https://www.amazon.jobs/en/jobs/10439649/software-development-engineer-veeqo	be548ef2bdfca0baf5748fad3be65aee243df1426e9ae5ef50c65603c14a6553
2026-09-16T15:57:53Z	10439805	1ad0d13c-b4ed-41ec-b0d2-2ae02fce3719	Senior Software Development Engineer, AWS Professional Services - Products and Solutions	AU, NSW, Sydney	Sydney	NSW	AUS	June 4, 2026		Software Development	aws	label=team-pro-serv		not_identified	basic_qualifications	none	cloud_infrastructure,application_backend,operations_observability	https://www.amazon.jobs/en/jobs/10439805/senior-software-development-engineer-aws-professional-services-products-and-solutions	8eebed97dca00dd242ba47e0f7ac4482ba410c94ede34ebab1a8ef28fafb824c
2026-09-16T15:57:53Z	10439823	b76110b0-6395-48af-a7c1-4f2b4dcb0d4e	Software Development Engineer, FinTech - TFAW	IN, TS, Hyderabad	Hyderabad	TS	IND	June 4, 2026		Software Development	finance	label=team-fintech		not_identified	preferred_only	none	machine_learning,cloud_infrastructure,networking,database_search	https://www.amazon.jobs/en/jobs/10439823/software-development-engineer-fintech-tfaw	261f43e61a74ba8710b89e32af964da0b65e819d4cbc12bcf8127c05cfc7b919
2026-09-16T15:57:53Z	10440005	d85b951a-8162-47c6-b2b3-4405f8591775	Software Development Engineer, ElastiCache	US, WA, Seattle	Seattle	WA	USA	June 4, 2026		Software Development	aws	label=team-sde-primary		not_identified	basic_qualifications	none	distributed_systems,cloud_infrastructure,database_search,embedded_systems,application_backend,operations_observability	https://www.amazon.jobs/en/jobs/10440005/software-development-engineer-elasticache	29ba75e6b109cfbde47f56459ffa8684a8eeadff3514ad19e47ec6bb9d769ca8
2026-09-16T15:57:53Z	10440033	20282b63-96b5-4b82-b5e6-5670109029c7	Software Development Engineer, ElastiCache	US, WA, Seattle	Seattle	WA	USA	June 4, 2026		Software Development	aws	label=team-sde-primary		not_identified	basic_qualifications	none	distributed_systems,cloud_infrastructure,database_search,embedded_systems,application_backend,operations_observability	https://www.amazon.jobs/en/jobs/10440033/software-development-engineer-elasticache	7ea258a362c64a24acb3af3a2e4630f5edc09438506b08b257fd2811168e541d
2026-09-16T15:57:53Z	10440059	54b11e6a-840e-4a9c-a1bd-fe0d8b938f80	Software Development Engineer, Bespoke Solutions; ADC Hardware & Software Team	US, CO, Denver	Denver	CO	USA	June 4, 2026		Software Development	aws	label=team-us-security-clearance-jobs-primary		not_identified	basic_qualifications	none	cloud_infrastructure,networking,database_search,security_identity,embedded_systems,application_backend	https://www.amazon.jobs/en/jobs/10440059/software-development-engineer-bespoke-solutions-adc-hardware-software-team	76c693606aab03f9a5798accfb9273a2614116d8535d504d2098c3197fd29359
2026-09-16T15:57:53Z	10440288	ce9d0611-3626-4b70-816f-a04c78196435	Software Development Engineer — Storage	US, TX, Austin	Austin	TX	USA	June 4, 2026		Software Development	aws	label=team-aws-cloud-management		not_identified	basic_qualifications	none	cloud_infrastructure,networking,database_search,frontend_mobile,operations_observability	https://www.amazon.jobs/en/jobs/10440288/software-development-engineer-storage	d1494d60b48b9263df8fd425a17db3df0c11b73713dd31f8b13884527309b77a
2026-09-16T15:57:53Z	10440486	08ce3a10-17a1-419e-b816-f94e904dbbf8	Software Development Engineer – Amazon DynamoDB, AWS DynamoDB Global Tables	US, WA, Seattle	Seattle	WA	USA	June 4, 2026		Software Development	aws	label=team-sde-primary		not_identified	basic_qualifications	none	distributed_systems,cloud_infrastructure,database_search,embedded_systems,application_backend	https://www.amazon.jobs/en/jobs/10440486/software-development-engineer-amazon-dynamodb-aws-dynamodb-global-tables	f1021fc6b9c397a1a6992ded2bf5928a80993144dbcd8db195be289be846b887
2026-09-16T15:57:53Z	10440556	acdb8af1-9736-405b-b440-be2bdf48fde5	Software Development Engineer, DynamoDB Storage	US, WA, Seattle	Seattle	WA	USA	June 5, 2026		Software Development	aws	label=team-sde-primary		not_identified	preferred_only	none	distributed_systems,cloud_infrastructure,database_search,application_backend	https://www.amazon.jobs/en/jobs/10440556/software-development-engineer-dynamodb-storage	61ae43436a8d6e6ce6f858bb8bf0a9781b596cc84c146c2056fedd5386313f77
2026-09-16T15:57:53Z	10440557	8cc955b4-4279-4e22-9b4c-06c9d28520af	Software Development Engineer, DynamoDB Storage	US, WA, Seattle	Seattle	WA	USA	June 5, 2026		Software Development	aws	label=team-sde-primary		not_identified	preferred_only	none	distributed_systems,database_search	https://www.amazon.jobs/en/jobs/10440557/software-development-engineer-dynamodb-storage	ef6a29b3b01f08494ad51fa4a1ef9844df5dc0163906c4ab6af72d8d1706aafd
2026-09-16T15:57:53Z	10440660	0afef683-5b53-4448-a279-6e1f6ce41ab7	Software Development Engineer, Simple Email Service	IE, D, Dublin	Dublin	D	IRL	June 5, 2026		Software Development	aws	label=team-sde-primary		not_identified	preferred_only	none	distributed_systems,cloud_infrastructure,database_search,security_identity,application_backend,operations_observability	https://www.amazon.jobs/en/jobs/10440660/software-development-engineer-simple-email-service	87a70407c06d4a8060b9c9c7ed0f2cbca46ab7bfaf8af8ee6770e3fcfa7efb39
2026-09-16T15:57:53Z	10440874	052d7e0c-e27b-4b2f-94dc-1f41c9bcd966	Software Development Engineer, Open Data Analytics - Engines	US, WA, Redmond	Redmond	WA	USA	June 5, 2026		Software Development	aws	label=team-sde-primary		not_identified	preferred_only	mention_only	compiler_mention,distributed_systems,cloud_infrastructure,database_search,security_identity,application_backend	https://www.amazon.jobs/en/jobs/10440874/software-development-engineer-open-data-analytics-engines	05d5b517cb4e2884ff1e3aa95811b4d5c7b568f106a11a972c585244ecbbebbd
2026-09-16T15:57:53Z	10441067	9cbc7eb2-bc69-4b7d-a54c-adacc1e0ae3d	Software Dev Engineer II, Quick Commerce	US, WA, Bellevue	Bellevue	WA	USA	June 5, 2026		Software Development	operations	label=team-dex		not_identified	preferred_only	none	application_backend	https://www.amazon.jobs/en/jobs/10441067/software-dev-engineer-ii-quick-commerce	bfbc9ae83188853f202c7f7818ed5a886e542947ce87982b6280f711368e9789
2026-09-16T15:57:53Z	10441103	9859d0c5-96bc-4c9d-9cb0-ec2490bcbcc0	Senior Software Development Engineer, Aurora PostgreSQL	IN, KA, Bengaluru	Bengaluru	KA	IND	June 5, 2026		Software Development	aws	label=team-sde-primary		not_identified	preferred_only	none	distributed_systems,cloud_infrastructure,database_search,security_identity,application_backend	https://www.amazon.jobs/en/jobs/10441103/senior-software-development-engineer-aurora-postgresql	ba2097a8663e13330b01b3db13a490c2e391d299ab7731c772ea713e3ffa5f8c
2026-09-16T15:57:53Z	10441140	049ace83-8bb1-48e3-9053-7c566dc24cb4	Software Development Engineer, AWS	US, WA, Seattle	Seattle	WA	USA	June 5, 2026		Software Development	aws	label=team-aws-sdm		not_identified	basic_qualifications	mention_only	compiler_mention,machine_learning,distributed_systems,cloud_infrastructure,networking,security_identity,embedded_systems,graphics_media,application_backend,operations_observability	https://www.amazon.jobs/en/jobs/10441140/software-development-engineer-aws	20e48f898020fbef90a418d8d2c649c11896dff40aa86d05bfa06036c4a57ea8
2026-09-16T15:57:53Z	10441181	ff201a9f-8b26-4842-b51c-8051e6d161a5	Software Development Engineer, Route 53 Domains	CA, BC, Vancouver	Vancouver	BC	CAN	June 5, 2026		Software Development	aws	label=team-sde-primary		not_identified	not_stated	none	cloud_infrastructure,networking,security_identity,application_backend,operations_observability	https://www.amazon.jobs/en/jobs/10441181/software-development-engineer-route-53-domains	cb5bdfd034a52ad41d81c5e59488ae5511ca53e2e89d35f35e3cc983b140b3d5
2026-09-16T15:57:53Z	10441186	9860cc9a-9033-4963-a15c-7f6a45b9866b	Senior Software Development Engineer, AWS Compliance & Security Assurance	US, WA, Seattle	Seattle	WA	USA	June 5, 2026		Software Development	amazon-security	label=team-aws-security		not_identified	preferred_only	none	machine_learning,distributed_systems,cloud_infrastructure,security_identity,application_backend	https://www.amazon.jobs/en/jobs/10441186/senior-software-development-engineer-aws-compliance-security-assurance	0a10742ffccea708eff47758525bf301c2e460d2d759580279a7ab29cc522eab
2026-09-16T15:57:53Z	10441291	27cc7534-5d37-4227-bf18-7b578b173a7b	Software Development Engineer, AWS IAM Distributed Database System	US, WA, Seattle	Seattle	WA	USA	June 5, 2026		Software Development	aws	label=team-sde-primary		not_identified	preferred_only	none	distributed_systems,cloud_infrastructure,database_search,security_identity,graphics_media,application_backend,operations_observability	https://www.amazon.jobs/en/jobs/10441291/software-development-engineer-aws-iam-distributed-database-system	ac1ba650b60aa59ce3bcc650704b862eb1aa408ac8feeb300b13d0b1f8ba6e4a
2026-09-16T15:57:53Z	10441292	da7a2a41-76da-45f9-bea5-d1818c5e060c	Software Development Engineer, AWS IAM Distributed Database System	US, WA, Seattle	Seattle	WA	USA	June 5, 2026		Software Development	aws	label=team-sde-primary		not_identified	preferred_only	none	distributed_systems,cloud_infrastructure,database_search,security_identity,graphics_media,application_backend,operations_observability	https://www.amazon.jobs/en/jobs/10441292/software-development-engineer-aws-iam-distributed-database-system	0ba801d1dc0f8e63f6f8dbfa0b5e0fa6c728d408e84dd7af3a1880003a67ca56
2026-09-16T15:57:53Z	10441311	3449239b-69e9-4e63-b00f-033899e5521d	Software Development Engineer, AWS IAM Distributed Database System	US, WA, Seattle	Seattle	WA	USA	June 5, 2026		Software Development	aws	label=team-sde-primary		not_identified	preferred_only	none	distributed_systems,cloud_infrastructure,database_search,security_identity,graphics_media,application_backend,operations_observability	https://www.amazon.jobs/en/jobs/10441311/software-development-engineer-aws-iam-distributed-database-system	f57f9075eb18dc3874bb1c1a0fc208c84cf8163673b32ae4485dd14247095295
2026-09-16T15:57:53Z	10441337	458aa8f1-7898-4616-be34-1520b307c035	Senior Software Development Engineer, AWS Identity and Access Management	US, WA, Seattle	Seattle	WA	USA	June 5, 2026		Software Development	aws	label=team-sde-primary		not_identified	preferred_only	none	distributed_systems,cloud_infrastructure,database_search,security_identity,application_backend,operations_observability	https://www.amazon.jobs/en/jobs/10441337/senior-software-development-engineer-aws-identity-and-access-management	9259b8c56c7b2c487be6559ab4f0f5ca4f5d6a438408bdf578f6b3635c4685e3
2026-09-16T15:57:53Z	10441446	867e4025-b811-4fcd-8b70-cd65b715e78d	Software Development Engineer III, Alexa Connected Devices	US, CA, Sunnyvale	Sunnyvale	CA	USA	June 5, 2026		Software Development	alexa-and-amazon-devices	label=devices-and-services-teams		not_identified	preferred_only	none	cloud_infrastructure	https://www.amazon.jobs/en/jobs/10441446/software-development-engineer-iii-alexa-connected-devices	fef84743056c2e0f3088e9f115f14a5b33d2965c1665b17d249e7277d085a2f7
2026-09-16T15:57:53Z	10441474	d08043bc-cd99-4249-9140-31140fb16d3a	Software Development Engineer II, Hosted Execution (HEX)	US, WA, Seattle	Seattle	WA	USA	June 5, 2026		Software Development	ecp	label=engine		not_identified	basic_qualifications	none	distributed_systems,cloud_infrastructure,embedded_systems,operations_observability	https://www.amazon.jobs/en/jobs/10441474/software-development-engineer-ii-hosted-execution-hex	3f01ae249cfb5d1f6f6e5f6903a0c98fffbb59a7dc33171e113a78e336a8e43c
2026-09-16T15:57:53Z	10442033	0e6789c9-34a1-40dd-81b4-650214f70ae8	Software Development Engineer (open-source)	IE, D, Dublin	Dublin	D	IRL	June 8, 2026		Software Development	aws	label=team-sde-primary		not_identified	basic_qualifications	none	cloud_infrastructure,security_identity	https://www.amazon.jobs/en/jobs/10442033/software-development-engineer-open-source	972f450b9f0302efb3d9d89a5f2544a8d6b30011283ed5589124f09e94fa5c31
2026-09-16T15:57:53Z	10442110	f4f336d1-a09c-482d-9fd4-6719edc3e08d	Software Development Engineer II, Digital Acceleration	IN, TN, Chennai	Chennai	TN	IND	June 8, 2026		Software Development	entertainment	label=digital-acceleration		not_identified	basic_qualifications	none	cloud_infrastructure,networking,frontend_mobile,application_backend,operations_observability	https://www.amazon.jobs/en/jobs/10442110/software-development-engineer-ii-digital-acceleration	001eb100e84325140488990861992bc95b5511ca86fb4bcef035a0ebac67d8d2
2026-09-16T15:57:53Z	10442299	4d233d77-7b7d-4ed6-ad15-95469b77640c	Software Development Engineer III, RoW AIM TECH, Global Logistics	IN, TS, Hyderabad	Hyderabad	TS	IND	June 8, 2026		Software Development	no-business-category	label=no-team-listed		not_identified	basic_qualifications	none	distributed_systems,cloud_infrastructure,database_search	https://www.amazon.jobs/en/jobs/10442299/software-development-engineer-iii-row-aim-tech-global-logistics	2d2622d931f4d3780a98bcbcd09a1abc6c0db78937bdec76bfb9c30bf32bb721
2026-09-16T15:57:53Z	10442581	895a4e1d-3bf4-4204-b6fa-b4421012b8c9	Software Development Engineer, Amazon Timestream	US, WA, Seattle	Seattle	WA	USA	June 8, 2026		Software Development	aws	label=team-sde-primary		not_identified	basic_qualifications	none	distributed_systems,cloud_infrastructure,database_search,embedded_systems,frontend_mobile,operations_observability	https://www.amazon.jobs/en/jobs/10442581/software-development-engineer-amazon-timestream	75f2fe4bf36c846318206eb2dd75307b67db7c366efc25d258ebfcff7dbccaae
2026-09-16T15:57:53Z	10442713	b1595e94-907e-48da-b9a7-5df62378345a	Sr. Software Dev Engineer, Routing Platform	US, WA, Bellevue	Bellevue	WA	USA	June 8, 2026		Software Development	transportation-and-logistics	label=team-last-mile-delivery-tech		not_identified	preferred_only	none	cloud_infrastructure,networking,database_search,application_backend	https://www.amazon.jobs/en/jobs/10442713/sr-software-dev-engineer-routing-platform	779e44cc91672d4469b3ce86e19fe105be0d647444cf734df4475bf703799fcf
2026-09-16T15:57:53Z	10442900	4b581a2d-b0e7-493f-8562-0f8491080126	Senior Software Development Engineer , P&S Engineering Services	US, NY, New York	New York	NY	USA	June 8, 2026		Software Development	aws	label=team-pro-serv		not_identified	basic_qualifications	none	machine_learning,distributed_systems,cloud_infrastructure,application_backend	https://www.amazon.jobs/en/jobs/10442900/senior-software-development-engineer-p-s-engineering-services	90243a76b17546419263a82bab4f2c0e02f88f505d6287f9f921592670bb8639
2026-09-16T15:57:53Z	10442986	e3cf902e-748c-40be-9d81-65214fc90b08	Software Development Engineer, AWS	US, WA, Seattle	Seattle	WA	USA	June 8, 2026		Software Development	aws	label=team-aws-sdm		not_identified	basic_qualifications	mention_only	compiler_mention,machine_learning,distributed_systems,cloud_infrastructure,networking,security_identity,embedded_systems,graphics_media,application_backend,operations_observability	https://www.amazon.jobs/en/jobs/10442986/software-development-engineer-aws	dc6c081dad8645e23a24b6154a678f80aeaf38e3d8d8e97eb9ccd5a54ba526da
2026-09-16T15:57:53Z	10442997	141ddfcf-cb1f-4ec8-806f-e4fe81c1a392	Senior Software Development Engineer, Customer 360	US, WA, Seattle	Seattle	WA	USA	June 8, 2026		Software Development	consumer_engagement	label=team-personalization		not_identified	preferred_only	none	machine_learning,distributed_systems,cloud_infrastructure,application_backend	https://www.amazon.jobs/en/jobs/10442997/senior-software-development-engineer-customer-360	6f3e51699cafe6b45dbbc9a9b09e6438be82c634da1c3ab8f590b552b01a88fa
2026-09-16T15:57:53Z	10443005	d846b743-49ba-4cab-b55c-282f89e79429	Sr. SDE, Amazon WorkSpaces - Control Plane	US, WA, Seattle	Seattle	WA	USA	June 8, 2026		Software Development	aws	label=team-sde-primary		not_identified	preferred_only	none	distributed_systems,cloud_infrastructure,frontend_mobile,application_backend	https://www.amazon.jobs/en/jobs/10443005/sr-sde-amazon-workspaces-control-plane	2bfb0477b66074126f74dd0ea2c03fb11944a0822dfce61c0c0d78ecb22ca78b
2026-09-16T15:57:53Z	10443057	5c3e33c0-c382-4173-9e86-d791e0dd6abc	Senior Software Development Engineer (Payload SW), STAR (System Test Automation and Regression)	US, WA, Redmond	Redmond	WA	USA	June 8, 2026		Software Development	alexa-and-amazon-devices	label=team-project-kuiper		not_identified	preferred_only	none	distributed_systems,cloud_infrastructure,networking,embedded_systems,operations_observability	https://www.amazon.jobs/en/jobs/10443057/senior-software-development-engineer-payload-sw-star-system-test-automation-and-regression	40eecc31eeb7f55196c7122277d66eb841e2163dc8872d605a1c8360ed951014
2026-09-16T15:57:53Z	10443536	0df01558-7633-4c86-84e2-c6de8e3f58fe	Senior Software Developer Engineer, AWS Compliance & Security Assurance	US, WA, Seattle	Seattle	WA	USA	June 9, 2026		Software Development	amazon-security	label=team-aws-security		not_identified	preferred_only	none	machine_learning,distributed_systems,cloud_infrastructure,security_identity,application_backend	https://www.amazon.jobs/en/jobs/10443536/senior-software-developer-engineer-aws-compliance-security-assurance	86b8d077c073b002d0f15d91eec468b7bae55783b0601f1f6988ed6202106aa0
2026-09-16T15:57:53Z	10443590	419bd2d2-c875-47a7-864d-925daa4bc7d6	Senior Software Engineer - Deployment Infrastructure, EBS Server Agility	US, MA, Boston	Boston	MA	USA	June 9, 2026		Software Development	aws	label=team-sde-primary		not_identified	preferred_only	none	cloud_infrastructure,database_search,security_identity,operations_observability	https://www.amazon.jobs/en/jobs/10443590/senior-software-engineer-deployment-infrastructure-ebs-server-agility	81daf65b10854ad8080ab80ef0ad0c3b3911352025a1b5f6dcd199249e63b75d
2026-09-16T15:57:53Z	10443637	262c0113-9108-4d5e-9b15-905e6011de6d	Software Development Engineer - Developer Infrastructure, AWS EBS, EBS Server Agility	US, MA, Boston	Boston	MA	USA	June 9, 2026		Software Development	aws	label=team-sde-primary		not_identified	basic_qualifications	none	distributed_systems,cloud_infrastructure,database_search,security_identity,embedded_systems,operations_observability	https://www.amazon.jobs/en/jobs/10443637/software-development-engineer-developer-infrastructure-aws-ebs-ebs-server-agility	d99205af3d00b1b46f07005fd73ad2d9f1f3050e1c835a788945ca15719babdb
2026-09-16T15:57:53Z	10443638	45790102-005e-4f18-9d45-72a4b76353b9	Senior Software Engineer - Developer Infrastructure, AWS EBS, EBS Server Agility	US, MA, Boston	Boston	MA	USA	June 9, 2026		Software Development	aws	label=team-sde-primary		not_identified	preferred_only	none	cloud_infrastructure,database_search,operations_observability	https://www.amazon.jobs/en/jobs/10443638/senior-software-engineer-developer-infrastructure-aws-ebs-ebs-server-agility	6266d878071dc9dec1344abe4177784b16a895947b0f48baaf86d91ed287b5bc
2026-09-16T15:57:53Z	10443639	e4d5ac3d-a15b-4d6a-ac7a-4983c350548f	Software Development Engineer - Developer Infrastructure, AWS, EBS Server Agility	US, MA, Boston	Boston	MA	USA	June 9, 2026		Software Development	aws	label=team-sde-primary		not_identified	basic_qualifications	none	distributed_systems,cloud_infrastructure,database_search,embedded_systems,operations_observability	https://www.amazon.jobs/en/jobs/10443639/software-development-engineer-developer-infrastructure-aws-ebs-server-agility	b8571fc4834782b4f8456eb163a725e599d42f55658b52c7088e784faf9ee56f
2026-09-16T15:57:53Z	10443815	086dd717-e67e-41f1-80de-b1416678af48	Sr Software Dev Engineer, AI Agent Identity & Governance, AWS Applied AI Solution – Core Services	US, WA, Seattle	Seattle	WA	USA	June 9, 2026		Software Development	aws	label=team-sde-primary		not_identified	preferred_only	none	machine_learning,distributed_systems,cloud_infrastructure,security_identity,application_backend	https://www.amazon.jobs/en/jobs/10443815/sr-software-dev-engineer-ai-agent-identity-governance-aws-applied-ai-solution-core-services	d70ff6c1e74be0ff20ef3500e7d520dbff028f2701c9e24e4e92156a3b87e5fc
2026-09-16T15:57:53Z	10443835	5695dcd7-0d77-4806-b793-dcd462381bf1	Software Development Engineer, Digital Payments and Emerging Markets	MX, DIF, Mexico City	Mexico City	DIF	MEX	June 9, 2026		Software Development	international-stores	label=team-amazon-payments		not_identified	preferred_only	none	database_search,security_identity,frontend_mobile,application_backend	https://www.amazon.jobs/en/jobs/10443835/software-development-engineer-digital-payments-and-emerging-markets	9eb486de66bd72824456e47721c55cbe8aa26f0eabbb7441231f04a4a9f132c9
2026-09-16T15:57:53Z	10443951	4c93902a-3a2d-4af0-9919-5ae1dd1c4b9c	Software Engineer II, AWS CloudFormation	US, WA, Seattle	Seattle	WA	USA	June 9, 2026		Software Development	aws	label=team-sde-primary		not_identified	basic_qualifications	none	distributed_systems,cloud_infrastructure,database_search,embedded_systems,application_backend,operations_observability	https://www.amazon.jobs/en/jobs/10443951/software-engineer-ii-aws-cloudformation	b2bebfaf2afd7fd4f9693a6e6001f969bd5974381da382f2732005067dd45a99
2026-09-16T15:57:53Z	10443980	2f516733-6db8-49b6-b642-3d1d44224926	Software Development Engineer II, WW Prime Tech	CA, BC, Vancouver	Vancouver	BC	CAN	June 9, 2026		Software Development	retail	label=team-us-amazon-prime		not_identified	preferred_only	none	distributed_systems,cloud_infrastructure	https://www.amazon.jobs/en/jobs/10443980/software-development-engineer-ii-ww-prime-tech	3247f8fdff0954446f83dcdb7d126ff711ffcd424c189e55b0449c96b9bfa7ff
2026-09-16T15:57:53Z	10444165	ae4aa9be-499f-4d87-a22b-bfecef7f7588	Sr. Software Engineer, AWS Global Accelerator, AWS Global Accelerator	US, WA, Seattle	Seattle	WA	USA	June 9, 2026		Software Development	aws	label=team-sde-primary		not_identified	preferred_only	none	distributed_systems,cloud_infrastructure,networking,database_search,security_identity,embedded_systems,operations_observability	https://www.amazon.jobs/en/jobs/10444165/sr-software-engineer-aws-global-accelerator-aws-global-accelerator	39a9e3e5c12ce8d4facb6d1dd277bf4678a9d6669283cb94ee2e2efe98d63c82
2026-09-16T15:57:53Z	10444387	14fc2632-e401-4381-9da2-da132ce98262	Software Dev Engineer III, Measurement and Data Science	IN, KA, Bengaluru	Bengaluru	KA	IND	June 10, 2026		Software Development	advertising	label=team-amazon-ads		not_identified	preferred_only	none	distributed_systems,cloud_infrastructure,database_search,frontend_mobile,application_backend	https://www.amazon.jobs/en/jobs/10444387/software-dev-engineer-iii-measurement-and-data-science	05bdcf5a258521bce863ad86f711312786b6fbac688d1b0db1fe60edd1dc1a9c
2026-09-16T15:57:53Z	10444927	a626d392-dbcc-433e-bbd3-29ed2c731b16	Software Dev Engineer II, Stores Foundational AI -SFAI	US, WA, Seattle	Seattle	WA	USA	June 10, 2026		Software Development	retail	label=team-search-experience		not_identified	not_stated	none	machine_learning,distributed_systems,cloud_infrastructure,networking,database_search,embedded_systems,graphics_media,operations_observability	https://www.amazon.jobs/en/jobs/10444927/software-dev-engineer-ii-stores-foundational-ai-sfai	50433e5728d13149db89d5eb2cf5001a3e6ce27975bd1e12f9bd36118e234cb1
2026-09-16T15:57:53Z	10444966	0ae3c590-d807-4d2a-8f58-5d20a136ca15	Sr Software Engineer, Graviton Software, Annapurna Labs	US, TX, Austin	Austin	TX	USA	June 10, 2026		Software Development	aws	label=team-sde-primary		not_identified	preferred_only	mention_only	compiler_mention,cloud_infrastructure,database_search,embedded_systems,application_backend	https://www.amazon.jobs/en/jobs/10444966/sr-software-engineer-graviton-software-annapurna-labs	039f2d0e35c7b622149b6a2e63198842b3f602fab4a1ba3b94610a15d5842a09
2026-09-16T15:57:53Z	10444995	8f084175-9f80-4264-b3b2-3161c11f39dc	Senior Software Development Engineer, AWS ElastiCache, ElastiCache	IL, Tel Aviv	Tel Aviv		ISR	June 10, 2026		Software Development	aws	label=team-sde-primary		not_identified	preferred_only	none	distributed_systems,cloud_infrastructure,database_search,security_identity	https://www.amazon.jobs/en/jobs/10444995/senior-software-development-engineer-aws-elasticache-elasticache	754d5ec5bb93c893c7bb13dffb2b273b42016dc9c5edfe5ada2bb9018ee656d2
2026-09-16T15:57:53Z	10445119	0beb4273-d326-4ba2-bb4d-f3d204f761fb	Software Development Engineer (Elastic Kubernetes Service), EKS Scalability & Performance	US, WA, Seattle	Seattle	WA	USA	June 10, 2026		Software Development	aws	label=team-sde-primary		not_identified	basic_qualifications	none	machine_learning,distributed_systems,cloud_infrastructure,networking,security_identity,embedded_systems,application_backend	https://www.amazon.jobs/en/jobs/10445119/software-development-engineer-elastic-kubernetes-service-eks-scalability-performance	be74ff0e689e6f299bc3a8be8633a678a688eb3e86325240a00aa15b3b36e81d
2026-09-16T15:57:53Z	10445121	df326d20-a5a9-4add-9d38-e86b3d1cba5e	Software Dev Engineer II	US, WA, Seattle	Seattle	WA	USA	June 10, 2026		Software Development	aws	label=team-sde-primary		not_identified	preferred_only	none	machine_learning,distributed_systems,cloud_infrastructure,application_backend	https://www.amazon.jobs/en/jobs/10445121/software-dev-engineer-ii	6bafd932cf677ef14ef279bc0e69b9ee92ba34b0cd780a2a3061f8473128325f
2026-09-16T15:57:53Z	10445126	0e9bfdab-5134-4e1c-a21e-302ec1007167	Software Development Engineer – Big Data, AWS Elastic MapReduce (EMR)	US, WA, Redmond	Redmond	WA	USA	June 10, 2026		Software Development	aws	label=team-sde-primary		not_identified	not_stated	none	machine_learning,distributed_systems,cloud_infrastructure,database_search,application_backend	https://www.amazon.jobs/en/jobs/10445126/software-development-engineer-big-data-aws-elastic-mapreduce-emr	e17ab44051d24963a1fb765825e4ec297641076ec48835c67a2a219051a26e2b
2026-09-16T15:57:53Z	10445128	b7c96f0f-7ae2-45d2-9ad2-fec3f3aa3415	Senior Software Engineer, EC2 Nitro	US, WA, Seattle	Seattle	WA	USA	June 10, 2026		Software Development	aws	label=team-sde-primary		not_identified	preferred_only	none	cloud_infrastructure,networking,security_identity,embedded_systems,operations_observability	https://www.amazon.jobs/en/jobs/10445128/senior-software-engineer-ec2-nitro	02d2d69a212a4156b737c4b6d01258139d1e904d4d825dc1cead8dc8760757c1
2026-09-16T15:57:53Z	10445132	539daca2-9e7c-4724-b62b-20ce8bc3ad72	Sr Embedded SDE III, Hardware Engineering Services	US, CA, Cupertino	Cupertino	CA	USA	June 10, 2026		Software Development	aws	label=team-sde-primary		not_identified	preferred_only	none	cloud_infrastructure,networking,database_search,security_identity,embedded_systems,application_backend	https://www.amazon.jobs/en/jobs/10445132/sr-embedded-sde-iii-hardware-engineering-services	3554b431292b7369fa441c9a766606664643897a84c41e13c4c1d5987b79ca58
2026-09-16T15:57:53Z	10445231	fdd00951-4652-4b23-9fcf-01f68de23d6d	Software Development Engineer, Aurora DSQL	US, WA, Seattle	Seattle	WA	USA	June 10, 2026		Software Development	aws	label=team-sde-primary		not_identified	preferred_only	none	distributed_systems,cloud_infrastructure,database_search,security_identity,application_backend,operations_observability	https://www.amazon.jobs/en/jobs/10445231/software-development-engineer-aurora-dsql	3e273b018537bc0110dd0f61c3123f6896a96123d53854782582a23d897b9a1f
2026-09-16T15:57:53Z	10445237	01679172-dc19-4f5d-bfb2-41c17671b3ec	Software Development Engineer II - Amazon MSK, Managed Streaming Kafka (MSK), MSK Hoover	US, WA, Seattle	Seattle	WA	USA	June 10, 2026		Software Development	aws	label=team-sde-primary		not_identified	preferred_only	none	machine_learning,distributed_systems,cloud_infrastructure,graphics_media,application_backend,operations_observability	https://www.amazon.jobs/en/jobs/10445237/software-development-engineer-ii-amazon-msk-managed-streaming-kafka-msk-msk-hoover	afd908545d2c82e5214cf22913bfcdaaa4cafbd8febd1c58e81329b7198c31bf
2026-09-16T15:57:53Z	10445310	79a68677-fdff-435d-9f07-0b33fba232f6	Software Development Engineer II, AWS Transform, AWS Transform	US, WA, Seattle	Seattle	WA	USA	June 10, 2026		Software Development	aws	label=team-sde-primary		not_identified	basic_qualifications	none	machine_learning,distributed_systems,cloud_infrastructure,security_identity,embedded_systems	https://www.amazon.jobs/en/jobs/10445310/software-development-engineer-ii-aws-transform-aws-transform	9a6863ad5902e502534ca8f1c204071a44deeb050dfb1b90050ce702383cf098
2026-09-16T15:57:53Z	10445391	9b2c499c-b03f-4a80-8d60-cfbb5850594c	Embedded Software Engineer, Leo MAC	US, WA, Redmond	Redmond	WA	USA	June 10, 2026		Software Development	alexa-and-amazon-devices	label=team-project-kuiper		not_identified	basic_qualifications	none	distributed_systems,networking,embedded_systems	https://www.amazon.jobs/en/jobs/10445391/embedded-software-engineer-leo-mac	b17c972fd9691f691d5061ba735c909b44e481222d9a7af634cc98f716e5cb81
2026-09-16T15:57:53Z	10445428	ef1aa4b5-05b8-4ebc-ace9-4b003dd87246	Software Dev Engineer, Firmware Builder Services	US, WA, Seattle	Seattle	WA	USA	June 10, 2026		Software Development	aws	label=team-sde-primary		not_identified	basic_qualifications	none	distributed_systems,cloud_infrastructure,networking,database_search,security_identity,embedded_systems,frontend_mobile,application_backend	https://www.amazon.jobs/en/jobs/10445428/software-dev-engineer-firmware-builder-services	8f2d354a3769fd5d386ae414d083578c274323969bbadfbb18b13be766539789
2026-09-16T15:57:53Z	10446001	0f2f7a5d-4271-4a85-90f7-ec7f0c4ebac7	Software Engineer, Scanless Tech - Applied Automation	US, MA, Westboro	Westboro	MA	USA	June 11, 2026		Software Development	subsidiaries	label=team-amazon-robotics		not_identified	basic_qualifications	none	machine_learning,distributed_systems,cloud_infrastructure,networking,embedded_systems,graphics_media,operations_observability	https://www.amazon.jobs/en/jobs/10446001/software-engineer-scanless-tech-applied-automation	fea62bbbe51d8c02e57cd10a83e7ecd8d22d7400f35d8b88eecc8781bd27ecc7
2026-09-16T15:57:53Z	10446737	ffaa6730-4fb0-494d-9e91-ff2e4b0e5480	Embedded Software Dev Engineer, Amazon Leo CT SW Team	US, WA, Redmond	Redmond	WA	USA	June 11, 2026		Software Development	alexa-and-amazon-devices	label=team-project-kuiper		not_identified	basic_qualifications	none	distributed_systems,networking,embedded_systems	https://www.amazon.jobs/en/jobs/10446737/embedded-software-dev-engineer-amazon-leo-ct-sw-team	e6241e8e1fdad564c7a64f0bf0c8673c3f158d4b9c5efda6b590b17d14c8e170
2026-09-16T15:57:53Z	10446805	ee5a40ad-f4d1-4728-af90-3ecf4fa63dd5	Software Development Engineer II - Amazon MSK, Managed Streaming Kafka (MSK)	US, WA, Seattle	Seattle	WA	USA	June 11, 2026		Software Development	aws	label=team-sde-primary		not_identified	preferred_only	none	cloud_infrastructure,database_search,security_identity,graphics_media,application_backend	https://www.amazon.jobs/en/jobs/10446805/software-development-engineer-ii-amazon-msk-managed-streaming-kafka-msk	1c8fe02d45030a891076d732aeb5e73bb68bbf937b7ed404ea434b7ba516cb32
2026-09-16T15:57:53Z	10446927	3a7ed770-26e1-4961-8173-ce6383fa4803	Embedded SDE II, Hardware Engineering Services	US, CA, Cupertino	Cupertino	CA	USA	June 11, 2026		Software Development	aws	label=team-sde-primary		not_identified	preferred_only	none	cloud_infrastructure,networking,database_search,security_identity,embedded_systems,application_backend	https://www.amazon.jobs/en/jobs/10446927/embedded-sde-ii-hardware-engineering-services	0b275a53e1309667d0d0e9cf51015187e777bb863cfc8338a4a676624910f574
2026-09-16T15:57:53Z	10446935	76c427e7-d77e-421d-8d06-05b33c53bb8b	Embedded Software Development Engineer II, AWS Hardware Engineering Services	US, TX, Austin	Austin	TX	USA	June 11, 2026		Software Development	aws	label=team-sde-primary		not_identified	basic_qualifications	none	cloud_infrastructure,networking,database_search,security_identity,embedded_systems,application_backend	https://www.amazon.jobs/en/jobs/10446935/embedded-software-development-engineer-ii-aws-hardware-engineering-services	f434d8590768f0fb9ec982d9c27ce7416fa5f7a2073d036b26cd732e844fa846
2026-09-16T15:57:53Z	10446938	e0a624dc-5208-473e-ae5e-8f1d20e05e51	Sr Software Engineer - BIOS, AWS Hardware Engineering, Firmware Development	US, CA, Cupertino	Cupertino	CA	USA	June 11, 2026		Software Development	aws	label=team-sde-primary		not_identified	preferred_only	none	cloud_infrastructure,security_identity,embedded_systems,graphics_media,application_backend	https://www.amazon.jobs/en/jobs/10446938/sr-software-engineer-bios-aws-hardware-engineering-firmware-development	414357b1e5c28be1df5b79204bbfd505b2ee4b6e8f643da40f8f56c47aaac1e5
2026-09-16T15:57:53Z	10446946	29d02023-b3c1-477d-b9be-6020adf9daac	Software Development Engineer II, AWS Firmware Builder Services	US, CA, Cupertino	Cupertino	CA	USA	June 11, 2026		Software Development	aws	label=team-sde-primary		not_identified	basic_qualifications	none	distributed_systems,cloud_infrastructure,networking,database_search,security_identity,embedded_systems,frontend_mobile,application_backend	https://www.amazon.jobs/en/jobs/10446946/software-development-engineer-ii-aws-firmware-builder-services	26b22dfbd2ea63dd5a44c710495e08ce1c95d69ffbc819eb4c9365fca3c5905d
2026-09-16T15:57:53Z	10446957	fae21b35-6ad2-4b4f-afaa-88f241f2056d	Software Development Engineer - II, FinTech - TFAW	IN, TS, Hyderabad	Hyderabad	TS	IND	June 11, 2026		Software Development	finance	label=team-fintech		not_identified	preferred_only	none	machine_learning,cloud_infrastructure,networking,database_search	https://www.amazon.jobs/en/jobs/10446957/software-development-engineer-ii-fintech-tfaw	6975351f24dcb62422743d8ba3558b782e57e5d6ec7d828aa0192116222591b9
2026-09-16T15:57:53Z	10447059	590dc529-da09-4c9c-9f2e-0e4f4568c175	Software Development Engineer - Elasticache, AWS ElastiCache	IE, D, Dublin	Dublin	D	IRL	June 11, 2026		Software Development	aws	label=team-sde-primary		not_identified	preferred_only	none	distributed_systems,cloud_infrastructure,database_search,security_identity,application_backend,operations_observability	https://www.amazon.jobs/en/jobs/10447059/software-development-engineer-elasticache-aws-elasticache	83080b8f684f1a1088ba3f60609e63edc829ae966f1b77e041460389a4e93901
2026-09-16T15:57:53Z	10447538	c2c63322-3e06-405b-b1ad-e675f78aba51	Software Development Engineer	ZA, Cape Town	Cape Town		ZAF	June 12, 2026		Software Development	aws	label=team-sde-primary		not_identified	preferred_only	none	cloud_infrastructure,database_search,security_identity,frontend_mobile,application_backend,operations_observability	https://www.amazon.jobs/en/jobs/10447538/software-development-engineer	bc0c037d509be7ff5ef83cdedb0ab3fa28242a8e99e743ce0f2645eac57fa7a0
2026-09-16T15:57:53Z	10447560	1afb43ff-99fe-4a24-98a6-f41d912de83d	Software Development Engineer – 2026	ZA, Cape Town	Cape Town		ZAF	June 12, 2026		Software Development	studentprograms	label=team-jobs-for-grads		not_identified	basic_qualifications	none	distributed_systems,cloud_infrastructure,database_search,security_identity,frontend_mobile,application_backend,operations_observability	https://www.amazon.jobs/en/jobs/10447560/software-development-engineer-2026	a438cc45ae5e983d1a0b87ab034263c5e9db0663895d66a33c518fbafc633b26
2026-09-16T15:57:53Z	10447774	cef1f7ee-f0ff-48a9-83cb-b9d1d84a55ab	Software Development Engineer - Elasticache, AWS ElastiCache	IE, D, Dublin	Dublin	D	IRL	June 12, 2026		Software Development	aws	label=team-sde-primary		not_identified	preferred_only	none	distributed_systems,cloud_infrastructure,database_search,security_identity,application_backend,operations_observability	https://www.amazon.jobs/en/jobs/10447774/software-development-engineer-elasticache-aws-elasticache	94aea6f8f22889a55387269ea417b973a69de71ab708ba5d960b9abfec480f2c
2026-09-16T15:57:53Z	10447886	2a9d9080-2285-440f-b7f3-5d70952a1b31	Software Dev Engineer, Machine Learning Compilers	US, CA, Sunnyvale	Sunnyvale	CA	USA	June 12, 2026		Software Development	alexa-and-amazon-devices	label=devices-and-services-teams		not_identified	preferred_only	core_candidate_title	compiler_mention,machine_learning,cloud_infrastructure,networking,embedded_systems,application_backend	https://www.amazon.jobs/en/jobs/10447886/software-dev-engineer-machine-learning-compilers	7aeac55c1f8943abbaf0402434afcacef100d990d1e36b9eedd7043addc657f2
2026-09-16T15:57:53Z	10448083	55af949d-7805-44bf-b4a9-3cd0b2d4adfd	SDE-T , Ring/Blink CS Technology Enablement	US, CA, Hawthorne	Hawthorne	CA	USA	June 12, 2026		Software Development	alexa-and-amazon-devices	label=team-ring-key-blink		not_identified	not_stated	none	cloud_infrastructure,database_search,security_identity,application_backend,operations_observability	https://www.amazon.jobs/en/jobs/10448083/sde-t-ring-blink-cs-technology-enablement	9a3d76925120c92dea4bde6b2397b94f5fd7e1f601258dc4621fd2c7a1762b9d
2026-09-16T15:57:53Z	10448305	0210aa6f-2a64-469c-bb0c-730245aadc19	Runtime/Driver Software Development Engineer, Neuron Runtime	US, TX, Austin	Austin	TX	USA	June 12, 2026		Software Development	aws	label=team-machine-learning-primary		not_identified	preferred_only	mention_only	compiler_mention,machine_learning,cloud_infrastructure,embedded_systems	https://www.amazon.jobs/en/jobs/10448305/runtime-driver-software-development-engineer-neuron-runtime	8185dcfd0671eed0defd2b0d994774d837e444e801a9c3c5fef19047032e2316
2026-09-16T15:57:53Z	10448402	bfb5ab8d-8a24-4b21-bc2e-65bea0343a13	Software Dev Engineer II, ECR - Private	US, WA, Seattle	Seattle	WA	USA	June 13, 2026		Software Development	aws	label=team-sde-primary		not_identified	preferred_only	none	distributed_systems,cloud_infrastructure,networking,security_identity,operations_observability	https://www.amazon.jobs/en/jobs/10448402/software-dev-engineer-ii-ecr-private	a0983b58377076b027783c6d0b8f105be5d3705f5475849ce36d5758e9bdca52
2026-09-16T15:57:53Z	10448456	5c77d82a-9ee7-4d41-9127-9ff1237bc87e	Software Development Engineer II, Transactional Data Storage	IE, D, Dublin	Dublin	D	IRL	June 14, 2026		Software Development	no-business-category	label=no-team-listed		not_identified	preferred_only	none	distributed_systems,cloud_infrastructure,database_search,security_identity,application_backend,operations_observability	https://www.amazon.jobs/en/jobs/10448456/software-development-engineer-ii-transactional-data-storage	05817acf8c11849c8fd58962c83561e55645f179a4e9b6e3c0e35bfa3106d99b
2026-09-16T15:57:53Z	10448714	3f4fdd11-1a83-4b2e-a298-33e2652f5bb1	Software Development Engineer III, Alexa Smart Home (Level 6), Smart Home Voice Service	IN, KA, Bengaluru	Bengaluru	KA	IND	June 15, 2026		Software Development	alexa-and-amazon-devices	label=amazon-device-software-and-services		not_identified	preferred_only	none	cloud_infrastructure,security_identity	https://www.amazon.jobs/en/jobs/10448714/software-development-engineer-iii-alexa-smart-home-level-6-smart-home-voice-service	7003070304ce55611cdc5f0a7d07f8134ae185368d9f22598a246063346473a5
2026-09-16T15:57:53Z	10448900	5aa38c0f-5054-414e-aaff-89b4f5e9654e	Manipulation Robotics Embedded SDE	US, MA, North Reading	North Reading	MA	USA	June 15, 2026		Software Development	subsidiaries	label=team-amazon-robotics		not_identified	basic_qualifications	none	embedded_systems,graphics_media	https://www.amazon.jobs/en/jobs/10448900/manipulation-robotics-embedded-sde	656fbde62ddf3c28ac2e00c4e7cb79453eb582d0ac6025dec810bb1ae9f46bf2
2026-09-16T15:57:53Z	10448909	2c9afd87-c8e6-48e3-a906-a6a5a78f633c	Sr Software Dev Engineer, AWS Invoicing Global Tax & Compliance	US, WA, Seattle	Seattle	WA	USA	June 15, 2026		Software Development	aws	label=team-sde-primary		not_identified	preferred_only	none	cloud_infrastructure,database_search,security_identity,application_backend,operations_observability	https://www.amazon.jobs/en/jobs/10448909/sr-software-dev-engineer-aws-invoicing-global-tax-compliance	e39dd172e416386a89a3dad94acf99ffaf4ad3f763e039ce6508423f8abd0a82
2026-09-16T15:57:53Z	10448911	e0332092-bf91-4117-a33b-e6a01fc4deb4	Sr. Software Development Engineer, AWS Commerce Platform	US, WA, Seattle	Seattle	WA	USA	June 15, 2026		Software Development	aws	label=team-sde-primary		not_identified	preferred_only	none	distributed_systems,cloud_infrastructure,database_search,security_identity,application_backend	https://www.amazon.jobs/en/jobs/10448911/sr-software-development-engineer-aws-commerce-platform	38d4c373f9c268b4fad6d552a6e876907826c0d3ba331dc3908a815b21cee5c8
2026-09-16T15:57:53Z	10448950	e1b55219-a736-48a0-ae6b-4f561f7c1c31	Embedded Robotics SDE, Compass	US, CA, Pasadena	Pasadena	CA	USA	June 15, 2026		Software Development	subsidiaries	label=team-amazon-robotics		not_identified	preferred_only	none	embedded_systems	https://www.amazon.jobs/en/jobs/10448950/embedded-robotics-sde-compass	2376dd2598866e8a4fa85d716d554c0ff9f5ed7497efeafc819b5cc5bf0dfdd9
2026-09-16T15:57:53Z	10448960	f5f90186-8df2-424c-b9f3-05a9692704e7	Software Development Engineer - Amazon Robotics , Robotic Movement	US, MA, North Reading	North Reading	MA	USA	June 15, 2026		Software Development	subsidiaries	label=team-amazon-robotics		not_identified	preferred_only	none	cloud_infrastructure,networking,embedded_systems	https://www.amazon.jobs/en/jobs/10448960/software-development-engineer-amazon-robotics-robotic-movement	e603eaa1eeadc2356cf6a94ab936e87c5bc126a1357269a1b026ecbc1f67eafb
2026-09-16T15:57:53Z	10449203	0be827c5-8cfb-4326-ba9c-fb8829cb7e52	Software Development Engineer, Prime Video Sports	IL, Tel Aviv	Tel Aviv		ISR	June 15, 2026		Software Development	entertainment	label=team-primevideo		not_identified	not_stated	none	machine_learning,graphics_media	https://www.amazon.jobs/en/jobs/10449203/software-development-engineer-prime-video-sports	44b9475582d00ef89018839165de9c49fa4e4e44f494c6fbed959c5191690668
2026-09-16T15:57:53Z	10449231	6ed190e2-8276-4991-a9d9-0ae3f54e81a6	Software Development Engineer, Query Processing AWS Analytics	US, WA, Redmond	Redmond	WA	USA	June 15, 2026		Software Development	aws	label=team-sde-primary		not_identified	preferred_only	none	cloud_infrastructure,database_search,security_identity,application_backend,operations_observability	https://www.amazon.jobs/en/jobs/10449231/software-development-engineer-query-processing-aws-analytics	69aeedebb278f5484f72742e031e5fc9d4e513d2dfb4f0024cca9a4e13b694b9
2026-09-16T15:57:53Z	10449369	a0d3d6a1-5690-4df2-bf4c-9d661c89f657	Sr. Software Dev Engineer, Amazon Leo Customer Terminals	US, WA, Redmond	Redmond	WA	USA	June 15, 2026		Software Development	alexa-and-amazon-devices	label=team-project-kuiper		not_identified	basic_qualifications	none	distributed_systems,cloud_infrastructure,networking,security_identity,embedded_systems,frontend_mobile,application_backend	https://www.amazon.jobs/en/jobs/10449369/sr-software-dev-engineer-amazon-leo-customer-terminals	a5c04b942c93dad29f504575b31d4277249fa7787dfc22a421bcafa944bb6325
2026-09-16T15:57:53Z	10449376	59daad58-6b36-4c39-8907-669a25e9b1a1	Sr. Software Development Engineer, Products and Solutions	US, NY, New York	New York	NY	USA	June 15, 2026		Software Development	aws	label=team-pro-serv		not_identified	basic_qualifications	none	machine_learning,distributed_systems,cloud_infrastructure,database_search,frontend_mobile,application_backend,operations_observability	https://www.amazon.jobs/en/jobs/10449376/sr-software-development-engineer-products-and-solutions	12f06670a00eead03bacea75aae047898f1cef234c276ad0573a747454e25678
2026-09-16T15:57:53Z	10449656	d665dd83-265d-436e-9b0f-ccf7a11f6316	Embedded SDE, Leo Payload	US, WA, Redmond	Redmond	WA	USA	June 15, 2026		Software Development	alexa-and-amazon-devices	label=team-project-kuiper		not_identified	preferred_only	none	networking,embedded_systems	https://www.amazon.jobs/en/jobs/10449656/embedded-sde-leo-payload	b14dc47f22f3628020b53ccd9b7274a45c0ad8d55951596d42690c4ad55f780a
2026-09-16T15:57:53Z	10449992	28e79d0f-350d-47a3-b1c9-1c4dd5f46b20	Software Development Engineer – 2026	IE, Dublin	Dublin		IRL	June 16, 2026		Software Development	studentprograms	label=team-jobs-for-grads		not_identified	basic_qualifications	none	distributed_systems,cloud_infrastructure,database_search,security_identity,frontend_mobile,application_backend,operations_observability	https://www.amazon.jobs/en/jobs/10449992/software-development-engineer-2026	9f52c27327985cc2e7a68ac92ff0526e0aae3612a3b05b632a395b75ffa28805
2026-09-16T15:57:53Z	10450137	16115d15-a4e1-4688-99f5-9b6225e1e719	Software Development Engineer, Amazon Robotics	US, MA, North Reading	North Reading	MA	USA	June 16, 2026		Software Development	subsidiaries	label=team-amazon-robotics		not_identified	basic_qualifications	none	distributed_systems,cloud_infrastructure,embedded_systems	https://www.amazon.jobs/en/jobs/10450137/software-development-engineer-amazon-robotics	e2b8fd78e450d2695c4738e17b8583dde3d2cf3f6ca64e3458244612adb7168b
2026-09-16T15:57:53Z	10450180	cc1b8979-68db-424b-8394-5f21c96b9ea3	Software Dev Engineer II, OMHS SCS	US, VA, Arlington	Arlington	VA	USA	June 16, 2026		Software Development	fulfillment-technology-and-robotics	label=one-material-handling-system		not_identified	basic_qualifications	none	machine_learning,distributed_systems,cloud_infrastructure,networking,embedded_systems	https://www.amazon.jobs/en/jobs/10450180/software-dev-engineer-ii-omhs-scs	8722b62397c49244b9b8596ec591b99fd8931bb0a06a96d101923675704ed1a3
2026-09-16T15:57:53Z	10450199	5e11a060-f8d0-42f2-be5d-6e570588c5ef	Software Dev Engineer (ML)	LU, Luxembourg	Luxembourg		LUX	July 20, 2026		Software Development	kindlecontent	label=team-no-team-listed		not_identified	basic_qualifications	none	machine_learning,distributed_systems,cloud_infrastructure,database_search,security_identity,graphics_media,operations_observability	https://www.amazon.jobs/en/jobs/10450199/software-dev-engineer-ml	bed468bfcc364c4e56cb615dfbd0294d6a7055861f5c04913130e1f1f0f0443f
2026-09-16T15:57:53Z	10450350	671c3876-e37f-417f-a849-f697ec13987f	Software Development Engineer II, Software Defined Networking	US, TX, Austin	Austin	TX	USA	June 16, 2026		Software Development	subsidiaries	label=team-amazon-robotics		not_identified	basic_qualifications	none	cloud_infrastructure,networking,embedded_systems	https://www.amazon.jobs/en/jobs/10450350/software-development-engineer-ii-software-defined-networking	f64be5a9779dd7f935a60c649f8736dfeae0cfbafde6e476dffe88f12639df4f
2026-09-16T15:57:53Z	10450459	6d89fb5f-db4f-4e36-87a3-5d7c0e14bcc0	Senior Software Engineer, Managed Streaming Kafka (MSK)	US, WA, Seattle	Seattle	WA	USA	June 16, 2026		Software Development	aws	label=team-sde-primary		not_identified	preferred_only	none	distributed_systems,cloud_infrastructure,database_search,security_identity,graphics_media,application_backend	https://www.amazon.jobs/en/jobs/10450459/senior-software-engineer-managed-streaming-kafka-msk	0a43abcb37cac1324ec439036d34422927c6b1bbbdeab62c570ce5b2412ef024
2026-09-16T15:57:53Z	10450560	415d2ff6-84ce-472a-bafa-3e88ba403aab	Software Development Engineer, Open Data Analytics Engines	US, CA, East Palo Alto	East Palo Alto	CA	USA	June 16, 2026		Software Development	aws	label=team-sde-primary		not_identified	preferred_only	none	distributed_systems,cloud_infrastructure,database_search,security_identity,application_backend,operations_observability	https://www.amazon.jobs/en/jobs/10450560/software-development-engineer-open-data-analytics-engines	aeeec6e50532bf552e8563a206aa11a49e77673f8b09e485359504ebbde46229
2026-09-16T15:57:53Z	10450576	2604dc4a-c3a2-47e3-99e1-5c65f5d28983	Software Development Engineer, AWS Incident Tooling & Response	IE, D, Dublin	Dublin	D	IRL	June 16, 2026		Software Development	aws	label=team-sde-primary		not_identified	not_stated	none	machine_learning,distributed_systems,cloud_infrastructure,networking,database_search,security_identity,frontend_mobile,application_backend,operations_observability	https://www.amazon.jobs/en/jobs/10450576/software-development-engineer-aws-incident-tooling-response	53c91fd9812fb2f947822167813cb58ce1466dc0a1fd05ba29f375c975fe69e4
2026-09-16T15:57:53Z	10450672	f5fc52f8-766e-498b-a2fe-75bd3c78532c	Software Development Engineer II, Networking, Amazon Leo	US, WA, Redmond	Redmond	WA	USA	June 16, 2026		Software Development	alexa-and-amazon-devices	label=team-project-kuiper		not_identified	basic_qualifications	none	distributed_systems,networking,security_identity,embedded_systems	https://www.amazon.jobs/en/jobs/10450672/software-development-engineer-ii-networking-amazon-leo	ba91229db80e23f6ccf9a7500bd860efcc76f4bda7062571e74ea758fd82e6aa
2026-09-16T15:57:53Z	10450854	b566d9d8-518e-4e8e-9b63-f8b63103baf7	Sr. Software Dev Engineer, Leo AI Foundations	US, WA, Redmond	Redmond	WA	USA	June 16, 2026		Software Development	alexa-and-amazon-devices	label=team-project-kuiper		not_identified	preferred_only	none	distributed_systems,cloud_infrastructure,networking,database_search,security_identity,application_backend,operations_observability	https://www.amazon.jobs/en/jobs/10450854/sr-software-dev-engineer-leo-ai-foundations	2fedfcd6712b0af93eb630427ea742245f1e810af802393d8f26dbc5c3bdddb7
2026-09-16T15:57:53Z	10450950	67868359-15aa-46a9-9c21-c78bc574d912	Software Development Engineer III, Unified Intelligent Matching Systems (UIMS)	US, CA, Sunnyvale	Sunnyvale	CA	USA	June 16, 2026		Software Development	ecp	label=team-ascs		not_identified	preferred_only	none	machine_learning,distributed_systems,cloud_infrastructure,security_identity	https://www.amazon.jobs/en/jobs/10450950/software-development-engineer-iii-unified-intelligent-matching-systems-uims	fc48c2109edd4420285836ba1ce6d47072e6fe04163623c105c46a1490c99d8e
2026-09-16T15:57:53Z	10451123	816438ad-d250-4cff-8936-1ec8659a5f1e	Software Development Engineer, Measurement, Ad Tech, and Data Science (MADS)	US, TX, Austin	Austin	TX	USA	June 17, 2026		Software Development	advertising	label=team-amazon-ads		not_identified	preferred_only	none	machine_learning	https://www.amazon.jobs/en/jobs/10451123/software-development-engineer-measurement-ad-tech-and-data-science-mads	5ff454a3e4dace0fdf74bce3a1027deb8d81f83b79c0c5f61f125ad389c1a999
2026-09-16T15:57:53Z	10451602	2bb23d5d-7761-4b64-b617-862323818ede	Software Development Engineer, AWS OpenSearch	US, TX, Austin	Austin	TX	USA	June 17, 2026		Software Development	aws	label=team-sde-primary		not_identified	preferred_only	none	machine_learning,distributed_systems,cloud_infrastructure,database_search,security_identity,application_backend,operations_observability	https://www.amazon.jobs/en/jobs/10451602/software-development-engineer-aws-opensearch	3e8b24192ed9890f40235fc316aeb60acc49878d8ee62bb19bdc203a2aaf48e0
2026-09-16T15:57:53Z	10451609	860dd818-f7bf-46f2-961d-de2ac98836dc	Software Development Engineer, AWS OpenSearch	US, TX, Austin	Austin	TX	USA	June 17, 2026		Software Development	aws	label=team-sde-primary		not_identified	preferred_only	none	machine_learning,distributed_systems,cloud_infrastructure,database_search,security_identity,application_backend,operations_observability	https://www.amazon.jobs/en/jobs/10451609/software-development-engineer-aws-opensearch	03651a126228fbb886acdf40bda79983163a8b53618ff5eac61931d913073bfc
2026-09-16T15:57:53Z	10452115	b5cbd40c-c7da-49f6-9bdd-cbb693d5d0bd	Robotics - Software Development Engineer	US, MA, North Reading	North Reading	MA	USA	June 17, 2026		Software Development	subsidiaries	label=team-amazon-robotics		not_identified	basic_qualifications	none	machine_learning,distributed_systems,cloud_infrastructure,database_search,frontend_mobile,graphics_media,application_backend,operations_observability	https://www.amazon.jobs/en/jobs/10452115/robotics-software-development-engineer	e1337adcba1fc37c762391eb22dd719fb03ce525e588dc557401eab1328cc646
2026-09-16T15:57:53Z	10452688	e3a9dfd5-2565-4fac-a7c2-c5d8ac3499bd	Software Development Engineer, US Amazon Dedicated Cloud Security	US, VA, Herndon	Herndon	VA	USA	June 18, 2026		Software Development	aws	label=team-us-security-clearance-jobs-primary		not_identified	basic_qualifications	none	machine_learning,distributed_systems,cloud_infrastructure,security_identity,application_backend,operations_observability	https://www.amazon.jobs/en/jobs/10452688/software-development-engineer-us-amazon-dedicated-cloud-security	ac158c1e965eee5fd54d83da70b8c21e045ff2e6159232c395385d78438908ed
2026-09-16T15:57:53Z	10452825	ae57d66e-d590-4028-90fc-c11da145d4e8	Software Development Engineer, Amazon Robotics	US, MA, Westboro	Westboro	MA	USA	June 18, 2026		Software Development	subsidiaries	label=team-amazon-robotics		not_identified	basic_qualifications	none	machine_learning,networking,security_identity,embedded_systems	https://www.amazon.jobs/en/jobs/10452825/software-development-engineer-amazon-robotics	1afbb1114c5fa4139b29b98f601b05290980fe907163631f0e5fa5b7167dc5bc
2026-09-16T15:57:53Z	10452931	2c3d978e-43aa-4cd8-a281-c7f52d455d73	Amazon Fulfilment Tech - Software Development Engineer, AFT Inventory	IN, KA, Bengaluru	Bengaluru	KA	IND	June 18, 2026		Software Development	operations	label=team-amazon-fulfillment-technology		not_identified	preferred_only	none	networking	https://www.amazon.jobs/en/jobs/10452931/amazon-fulfilment-tech-software-development-engineer-aft-inventory	71f1cc5c33cb30de545d04f8ee85381ed35408bad6654a043bd0435048803d4a
2026-09-16T15:57:53Z	10453123	45bc0d60-05cf-4f84-91b0-22591e3ddac8	Software Development Engineer, Digital Payments and Emerging Markets	MX, DIF, Mexico City	Mexico City	DIF	MEX	June 18, 2026		Software Development	international-stores	label=team-amazon-payments		not_identified	preferred_only	none	database_search,security_identity,frontend_mobile,application_backend	https://www.amazon.jobs/en/jobs/10453123/software-development-engineer-digital-payments-and-emerging-markets	74ec9813c4dda82c8b6e8b6baba413076d644e8dca831cb8ced8787bd8f6ff2e
2026-09-16T15:57:53Z	10453152	42404860-4371-4b97-8ff8-09c4179d1496	Senior Robotics SDE III, Amazon Robotics - Vulcan	US, WA, Seattle	Seattle	WA	USA	June 18, 2026		Software Development	subsidiaries	label=team-amazon-robotics		not_identified	preferred_only	none	machine_learning,cloud_infrastructure,operations_observability	https://www.amazon.jobs/en/jobs/10453152/senior-robotics-sde-iii-amazon-robotics-vulcan	70635a9c7c014d615c967a811da12444f2096c7092a8898adc2a344ea6824458
2026-09-16T15:57:53Z	10453199	4edd1f71-91f4-4052-934e-5a56aeb3c4ac	Software Development Engineer II, RDS Telemetry Platform	US, WA, Redmond	Redmond	WA	USA	June 18, 2026		Software Development	aws	label=team-sde-primary		not_identified	basic_qualifications	none	machine_learning,distributed_systems,cloud_infrastructure,networking,database_search,security_identity,application_backend	https://www.amazon.jobs/en/jobs/10453199/software-development-engineer-ii-rds-telemetry-platform	436e6d24a9deae9805859f5fbcd6be4f6496ec9cacdbadec36428f07f6c80ffb
2026-09-16T15:57:53Z	10453305	fe441dd1-613e-4465-a961-e3df052dae37	Software Development Engineer - Apache Flink Engineer, Amazon Managed Service for Apache Flink	US, WA, Seattle	Seattle	WA	USA	June 18, 2026		Software Development	aws	label=team-sde-primary		not_identified	preferred_only	none	distributed_systems,cloud_infrastructure,database_search,security_identity,graphics_media,application_backend,operations_observability	https://www.amazon.jobs/en/jobs/10453305/software-development-engineer-apache-flink-engineer-amazon-managed-service-for-apache-flink	858e88a41ee47c08c0fd6affc7713c08972ac318219428897fc56c7cddadf3e9
2026-09-16T15:57:53Z	10453308	bf316675-709f-496c-92e1-eae4b40fc1fc	Software Development Engineer, Glacier	US, WA, Seattle	Seattle	WA	USA	June 18, 2026		Software Development	aws	label=team-sde-primary		not_identified	preferred_only	none	distributed_systems,cloud_infrastructure,database_search,security_identity,application_backend,operations_observability	https://www.amazon.jobs/en/jobs/10453308/software-development-engineer-glacier	384f7ff3965439704e4207f74ff0044b33936a648be95b65a5c1426ec0804ec0
2026-09-16T15:57:53Z	10453423	ebc8c43b-574d-42e5-b75d-7561769de1ba	Software Dev Engineer II, AWS STS	US, WA, Seattle	Seattle	WA	USA	June 19, 2026		Software Development	aws	label=team-sde-primary		not_identified	preferred_only	none	distributed_systems,cloud_infrastructure,database_search,security_identity,application_backend	https://www.amazon.jobs/en/jobs/10453423/software-dev-engineer-ii-aws-sts	ebc67cfc6106dcefd129e3b7a4b0c722e395b68e2d53cb708d28f735070bab32
2026-09-16T15:57:53Z	10454129	5153c056-121c-4c56-9953-9535c611f2a1	Software Development Engineer, Kiro	US, WA, Seattle	Seattle	WA	USA	June 19, 2026		Software Development	aws	label=team-sde-primary		not_identified	preferred_only	none	cloud_infrastructure,security_identity,application_backend	https://www.amazon.jobs/en/jobs/10454129/software-development-engineer-kiro	18096e8a20df6adfd0757dcb1b043c7a34e0cc1485b65424594cbdb17b747d5b
2026-09-16T15:57:53Z	10454191	c2246967-9943-4596-aa4f-4e1dbd4f56b3	Senior Software Engineer, AWS Elastic Block Store (EBS) Performance	US, WA, Seattle	Seattle	WA	USA	June 19, 2026		Software Development	aws	label=team-sde-primary		not_identified	preferred_only	none	cloud_infrastructure,networking,database_search,operations_observability	https://www.amazon.jobs/en/jobs/10454191/senior-software-engineer-aws-elastic-block-store-ebs-performance	f5c379a4a61461cff08ef3b9eb854052d85faabd515390458d93e39a496acf7f
2026-09-16T15:57:53Z	10454365	3c4bcb25-674a-4666-a66c-22f6ba94c143	Sr. Software Development Engineer, AWS Glue Data Management	US, NY, New York	New York	NY	USA	June 19, 2026		Software Development	aws	label=team-sde-primary		not_identified	not_stated	none	machine_learning,cloud_infrastructure	https://www.amazon.jobs/en/jobs/10454365/sr-software-development-engineer-aws-glue-data-management	d9617026f6d29493903777b3aea128053dcf9aaea9f9dcc3399b4e4187773a8e
2026-09-16T15:57:53Z	10454395	b368d71f-a9b1-42e3-b9c7-53e499481407	Software Development Engineer, Emerging Devices Software	IN, KA, Bengaluru	Bengaluru	KA	IND	June 20, 2026		Software Development	alexa-and-amazon-devices	label=team-hardware-and-eero		not_identified	basic_qualifications	none	cloud_infrastructure,frontend_mobile,application_backend	https://www.amazon.jobs/en/jobs/10454395/software-development-engineer-emerging-devices-software	36f5f2bbbc0fb05cfa162925ec0387d0af6deb89095a84bbbd80dce5627e86bc
2026-09-16T15:57:53Z	10454884	4fc684b5-cf5a-4641-976d-369979708a6b	Sr Software Engineer, AWS Applied AI Solutions – Core Services	US, WA, Seattle	Seattle	WA	USA	June 22, 2026		Software Development	aws	label=team-sde-primary		not_identified	preferred_only	none	machine_learning,distributed_systems,cloud_infrastructure,database_search,security_identity,application_backend	https://www.amazon.jobs/en/jobs/10454884/sr-software-engineer-aws-applied-ai-solutions-core-services	79f4d3933dec6cada433c2fa54a70f202cbb877185a97229484f727aaa959b36
2026-09-16T15:57:53Z	10455326	9aa233ae-e20c-4c21-baef-b2b7dabf28c9	Senior Software Development Engineer III, Finance Technology	BR, SP, Sao Paulo	Sao Paulo	SP	BRA	June 22, 2026		Software Development	finance	label=team-fintech		not_identified	preferred_only	none	cloud_infrastructure	https://www.amazon.jobs/en/jobs/10455326/senior-software-development-engineer-iii-finance-technology	2fd5c25122690c01cc53b52e54153faae416809248f725fb408823d06add3918
2026-09-16T15:57:53Z	10455471	0cc6076f-ce09-4df9-9ac3-27d24dbeb876	Software Development Engineer, EC2 Network Provisioning	US, WA, Seattle	Seattle	WA	USA	June 22, 2026		Software Development	aws	label=team-sde-primary		not_identified	basic_qualifications	none	distributed_systems,cloud_infrastructure,networking,security_identity,embedded_systems,application_backend,operations_observability	https://www.amazon.jobs/en/jobs/10455471/software-development-engineer-ec2-network-provisioning	8238062ff7ff8499be73ba15d239b0f190feb529851f409b893bcdf8c9372e35
2026-09-16T15:57:53Z	10455628	d4f5ae69-2568-49eb-8b26-d62b70a5fa75	Software Development Engineer II, Amazon Photos Artifact Generation	US, WA, Seattle	Seattle	WA	USA	June 22, 2026		Software Development	alexa-and-amazon-devices	label=team-alexa-echo-devices		not_identified	basic_qualifications	none	machine_learning,distributed_systems,embedded_systems,frontend_mobile,graphics_media	https://www.amazon.jobs/en/jobs/10455628/software-development-engineer-ii-amazon-photos-artifact-generation	e7c01d9c201f6067368adf5bac07d530c6d79df76626a15de152ea92a46c7acb
2026-09-16T15:57:53Z	10456093	19df1f70-05a7-41e0-b181-547fee9540ac	Embedded Software Dev Engineer, Amazon Leo Antenna Development	US, WA, Redmond	Redmond	WA	USA	June 23, 2026		Software Development	alexa-and-amazon-devices	label=team-project-kuiper		not_identified	basic_qualifications	none	distributed_systems,cloud_infrastructure,database_search,embedded_systems	https://www.amazon.jobs/en/jobs/10456093/embedded-software-dev-engineer-amazon-leo-antenna-development	68e8622f646eef089fd51b82773d09ce8042b8e41e692e0210153b116e810f36
2026-09-16T15:57:53Z	10456721	9800f8da-5268-49c9-a6d8-7385a54b0c8b	Software Development Engineer II — AWS DMS Schema Conversion Team, DMS Schema Conversion	IE, D, Dublin	Dublin	D	IRL	June 23, 2026		Software Development	aws	label=team-sde-primary		not_identified	preferred_only	none	machine_learning,distributed_systems,cloud_infrastructure,database_search,security_identity,frontend_mobile,application_backend,operations_observability	https://www.amazon.jobs/en/jobs/10456721/software-development-engineer-ii-aws-dms-schema-conversion-team-dms-schema-conversion	c9c7766bb2bac0ee13d2a5dbebe79a8f7f83e4b0c534a95760072ad51cbb50f0
2026-09-16T15:57:53Z	10456775	9ee3c1a8-1d58-41f5-8e11-34ed2085b3ec	Software Development Engineer, Amazon Connect Contact Lens	CA, BC, Vancouver	Vancouver	BC	CAN	June 23, 2026		Software Development	aws	label=team-sde-primary		not_identified	preferred_only	none	machine_learning,cloud_infrastructure,database_search,application_backend	https://www.amazon.jobs/en/jobs/10456775/software-development-engineer-amazon-connect-contact-lens	1026bbef541ba6da6e305b75ed8337480b845594682486f1a5fbeaaa8a8af080
2026-09-16T15:57:53Z	10457078	21bc5298-ff82-4b91-974a-fff47e5f9c0d	Senior Software Development Engineer, Agentic WorkSpaces	US, WA, Seattle	Seattle	WA	USA	June 23, 2026		Software Development	aws	label=team-sde-primary		not_identified	preferred_only	none	cloud_infrastructure,security_identity,frontend_mobile,graphics_media,application_backend	https://www.amazon.jobs/en/jobs/10457078/senior-software-development-engineer-agentic-workspaces	65ebc55da863ec4334e984a1474228bafd6165ae1cbffae97afcc58f46e06c0e
2026-09-16T15:57:53Z	10457266	2a281e84-f0f4-4874-93a8-ae5972a5cd1f	Software Dev Engineer II, SCOT-OSS, Simulation	US, WA, Bellevue	Bellevue	WA	USA	June 24, 2026		Software Development	operations	label=team-supply-chain-optimization		not_identified	basic_qualifications	none	distributed_systems,cloud_infrastructure,networking,embedded_systems	https://www.amazon.jobs/en/jobs/10457266/software-dev-engineer-ii-scot-oss-simulation	a048c065dd6f3fdec6051c52f3b1bbd75f37c0869a25185d9441694a7a842b40
2026-09-16T15:57:53Z	10457529	89283bcd-4266-48e6-b39b-4cbc2eaccb1f	Software Engineer II, AWS Elastic Block Store (EBS) Performance	US, WA, Seattle	Seattle	WA	USA	June 24, 2026		Software Development	aws	label=team-sde-primary		not_identified	basic_qualifications	none	distributed_systems,cloud_infrastructure,networking,database_search,embedded_systems,operations_observability	https://www.amazon.jobs/en/jobs/10457529/software-engineer-ii-aws-elastic-block-store-ebs-performance	e36c9ac2e78de2cee4322e0d34631f2924988d0586bce6c5fc37de2a1813c61d
2026-09-16T15:57:53Z	10457833	7b083429-0f69-49ad-89f1-254b0af3c077	Builder -SDE II Mobile (General feature Dev), Ring	US, MA, North Reading	North Reading	MA	USA	June 24, 2026		Software Development	alexa-and-amazon-devices	label=team-ring-key-blink		not_identified	preferred_only	mention_only	compiler_mention,networking,security_identity,frontend_mobile,application_backend,operations_observability	https://www.amazon.jobs/en/jobs/10457833/builder-sde-ii-mobile-general-feature-dev-ring	9d5b6d1378d81f903193252c0cd552f3b7ae4367aa456a0fe8d80adce72a2aac
2026-09-16T15:57:53Z	10457834	e55e4eac-38f5-4ca9-afea-80235bc8d886	Sr. Builder - Mobile (Sr. SDE), Ring	US, MA, North Reading	North Reading	MA	USA	June 24, 2026		Software Development	alexa-and-amazon-devices	label=team-ring-key-blink		not_identified	preferred_only	mention_only	compiler_mention,cloud_infrastructure,networking,security_identity,frontend_mobile,application_backend,operations_observability	https://www.amazon.jobs/en/jobs/10457834/sr-builder-mobile-sr-sde-ring	13fbb5c2501ce3aa48aa30d8e12e768e3d7644e74452b70dce8bcd1141e7f384
2026-09-16T15:57:53Z	10457982	f8912d5a-4494-43fd-9e47-c6d9c2a7f4ff	Software Dev Engineer II, Aurora PostgreSQL Engine	US, WA, Redmond	Redmond	WA	USA	June 24, 2026		Software Development	aws	label=team-sde-primary		not_identified	preferred_only	none	distributed_systems,cloud_infrastructure,database_search,security_identity,application_backend	https://www.amazon.jobs/en/jobs/10457982/software-dev-engineer-ii-aurora-postgresql-engine	56619941e875d4fa1ecf6b4626051093eab6ee83c18620f4f7e349c7c45a0234
2026-09-16T15:57:53Z	10458163	4e81756f-fda8-4798-96da-7ff3b7112f76	Software Development Engineer, Vendor Experience	US, WA, Seattle	Seattle	WA	USA	June 24, 2026		Software Development	selling-partner-services	label=no-team-listed		not_identified	basic_qualifications	none	distributed_systems,embedded_systems	https://www.amazon.jobs/en/jobs/10458163/software-development-engineer-vendor-experience	e9aa378d2bd77417731e8492aaf6c6a92b9cafdaf792c1e470a633c5f877a3bd
2026-09-16T15:57:53Z	10458213	c85285e7-a572-4add-831f-c7e6f7882a1a	SDE III, WW Speed & AI Tech, Same Day Delivery - LLM & Agentic workflows	US, WA, Bellevue	Bellevue	WA	USA	June 24, 2026		Software Development	operations	label=team-last-mile-org		not_identified	preferred_only	none	machine_learning,networking,database_search	https://www.amazon.jobs/en/jobs/10458213/sde-iii-ww-speed-ai-tech-same-day-delivery-llm-agentic-workflows	fe464c53e83d5bdc1e145de75ce28ed4f4c00bb55109d5c4823fc966588ecef8
2026-09-16T15:57:53Z	10458373	e9f5e766-cf85-4887-a2da-fc6e81f6cdc8	Senior Software Development Engineer, AWS IAM Data Plane, AWS Identity & Access Management - Data Plane	US, CO, Denver	Denver	CO	USA	June 24, 2026		Software Development	aws	label=team-sde-primary		not_identified	preferred_only	none	machine_learning,distributed_systems,cloud_infrastructure,security_identity	https://www.amazon.jobs/en/jobs/10458373/senior-software-development-engineer-aws-iam-data-plane-aws-identity-access-management-data-plane	5d297a43db4518e900e5e0ff8557d954af660b92f13af37dac798b02435c45aa
2026-09-16T15:57:53Z	10458528	38075889-6295-45bd-8ed5-7f10b49434e5	Software Development Engineer - Apache Flink Engineer, Amazon Managed Service for Apache Flink	US, WA, Seattle	Seattle	WA	USA	June 25, 2026		Software Development	aws	label=team-sde-primary		not_identified	preferred_only	none	distributed_systems,cloud_infrastructure,database_search,security_identity,graphics_media,application_backend,operations_observability	https://www.amazon.jobs/en/jobs/10458528/software-development-engineer-apache-flink-engineer-amazon-managed-service-for-apache-flink	196755b1aa64eed9e91cbc0ffb68ec9347ea0395c01b4f4e2cd9d1008de003c6
2026-09-16T15:57:53Z	10458621	b76622f8-15d5-451d-9d69-a08ac68897d3	Embedded Software Engineer	IL, Haifa	Haifa		ISR	July 13, 2026		Software Development	aws	label=team-sde-primary		not_identified	not_stated	none	cloud_infrastructure,networking,database_search,embedded_systems,application_backend	https://www.amazon.jobs/en/jobs/10458621/embedded-software-engineer	597398aa81b01186a4c5b519a8bfb48b9a1d674ed20a4bc3ad21c37616691c01
2026-09-16T15:57:53Z	10458821	38b008c0-20f6-40b1-85a5-d7d6f6d8409c	Software Dev Engineer II, Amazon Payment Products	IN, KA, Bengaluru	Bengaluru	KA	IND	June 25, 2026		Software Development	international-stores	label=team-amazon-payments		not_identified	basic_qualifications	none	distributed_systems,application_backend	https://www.amazon.jobs/en/jobs/10458821/software-dev-engineer-ii-amazon-payment-products	d1419fa9424f0bfa2097239b2734b4ad5162f0712d78d03f077fd912b4057fcd
2026-09-16T15:57:53Z	10458828	5421803f-9d95-40ac-b004-fcf193b4ca81	Embedded Software Development Engineer II, Amazon Robotics Firmware	US, MA, North Reading	North Reading	MA	USA	June 25, 2026		Software Development	subsidiaries	label=team-amazon-robotics		not_identified	basic_qualifications	none	machine_learning,cloud_infrastructure,networking,embedded_systems	https://www.amazon.jobs/en/jobs/10458828/embedded-software-development-engineer-ii-amazon-robotics-firmware	74be8aaf086b4e4e8b448d844eff75a5281a2212d4279c569022969e79ef560d
2026-09-16T15:57:53Z	10458867	47beeea7-0c95-49cc-97bc-1bd764373b59	Software Development Engineer, Last Mile Delivery, Edge Intelligence	US, CA, Santa Cruz	Santa Cruz	CA	USA	June 25, 2026		Software Development	fulfillment-and-operations	label=team-last-mile-delivery		not_identified	basic_qualifications	none	machine_learning,distributed_systems,cloud_infrastructure,embedded_systems,operations_observability	https://www.amazon.jobs/en/jobs/10458867/software-development-engineer-last-mile-delivery-edge-intelligence	4e47614e254f1d3924c332ea59b7667eb655d49766099b34ecfb3559ef766bf6
2026-09-16T15:57:53Z	10458931	de80aff3-9180-49c8-afa5-e2e905b0f299	Software Dev Engineer II, Alexa Shopping-Core	US, WA, Seattle	Seattle	WA	USA	June 25, 2026		Software Development	consumer_engagement	label=no-team-listed		not_identified	preferred_only	none	machine_learning,database_search	https://www.amazon.jobs/en/jobs/10458931/software-dev-engineer-ii-alexa-shopping-core	f3caf7e597d68e9f3ce0625b365300d8bef478756764313fa2fac8fb93062f05
2026-09-16T15:57:53Z	10458965	d48cf16d-22d2-439f-ba36-4314ed2e51a0	Software Development Engineer II, AWS IAM Identity Center	CA, BC, Vancouver	Vancouver	BC	CAN	June 25, 2026		Software Development	aws	label=team-sde-primary		not_identified	preferred_only	none	machine_learning,distributed_systems,cloud_infrastructure,database_search,security_identity,application_backend	https://www.amazon.jobs/en/jobs/10458965/software-development-engineer-ii-aws-iam-identity-center	5894bfad0ea6fdf53c76d389dd574de742d814df2d6b9aa56fe7ffeb1b0c9023
2026-09-16T15:57:53Z	10459103	fbdac777-9ae4-40c8-84f1-6e9961a1ab95	Software Development Engineer, Open Data Analytics Fundamentals Team	US, WA, Redmond	Redmond	WA	USA	June 25, 2026		Software Development	aws	label=team-sde-primary		not_identified	basic_qualifications	none	distributed_systems,cloud_infrastructure,security_identity,application_backend,operations_observability	https://www.amazon.jobs/en/jobs/10459103/software-development-engineer-open-data-analytics-fundamentals-team	7f2bf5808256a6687a7436ab5010a5b2bbd37cd830b3f77b49dc2e1aa53e2bfc
2026-09-16T15:57:53Z	10459197	1a3af9b9-5fb1-4ea5-b6a1-9166c13c0a8d	Embedded Software Engineer II, Ring, Ring	PL, Gdansk	Gdansk		POL	June 25, 2026		Software Development	alexa-and-amazon-devices	label=devices-and-services-teams		not_identified	basic_qualifications	none	cloud_infrastructure,security_identity,embedded_systems,graphics_media	https://www.amazon.jobs/en/jobs/10459197/embedded-software-engineer-ii-ring-ring	bd03fb8c2f3a1d8514c2a30bbb2e3858866d81a9d7d962bf6da447bf4348f6a1
2026-09-16T15:57:53Z	10459223	dd73d843-8356-4338-acf5-d42b0c466a22	Software Developer - Kernel Engineer, SSG	IN, KA, Bengaluru	Bengaluru	KA	IND	June 25, 2026		Software Development	alexa-and-amazon-devices	label=team-hardware-and-eero		not_identified	basic_qualifications	none	machine_learning,embedded_systems,graphics_media	https://www.amazon.jobs/en/jobs/10459223/software-developer-kernel-engineer-ssg	1a26f4f87a48e4c7748901b8baae02c0783f37645c05a17311da406d6442ac42
2026-09-16T15:57:53Z	10459224	acd94072-02db-41f8-8e7d-3f4eaf82c28e	Senior Audio Software Development Engineer, Silicon and Systems Group	IN, KA, Bengaluru	Bengaluru	KA	IND	June 25, 2026		Software Development	alexa-and-amazon-devices	label=team-hardware-and-eero		not_identified	basic_qualifications	none	embedded_systems,frontend_mobile	https://www.amazon.jobs/en/jobs/10459224/senior-audio-software-development-engineer-silicon-and-systems-group	ca92951312c3c95858b2c52f633c052505981255562fdd22131e0e61a29f79e7
2026-09-16T15:57:53Z	10459443	ae740768-7921-46e7-8159-a9789ab7507d	Software Development Engineer, AWS Glue	US, WA, Bellevue	Bellevue	WA	USA	June 25, 2026		Software Development	aws	label=team-sde-primary		not_identified	preferred_only	none	distributed_systems,cloud_infrastructure,database_search,graphics_media,application_backend	https://www.amazon.jobs/en/jobs/10459443/software-development-engineer-aws-glue	4374e87add9b76ddaa8cadd48d05dd0cf49ee9f22931f06e3989270840f1464d
2026-09-16T15:57:53Z	10460086	126abd0b-2d8d-430e-9600-269a36f4077e	Software Dev Engineer II, Prime Air	US, WA, Seattle	Seattle	WA	USA	June 26, 2026		Software Development	retail	label=team-global-prime-air		not_identified	preferred_only	none	embedded_systems	https://www.amazon.jobs/en/jobs/10460086/software-dev-engineer-ii-prime-air	f2673d37670af558cef86a48c9b16cc16829ba86d1a11b2048274624f4800245
2026-09-16T15:57:53Z	10460208	76c43abb-7922-4f22-a155-2b65d9fc3d9d	Software Development Engineer, Amazon Software Builder Experience (ASBX) - GenAI Tools	US, WA, Seattle	Seattle	WA	USA	June 26, 2026		Software Development	aws	label=team-sde-primary		not_identified	basic_qualifications	none	machine_learning,distributed_systems,cloud_infrastructure,embedded_systems,application_backend	https://www.amazon.jobs/en/jobs/10460208/software-development-engineer-amazon-software-builder-experience-asbx-genai-tools	93cfeef4e8c850d53b99efab1f08c3ef23d1ff79fa28ba0afad6d2a9effbe960
2026-09-16T15:57:53Z	10460255	0e97ed87-686a-4de9-91f9-7d2eaeee26ce	Software Development Engineer, Nitro SSD	US, CA, Cupertino	Cupertino	CA	USA	June 26, 2026		Software Development	aws	label=team-sde-primary		not_identified	basic_qualifications	none	cloud_infrastructure,networking,database_search,security_identity,embedded_systems,application_backend,operations_observability	https://www.amazon.jobs/en/jobs/10460255/software-development-engineer-nitro-ssd	af095388ed34954ab5909cef675d067ac2300bece7ab8f5382a490f4abd70db8
2026-09-16T15:57:53Z	10460285	e4a3eaad-5a0a-4fb8-9cdf-57065573753f	Software Dev Engineer, Amazon CloudFront (Routing Dataplane)	US, WA, Seattle	Seattle	WA	USA	June 26, 2026		Software Development	aws	label=team-sde-primary		not_identified	basic_qualifications	none	distributed_systems,cloud_infrastructure,networking,database_search,security_identity,operations_observability	https://www.amazon.jobs/en/jobs/10460285/software-dev-engineer-amazon-cloudfront-routing-dataplane	a94744323a47a3c63b2fe7451238c9cfbfd25d674e6e6fe5a355f9b3980f1bb6
2026-09-16T15:57:53Z	10460373	c72ca43e-be86-4501-b54a-b754034f4bcd	Software Dev Engineer II, Oracle Database@AWS	CA, BC, Vancouver	Vancouver	BC	CAN	June 26, 2026		Software Development	aws	label=team-sde-primary		not_identified	preferred_only	none	distributed_systems,cloud_infrastructure,database_search,security_identity,application_backend,operations_observability	https://www.amazon.jobs/en/jobs/10460373/software-dev-engineer-ii-oracle-database-aws	91de81469f16197045a8bfa6a28a5613f019714cddcaf79020fdcd4b8829c15b
2026-09-16T15:57:53Z	10460377	ba2c5cff-c568-4482-b41f-f37e8e4c3c9c	Software Development Engineer, Aurora DSQL	US, WA, Seattle	Seattle	WA	USA	June 26, 2026		Software Development	aws	label=team-sde-primary		not_identified	preferred_only	none	distributed_systems,cloud_infrastructure,database_search,security_identity,application_backend	https://www.amazon.jobs/en/jobs/10460377/software-development-engineer-aurora-dsql	0e7d27025b40f80c8187da779aa8c0b95c179ac9ec1220131ec7c5a5d51412ea
2026-09-16T15:57:53Z	10460379	4f8ff990-a932-4415-94c7-9710b28052b8	Sr Software Development Engineer, P&S Engineering Services	US, NY, New York	New York	NY	USA	June 26, 2026		Software Development	aws	label=team-pro-serv		not_identified	basic_qualifications	none	machine_learning,distributed_systems,cloud_infrastructure,application_backend	https://www.amazon.jobs/en/jobs/10460379/sr-software-development-engineer-p-s-engineering-services	b45560d5ac3dac23618f46abb068200f0477e0d2a13be1ede1ec035f895bdf62
2026-09-16T15:57:53Z	10460426	7db88549-e6cd-4bbf-a799-f3bd475774f1	Software Development Engineer, Relationships Identity Systems	US, NY, New York	New York	NY	USA	June 26, 2026		Software Development	ecp	label=team-ascs		not_identified	preferred_only	none	distributed_systems,security_identity,application_backend	https://www.amazon.jobs/en/jobs/10460426/software-development-engineer-relationships-identity-systems	6302c80ada98c84198830a402f3f062d4ca7aefe28cb5c2989233bfb7d07e2b2
2026-09-16T15:57:53Z	10460509	cfca696d-60a1-43ff-854e-a820943fb6ec	Software Development Engineer	US, WA, Seattle	Seattle	WA	USA	June 27, 2026		Software Development	aws	label=team-aws-sdm		not_identified	basic_qualifications	mention_only	compiler_mention,machine_learning,distributed_systems,cloud_infrastructure,networking,security_identity,embedded_systems,graphics_media,application_backend,operations_observability	https://www.amazon.jobs/en/jobs/10460509/software-development-engineer	cffdcfce495f8684f06fcf81de1ba223ac7ef4d9909a3e4fd0dae4a2a5a935b9
2026-09-16T15:57:53Z	10460560	93d2fded-c7fc-429c-bf98-3c48c0d50ee2	Software Development Engineer, Ring Taipei Software team	TW, TPE, Taipei	Taipei	TPE	TWN	June 28, 2026		Software Development	alexa-and-amazon-devices	label=team-ring-key-blink		not_identified	preferred_only	none	embedded_systems	https://www.amazon.jobs/en/jobs/10460560/software-development-engineer-ring-taipei-software-team	52aa98b0795acc604115b5a29c364b07140976d0b1417903b7dbbe7ea21c591d
2026-09-16T15:57:53Z	10460886	b23c3116-4963-4ea8-ba76-48a2a1e8666a	Software Development Engineer II, AWS AI & Strategic Partner Engineering	US, CA, Santa Clara	Santa Clara	CA	USA	June 29, 2026		Software Development	aws	label=team-sde-primary		not_identified	basic_qualifications	none	machine_learning,distributed_systems,cloud_infrastructure,database_search,security_identity,application_backend	https://www.amazon.jobs/en/jobs/10460886/software-development-engineer-ii-aws-ai-strategic-partner-engineering	21384101ad853cf6d6630d9a8b17459dbc9dfa43e80349e8b0e0c90ba7f4733f
2026-09-16T15:57:53Z	10460975	f3da0025-5e89-4346-b170-529a674de0a8	Software Development Engineer - II, FinTech - Machine Learning	IN, TS, Hyderabad	Hyderabad	TS	IND	June 29, 2026		Software Development	finance	label=team-fintech		not_identified	preferred_only	none	machine_learning,distributed_systems	https://www.amazon.jobs/en/jobs/10460975/software-development-engineer-ii-fintech-machine-learning	ce827ecf996b55155ed10b537d44fefc10c7d7f56fc642b1764ab836e0fd2070
2026-09-16T15:57:53Z	10461352	deee51a9-b6c1-4c1e-9717-a21fb08672a9	Software Development Engineer, Catalog Diagnostics (Agentic) & Analytics	US, CA, Sunnyvale	Sunnyvale	CA	USA	June 29, 2026		Software Development	ecp	label=team-ascs		not_identified	basic_qualifications	none	machine_learning,distributed_systems,cloud_infrastructure,database_search,security_identity,embedded_systems,graphics_media	https://www.amazon.jobs/en/jobs/10461352/software-development-engineer-catalog-diagnostics-agentic-analytics	b223b33a011824b7b409823b6c22b26bb2a6c91050923e0e9fdaad4732d79b0c
2026-09-16T15:57:53Z	10461447	018d07ec-cc6c-4f2d-9342-ed339ae95061	Software Dev Engineer II, Aurora Open Source Engines	US, WA, Redmond	Redmond	WA	USA	June 29, 2026		Software Development	aws	label=team-sde-primary		not_identified	preferred_only	none	distributed_systems,cloud_infrastructure,database_search,security_identity,application_backend	https://www.amazon.jobs/en/jobs/10461447/software-dev-engineer-ii-aurora-open-source-engines	d8f73765eafb0084b359cf8e4cbbd26f724b4666f260f5b63dcc88502a5d75c7
2026-09-16T15:57:53Z	10461536	5d52a230-a21a-45bc-a2fe-5b0cb040ca64	Software Development Engineer, Amazon Shopping	US, WA, Seattle	Seattle	WA	USA	June 29, 2026		Software Development	retail	label=team-search-experience		not_identified	basic_qualifications	none	machine_learning,distributed_systems,database_search,embedded_systems,frontend_mobile,graphics_media,application_backend	https://www.amazon.jobs/en/jobs/10461536/software-development-engineer-amazon-shopping	85dd439262e5f91778e30acddf9c35d0039a079e9e19d7b5e99b673e887fdcb9
2026-09-16T15:57:53Z	10461541	4cd8f9c6-4526-4a01-9a37-b0de2ffef877	Software Dev Engineer II, Stores Foundational AI -SFAI	US, WA, Seattle	Seattle	WA	USA	June 29, 2026		Software Development	retail	label=team-search-experience		not_identified	not_stated	none	machine_learning,database_search,security_identity,embedded_systems,operations_observability	https://www.amazon.jobs/en/jobs/10461541/software-dev-engineer-ii-stores-foundational-ai-sfai	9bfa0565f5d8cee2833823fc7ffd1c1227634c39134c786be2700f34cd9e0691
2026-09-16T15:57:53Z	10461544	d67be4e3-4daa-47c0-8f42-3077c518c247	Software Dev Engineer II, Alexa for Shopping	US, CA, Palo Alto	Palo Alto	CA	USA	June 29, 2026		Software Development	retail	label=team-search-experience		not_identified	preferred_only	none	machine_learning,database_search,security_identity,operations_observability	https://www.amazon.jobs/en/jobs/10461544/software-dev-engineer-ii-alexa-for-shopping	eb0e2bf5adcb15f9ab22af31f58f41f4b266a0265793bb0ab84e8e46dc7b0a85
2026-09-16T15:57:53Z	10461588	135ec879-beb2-472f-8799-5003c4d0c8c9	Software Dev Engineer II , AWS Intent Driven Networking (AIDN)	US, WA, Seattle	Seattle	WA	USA	June 29, 2026		Software Development	aws	label=team-sde-primary		not_identified	basic_qualifications	none	distributed_systems,cloud_infrastructure,networking,database_search,security_identity,embedded_systems	https://www.amazon.jobs/en/jobs/10461588/software-dev-engineer-ii-aws-intent-driven-networking-aidn	cff4b5ac7128d8ee8ed3c7d33597a0e0e4eb1e5350a0c05f4b9ae7f7c5b5d010
2026-09-16T15:57:53Z	10461773	ed9f06db-8804-435a-a5d0-90e35b3a6549	Software Development Engineer, Health & Wellness, Health Tech	US, WA, Seattle	Seattle	WA	USA	June 29, 2026		Software Development	customer-service	label=team-d2as-cs-fixed-digital		not_identified	basic_qualifications	none	machine_learning,application_backend	https://www.amazon.jobs/en/jobs/10461773/software-development-engineer-health-wellness-health-tech	6d0d10e59bc171b686c8cc9709833189f22166dbdb099d1b23c652ff57ee94a3
2026-09-16T15:57:53Z	10461800	70ff34bc-a56c-4569-bc78-0f07f55ee04b	Software Development Engineer II, AWS EBS Backup Snapshot & Edge	US, WA, Seattle	Seattle	WA	USA	June 29, 2026		Software Development	aws	label=team-sde-primary		not_identified	preferred_only	none	distributed_systems,cloud_infrastructure,database_search,application_backend	https://www.amazon.jobs/en/jobs/10461800/software-development-engineer-ii-aws-ebs-backup-snapshot-edge	ae0f18f49f6d2c4e0afd7641538eb3e5f0c9db1905165246dc2d0a8b14b6d8d3
2026-09-16T15:57:53Z	10461896	97d9d655-4161-4544-b9c4-eab17d95e22f	Software Dev Engineer, AWS Fintech	US, WA, Seattle	Seattle	WA	USA	June 30, 2026		Software Development	aws	label=team-fintech-aws		not_identified	basic_qualifications	none	distributed_systems,cloud_infrastructure,database_search	https://www.amazon.jobs/en/jobs/10461896/software-dev-engineer-aws-fintech	778bb3860dcc75509fc436f25bc5a507736b5702e4a46b08925a334034bad844
2026-09-16T15:57:53Z	10462225	b7d4d076-c2c8-4b82-9ad3-f6b75d4acc9f	Principal Software Engineer, IES LATECH & GIS	BR, SP, Sao Paulo	Sao Paulo	SP	BRA	June 30, 2026		Software Development	kindlecontent	label=team-no-team-listed		not_identified	not_stated	none	distributed_systems,networking	https://www.amazon.jobs/en/jobs/10462225/principal-software-engineer-ies-latech-gis	c5c588f55f8e8ecb3a067bb030519edd87fcb7286af4ba22884e6dcdbbb35dbe
2026-09-16T15:57:53Z	10462260	3296e697-9710-4451-8baf-f96f99beea88	Software Development Engineer II, Amazon Leo	US, WA, Redmond	Redmond	WA	USA	June 30, 2026		Software Development	alexa-and-amazon-devices	label=team-project-kuiper		not_identified	preferred_only	none	networking,security_identity,embedded_systems	https://www.amazon.jobs/en/jobs/10462260/software-development-engineer-ii-amazon-leo	2d9587ccef316d80e99e93180fae1b3ae7252e19cc906e31392b269fa3fe6c14
2026-09-16T15:57:53Z	10462261	5de7c5cc-b7ac-4cb3-8299-cd8080e5e333	Software Development Engineer II, Amazon Leo	US, WA, Redmond	Redmond	WA	USA	June 30, 2026		Software Development	alexa-and-amazon-devices	label=team-project-kuiper		not_identified	preferred_only	none	networking,security_identity,embedded_systems	https://www.amazon.jobs/en/jobs/10462261/software-development-engineer-ii-amazon-leo	5cea5ee7822f0aba499cccbaa05fea6c727d1ad81bb82485407014f4b0caf487
2026-09-16T15:57:53Z	10462323	a32cb1a9-c08c-4256-92c2-328289d0ccc1	Software Development Engineer, Open Data Analytics Governance	US, WA, Redmond	Redmond	WA	USA	June 30, 2026		Software Development	aws	label=team-sde-primary		not_identified	preferred_only	mention_only	compiler_mention,cloud_infrastructure,database_search,application_backend	https://www.amazon.jobs/en/jobs/10462323/software-development-engineer-open-data-analytics-governance	8d92a19cb6838b786784417d51183ab89eeac191806a613c1b9f5d7360305cff
2026-09-16T15:57:53Z	10462326	8fc1e3f9-9ec3-40c8-9de2-6b9af7840f7d	Sr. Software Development Engineer, Amazon Athena - Engine	US, NY, New York	New York	NY	USA	June 30, 2026		Software Development	aws	label=team-sde-primary		not_identified	preferred_only	none	machine_learning,distributed_systems,cloud_infrastructure,database_search,application_backend	https://www.amazon.jobs/en/jobs/10462326/sr-software-development-engineer-amazon-athena-engine	aabcfdbccbd32e8b703fec2eb9065ed46cac44805b5c72117357e232c9d9197c
2026-09-16T15:57:53Z	10462362	baaad7ca-8a3d-4740-bde8-5590b691fd19	Lead SDE C/C++ Hardware/Software Co-Design, Machine Learning Acceleration Systems	US, CA, Cupertino	Cupertino	CA	USA	June 30, 2026		Software Development	aws	label=team-sde-primary		not_identified	preferred_only	none	machine_learning,cloud_infrastructure,networking,embedded_systems,application_backend	https://www.amazon.jobs/en/jobs/10462362/lead-sde-c-c-hardware-software-co-design-machine-learning-acceleration-systems	c105ea1c1199294640b5690dc59117de68f084b3eb62ef386cafa2256f0012c6
2026-09-16T15:57:53Z	10462377	f620eeba-075a-4a7d-8dd6-c475d2e0250f	Software Development Engineer, Alexa Customers & Technology	IN, KA, Bengaluru	Bengaluru	KA	IND	June 30, 2026		Software Development	alexa-and-amazon-devices	label=devices-and-services-teams		not_identified	basic_qualifications	none	machine_learning,networking,embedded_systems,frontend_mobile,application_backend	https://www.amazon.jobs/en/jobs/10462377/software-development-engineer-alexa-customers-technology	63aaa2a6c9763e627bb68d629a0edee13fbd6bacfc7cc0a995a9e7290734232e
2026-09-16T15:57:53Z	10462385	9413269b-6b4a-4430-926c-e241def95bbc	Software Development Engineer II, Selling Partner Trust & Compliance	US, WA, Seattle	Seattle	WA	USA	June 30, 2026		Software Development	selling-partner-services	label=no-team-listed		not_identified	basic_qualifications	none	machine_learning,distributed_systems,embedded_systems	https://www.amazon.jobs/en/jobs/10462385/software-development-engineer-ii-selling-partner-trust-compliance	b7e5bf2d7d499aef00f4da642dd2003658d34391646e1dcaaa58cc0fb714f5dd
2026-09-16T15:57:53Z	10462677	e602c532-9e42-4a90-bf16-52ada5b68078	Software Development Engineer, AWS OpenSearch Service	US, TX, Austin	Austin	TX	USA	June 30, 2026		Software Development	aws	label=team-sde-primary		not_identified	basic_qualifications	none	distributed_systems,cloud_infrastructure,networking,database_search,security_identity,embedded_systems,operations_observability	https://www.amazon.jobs/en/jobs/10462677/software-development-engineer-aws-opensearch-service	e85b57cbc0459726d2eca8cad7689ece840a5126253528a540dcf739a73d5239
2026-09-16T15:57:53Z	10462700	5fdf1574-5919-4d0d-9969-614ed5552832	SDE-II, AI Core Infra - AI Analytics and Insights	IN, KA, Bengaluru	Bengaluru	KA	IND	June 30, 2026		Software Development	advertising	label=team-amazon-ads		not_identified	preferred_only	none	machine_learning,distributed_systems,cloud_infrastructure,networking,database_search,embedded_systems,application_backend,operations_observability	https://www.amazon.jobs/en/jobs/10462700/sde-ii-ai-core-infra-ai-analytics-and-insights	1e6f931e204a912c62c3f1516aa4dd6ef14b9a53e71731e859e821d813a2234c
2026-09-16T15:57:53Z	10462754	c2f3ed07-7f95-48ca-8cf2-5b1afeeb55a8	Sr. Software Development Engineer, Guidance & Personalization	US, NY, New York	New York	NY	USA	June 30, 2026		Software Development	advertising	label=team-amazon-ads		not_identified	preferred_only	none	machine_learning,distributed_systems,cloud_infrastructure,graphics_media,application_backend,operations_observability	https://www.amazon.jobs/en/jobs/10462754/sr-software-development-engineer-guidance-personalization	e0cb5527ff36b0a85213a634333b0c8284236c82cf41a876f886715ce74786c2
2026-09-16T15:57:53Z	10462776	3c0297d9-c356-4355-aabe-7dc210a1ed72	Software Development Engineer, Amazon Quick	US, WA, Seattle	Seattle	WA	USA	June 30, 2026		Software Development	aws	label=team-sde-primary		not_identified	basic_qualifications	none	distributed_systems,cloud_infrastructure,embedded_systems,frontend_mobile,application_backend	https://www.amazon.jobs/en/jobs/10462776/software-development-engineer-amazon-quick	4360687152863c09091d6daf7a2438cf59d01e9be0f051f00d61776701e91a6a
2026-09-16T15:57:53Z	10462822	aa9fa814-a4d8-4ad8-9ae0-b78e9ea274d3	Software Development Engineer, Amazon Connect	CA, BC, Vancouver	Vancouver	BC	CAN	June 30, 2026		Software Development	aws	label=team-sde-primary		not_identified	preferred_only	none	machine_learning,cloud_infrastructure,application_backend	https://www.amazon.jobs/en/jobs/10462822/software-development-engineer-amazon-connect	8efa6506282d2fb41a92f2c8fc3971d615fb246f15b0a17b57e74f044b516b92
2026-09-16T15:57:53Z	10462894	a0b2eb75-c5fc-4e72-a104-b29bcad167f9	Embedded Software Dev Engineer, Amazon Leo Antenna Development	US, WA, Redmond	Redmond	WA	USA	June 30, 2026		Software Development	alexa-and-amazon-devices	label=team-project-kuiper		not_identified	basic_qualifications	none	distributed_systems,cloud_infrastructure,database_search,embedded_systems	https://www.amazon.jobs/en/jobs/10462894/embedded-software-dev-engineer-amazon-leo-antenna-development	18a8283e74e79b4dbb252c06992635fe91c91ac45d1eb802fa7b3b440f6409df
2026-09-16T15:57:53Z	10462916	6582a601-69a6-4c8e-bc0b-57e7b8261bb2	Software Development Engineer II, Amazon Smart Vehicles	IN, KA, Bengaluru	Bengaluru	KA	IND	June 30, 2026		Software Development	alexa-and-amazon-devices	label=amazon-device-software-and-services		not_identified	preferred_only	none		https://www.amazon.jobs/en/jobs/10462916/software-development-engineer-ii-amazon-smart-vehicles	705096584e64d2c975ef3b38a2823c765cc2adc087570152695ed95a0c22b18d
2026-09-16T15:57:53Z	10462918	57b17c56-d636-4f0d-806c-b0f0ba50a1fb	Software Development Engineer II, Amazon Smart Vehicles	IN, KA, Bengaluru	Bengaluru	KA	IND	June 30, 2026		Software Development	alexa-and-amazon-devices	label=amazon-device-software-and-services		not_identified	preferred_only	none		https://www.amazon.jobs/en/jobs/10462918/software-development-engineer-ii-amazon-smart-vehicles	cca1916ac20a37a414019ad99a7b708fb450d2327b2b7450e472beb7df286ade
2026-09-16T15:57:53Z	10463113	a0565e06-4a33-46e5-85dc-77914e255a76	Software Development Engineer, Devices Software & Services	US, CA, Irvine	Irvine	CA	USA	June 30, 2026		Software Development	alexa-and-amazon-devices	label=amazon-device-software-and-services		not_identified	basic_qualifications	none	machine_learning,cloud_infrastructure,security_identity,application_backend,operations_observability	https://www.amazon.jobs/en/jobs/10463113/software-development-engineer-devices-software-services	06dc4adf4318ee705dea26e8739a9c9d015c15ec6a4e63b79d025753bda8df83
2026-09-16T15:57:53Z	10463114	831082d6-6850-47a3-b140-ef253e660f90	Software Development Engineer, Devices Software & Services	US, TX, Austin	Austin	TX	USA	June 30, 2026		Software Development	alexa-and-amazon-devices	label=amazon-device-software-and-services		not_identified	basic_qualifications	none	machine_learning,cloud_infrastructure,security_identity,application_backend,operations_observability	https://www.amazon.jobs/en/jobs/10463114/software-development-engineer-devices-software-services	875a0664bc15c91ae85dea58b2f55a324e1509a03fd6a532834aaec636377757
2026-09-16T15:57:53Z	10463199	f054ebbc-3b9a-4850-905e-93828c214204	Software Dev Engineer II, Alexa Smart Home	IN, KA, Bengaluru	Bengaluru	KA	IND	July 1, 2026		Software Development	alexa-and-amazon-devices	label=team-smart-home		not_identified	preferred_only	none	cloud_infrastructure,security_identity	https://www.amazon.jobs/en/jobs/10463199/software-dev-engineer-ii-alexa-smart-home	2dc2edad1d2c975a19e3a6139a5a8ce680b0eabda48ab77fd832fc26311dcd1d
2026-09-16T15:57:53Z	10463313	4273d066-3142-401e-91a2-6f766e76c10d	SDE II, ML Infra Services, Annapurna Labs	US, WA, Seattle	Seattle	WA	USA	July 1, 2026		Software Development	aws	label=team-machine-learning-primary		not_identified	preferred_only	mention_only	compiler_mention,machine_learning,cloud_infrastructure,database_search,embedded_systems,frontend_mobile,graphics_media	https://www.amazon.jobs/en/jobs/10463313/sde-ii-ml-infra-services-annapurna-labs	7df39de247bc06fa4ca284aeb62e3e33711fe7ebfb44b34d97459e80764e6ec9
2026-09-16T15:57:53Z	10463508	b0227e30-11db-494d-b533-bd05cdae671e	SDE 2, FMA - Featured Merchant Algorithm	IN, KA, Bengaluru	Bengaluru	KA	IND	July 1, 2026		Software Development	amazon-business	label=no-team-listed		not_identified	preferred_only	none	database_search	https://www.amazon.jobs/en/jobs/10463508/sde-2-fma-featured-merchant-algorithm	6255d3132ec6ffd050ea8dd0566dbf45b54da02c05b23c2f5cb95929cbbc41d2
2026-09-16T15:57:53Z	10463551	dbcd6c7c-f99b-4d8d-83f5-b3b8e55f2788	Software Development Engineer, Amazon Connect Customer - Connectors & Mobile	US, WA, Seattle	Seattle	WA	USA	July 1, 2026		Software Development	aws	label=team-sde-primary		not_identified	basic_qualifications	none	distributed_systems,cloud_infrastructure,security_identity,embedded_systems,application_backend	https://www.amazon.jobs/en/jobs/10463551/software-development-engineer-amazon-connect-customer-connectors-mobile	f76ed5ae3ca893f2783fdfcf2349413da28e0b5c99cb2dcf5a7a5d667e46a40c
2026-09-16T15:57:53Z	10463567	15e73701-e01c-4464-af27-cfc83d4bdb51	Sr. Software Dev Engineer, Measurement Ad Tech Data Science	CA, ON, Toronto	Toronto	ON	CAN	July 1, 2026		Software Development	advertising	label=team-amazon-ads		not_identified	preferred_only	none	machine_learning,cloud_infrastructure	https://www.amazon.jobs/en/jobs/10463567/sr-software-dev-engineer-measurement-ad-tech-data-science	af52bbafde863582004910f1327902a86b460dc467ae476f65ebf1781bcddfb2
2026-09-16T15:57:53Z	10463836	76ec6af0-4a11-458a-b26d-1494bd2b7f26	SDE II, Life Sciences Applied AI	US, WA, Seattle	Seattle	WA	USA	July 1, 2026		Software Development	aws	label=team-sde-primary		not_identified	preferred_only	none	cloud_infrastructure,application_backend,operations_observability	https://www.amazon.jobs/en/jobs/10463836/sde-ii-life-sciences-applied-ai	932eaf928226b6b131e6e9afb47965ab7cbff8e9fe340bc4aaa50327ea5ad88e
2026-09-16T15:57:53Z	10463881	ce33194f-d28e-4bb4-8629-3a4765c68ae2	Principal Software Engineer, Prime Video Commerce Tech	IN, KA, Bengaluru	Bengaluru	KA	IND	July 1, 2026		Software Development	entertainment	label=team-primevideo		not_identified	not_stated	none	distributed_systems,application_backend,operations_observability	https://www.amazon.jobs/en/jobs/10463881/principal-software-engineer-prime-video-commerce-tech	b4f2bec3c6026e109643b244c0da8e40bbe9aa5de637ffeaff4ddba13d392bc7
2026-09-16T15:57:53Z	10464051	2334aa6f-ba39-4b8d-830f-839ad2dd3491	Software Dev Engineer III, ICON	US, WA, Seattle	Seattle	WA	USA	July 1, 2026		Software Development	ecp	label=engine		not_identified	preferred_only	none	machine_learning,distributed_systems,cloud_infrastructure,security_identity,application_backend	https://www.amazon.jobs/en/jobs/10464051/software-dev-engineer-iii-icon	7af0152072b973daffcc4654b5b297782a0dee7c34d3ad9e56d7fce6f3576d50
2026-09-16T15:57:53Z	10464055	ea6af3c3-48e0-49df-9710-a1e07487c2e1	Software Development Engineer I, ML Infra Services, Annapurna Labs	US, CA, Cupertino	Cupertino	CA	USA	July 1, 2026		Software Development	aws	label=team-machine-learning-primary		not_identified	not_stated	mention_only	compiler_mention,machine_learning,distributed_systems,cloud_infrastructure,database_search,frontend_mobile,graphics_media	https://www.amazon.jobs/en/jobs/10464055/software-development-engineer-i-ml-infra-services-annapurna-labs	250580216ff2c7b6327856633c26a78bf42bf52a7456197f08ddbba271cfcb3d
2026-09-16T15:57:53Z	10464318	284aeedd-070f-434f-bdbc-292eeb89b4eb	Software Development Engineer III, Amazon Leo CT Anchor	US, WA, Redmond	Redmond	WA	USA	July 1, 2026		Software Development	alexa-and-amazon-devices	label=team-project-kuiper		not_identified	preferred_only	none	distributed_systems,networking	https://www.amazon.jobs/en/jobs/10464318/software-development-engineer-iii-amazon-leo-ct-anchor	e5172e93cd5a1b853dcead215a3d15200eb99ab176bcd20438d231859cd17762
2026-09-16T15:57:53Z	10464331	fe422926-aaf3-412e-af2f-6b4ef6cccfbe	Software Development Engineer II, Delivery Choice	US, WA, Bellevue	Bellevue	WA	USA	July 1, 2026		Software Development	operations	label=team-dex		not_identified	preferred_only	none	application_backend	https://www.amazon.jobs/en/jobs/10464331/software-development-engineer-ii-delivery-choice	3cd86a6a5076d8be51126d67937af21cd6da27193f1f872ffa27b6bbefed11b6
2026-09-16T15:57:53Z	10464473	0e43c852-f833-42da-b216-6c85ed4aec4a	SDE II, Neuron Infra Services	US, CA, Cupertino	Cupertino	CA	USA	July 2, 2026		Software Development	aws	label=team-aws-cloud-management		not_identified	preferred_only	none	machine_learning,distributed_systems,cloud_infrastructure,networking,database_search,security_identity,operations_observability	https://www.amazon.jobs/en/jobs/10464473/sde-ii-neuron-infra-services	e63dd6169eff6fe17903551d974479f02e836b738573bd8e5b0db1add7172867
2026-09-16T15:57:53Z	10464737	c118b55b-78f3-4082-b4df-e2fe6ae1c7a1	Sr Agentic FullStack SDE, AWS Professional Services	AU, WA, Perth	Perth	WA	AUS	July 2, 2026		Software Development	aws	label=team-pro-serv		not_identified	not_stated	none	machine_learning,distributed_systems,cloud_infrastructure,security_identity,frontend_mobile,application_backend,operations_observability	https://www.amazon.jobs/en/jobs/10464737/sr-agentic-fullstack-sde-aws-professional-services	7d30c39f845d96c340041578328c30d4bcc6b9231ce8cd043355cc624c484055
2026-09-16T15:57:53Z	10464738	be9a0db7-3852-4ec1-be72-f083f24e4614	Sr Delivery Consultant: GenAI FullStack SDE, AWS Professional Services	AU, WA, Perth	Perth	WA	AUS	July 2, 2026		Software Development	aws	label=team-pro-serv		not_identified	not_stated	none	machine_learning,distributed_systems,cloud_infrastructure,security_identity,frontend_mobile,application_backend,operations_observability	https://www.amazon.jobs/en/jobs/10464738/sr-delivery-consultant-genai-fullstack-sde-aws-professional-services	67cd60ddfa2d722529f159dfe1e56698adab58a2e88f8ecdd32a92783f8b7e24
2026-09-16T15:57:53Z	10464955	79df5af1-1369-4b93-8177-86c6fb53f45b	Embedded Software Dev Engineer III, Amazon Leo for Government - Leo Modem Module Software Team	US, WA, Redmond	Redmond	WA	USA	July 2, 2026		Software Development	alexa-and-amazon-devices	label=team-project-kuiper		not_identified	preferred_only	none	distributed_systems,networking,embedded_systems	https://www.amazon.jobs/en/jobs/10464955/embedded-software-dev-engineer-iii-amazon-leo-for-government-leo-modem-module-software-team	9d540e56d0399fec9f2f028433b00745a2e97c862bd143d5031382bbcbf57ff0
2026-09-16T15:57:53Z	10465003	d0e22d40-de9b-487e-ae67-aa33f99c686b	Software Development Engineer, Appstore Commerce	IN, TN, Chennai	Chennai	TN	IND	July 2, 2026		Software Development	alexa-and-amazon-devices	label=devices-and-services-teams		not_identified	preferred_only	none	distributed_systems,database_search	https://www.amazon.jobs/en/jobs/10465003/software-development-engineer-appstore-commerce	bd7f484201df73e102a4aa82b28c0d45cde6e0541883ff085435c12bc619584d
2026-09-16T15:57:53Z	10465025	f8e0f8cb-58da-44dd-ab14-6f55e0278e98	Sr. Software Development Engineer, Amazon Optics	IE, D, Dublin	Dublin	D	IRL	July 2, 2026		Software Development	amazon-security	label=team-aws-security		not_identified	preferred_only	none	cloud_infrastructure,security_identity	https://www.amazon.jobs/en/jobs/10465025/sr-software-development-engineer-amazon-optics	069edb4b728de2bf3bd98131104f5d7170006aa26f69b652b173a4715e1318fb
2026-09-16T15:57:53Z	10465260	84adc6ae-8757-4b43-bd02-22f55b42eaf9	Software Development Engineer II, AWS IAM Identity Center	CA, BC, Vancouver	Vancouver	BC	CAN	July 2, 2026		Software Development	aws	label=team-sde-primary		not_identified	preferred_only	none	machine_learning,distributed_systems,cloud_infrastructure,database_search,security_identity,application_backend	https://www.amazon.jobs/en/jobs/10465260/software-development-engineer-ii-aws-iam-identity-center	db5e74da135323277c639dce482e4f495e69e53055eae8bc256032f6d43a9afc
2026-09-16T15:57:53Z	10465404	4ad0ad51-930c-43da-856a-c208523d0a2c	Senior Software Development Engineer - AWS Agentic WorkSpaces, EUC Streaming Foundation	US, WA, Seattle	Seattle	WA	USA	July 3, 2026		Software Development	aws	label=team-sde-primary		not_identified	preferred_only	none	cloud_infrastructure,networking,graphics_media,application_backend	https://www.amazon.jobs/en/jobs/10465404/senior-software-development-engineer-aws-agentic-workspaces-euc-streaming-foundation	d605184f53cde94da869a27e7cbad2eb1aeb8fdf85f96a6a354a7b09d2b9b7aa
2026-09-16T15:57:53Z	10465695	a6546711-7ea7-4fc0-ba2d-d8b5d4d54eaf	Senior Network Software Engineer , SRD Annapurna Labs	IL, Haifa	Haifa		ISR	July 3, 2026		Software Development	aws	label=team-sde-primary		not_identified	basic_qualifications	none	cloud_infrastructure,networking,database_search,security_identity,application_backend	https://www.amazon.jobs/en/jobs/10465695/senior-network-software-engineer-srd-annapurna-labs	213faf39a3dd643a18ed3ff0570a6a857132202b0e9801d219be812086a635b0
2026-09-16T15:57:53Z	10465706	86585149-2beb-4d93-9677-994576b0b343	Embedded Software Engineer, AWS Annapurna Labs	IL, Tel Aviv	Tel Aviv		ISR	July 3, 2026		Software Development	aws	label=team-sde-primary		not_identified	basic_qualifications	none	cloud_infrastructure,networking,security_identity,embedded_systems,application_backend,operations_observability	https://www.amazon.jobs/en/jobs/10465706/embedded-software-engineer-aws-annapurna-labs	db88d95d9ce6b8ce0e61bae1b13af39d963d697ec5474e0790f0558468f59b7b
2026-09-16T15:57:53Z	10465741	0b164281-9e71-4943-9492-6347d799fbf5	Software Development Engineer, Digital and Emerging Markets Payments MX	MX, DIF, Mexico City	Mexico City	DIF	MEX	July 3, 2026		Software Development	international-stores	label=team-amazon-payments		not_identified	preferred_only	none	cloud_infrastructure,application_backend	https://www.amazon.jobs/en/jobs/10465741/software-development-engineer-digital-and-emerging-markets-payments-mx	0714f6302061407fe2dc1d276d774ece71ee6a06271547bb864f7032b37522b5
2026-09-16T15:57:53Z	10465850	49725227-2bde-477f-b73f-a9cbb63dc35c	Software Development Engineer, Ads AI Core Infra	US, WA, Seattle	Seattle	WA	USA	July 4, 2026		Software Development	advertising	label=team-amazon-ads		not_identified	preferred_only	none	distributed_systems,cloud_infrastructure,application_backend,operations_observability	https://www.amazon.jobs/en/jobs/10465850/software-development-engineer-ads-ai-core-infra	e92141362c59f87f5f7883ab39631e1f04a352b110726ec10f726a96d2cdeb29
2026-09-16T15:57:53Z	10465851	8b4f1018-f84c-42c0-9627-90d9388441bb	Software Development Engineer, Ads AI Core Infra	US, WA, Seattle	Seattle	WA	USA	July 4, 2026		Software Development	advertising	label=team-amazon-ads		not_identified	preferred_only	none	distributed_systems,cloud_infrastructure,application_backend,operations_observability	https://www.amazon.jobs/en/jobs/10465851/software-development-engineer-ads-ai-core-infra	a2807698387aab3a1aa0c9d90f3735d73115f02f5a6d414da655bd368f9ea8ba
2026-09-16T15:57:53Z	10466123	32ce3285-7ba0-46aa-b9d3-5f8bd4942dae	Senior Software Engineer- ML Network Stack, ML Network Stack - Annapurna Labs	IL, Tel Aviv	Tel Aviv		ISR	July 6, 2026		Software Development	aws	label=team-sde-primary		not_identified	preferred_only	none	cloud_infrastructure,networking,embedded_systems	https://www.amazon.jobs/en/jobs/10466123/senior-software-engineer-ml-network-stack-ml-network-stack-annapurna-labs	6d0beea2b5f660af46ead0ce22f77f8c41226ebd5017c688c3363976ac03bd0e
2026-09-16T15:57:53Z	10466144	75c5d158-68c9-41dd-acc9-64b5e5e6636d	Senior ML Software Engineer, Data Plane	IL, Tel Aviv	Tel Aviv		ISR	July 6, 2026		Software Development	aws	label=team-sde-primary		not_identified	basic_qualifications	mention_only	compiler_mention,machine_learning,distributed_systems,cloud_infrastructure,networking,embedded_systems,graphics_media	https://www.amazon.jobs/en/jobs/10466144/senior-ml-software-engineer-data-plane	da1126e73aa405e33d2342865fe944949ba8ebdabd353fb7824c8645f6574ba9
2026-09-16T15:57:53Z	10466161	9d7bf9a1-9a5a-4765-bea8-71834e1a1f30	Senior Software Engineer, Amazon Foundational Security Services - Identity	US, WA, Seattle	Seattle	WA	USA	July 6, 2026		Software Development	amazon-security	label=no-team-list		not_identified	preferred_only	none	cloud_infrastructure,networking,security_identity,operations_observability	https://www.amazon.jobs/en/jobs/10466161/senior-software-engineer-amazon-foundational-security-services-identity	08c0ab85a6533fae99363268e3ae5a81234d0e5471f82e8466a35136c258c2c7
2026-09-16T15:57:53Z	10466265	7de7f4a9-6d61-4319-b2a8-f7e9e0c0cb35	Senior Software Development Engineer, FSx for Lustre	US, MA, Boston	Boston	MA	USA	July 6, 2026		Software Development	aws	label=team-sde-primary		not_identified	preferred_only	none	machine_learning,distributed_systems,cloud_infrastructure,networking,database_search,security_identity,graphics_media,application_backend,operations_observability	https://www.amazon.jobs/en/jobs/10466265/senior-software-development-engineer-fsx-for-lustre	a0af7f6128afb90162119bbceec8abe92f1474a6c420d47396a5cf5ef5e6e869
2026-09-16T15:57:53Z	10466311	e4b995cc-8942-4ec1-bbb7-74f0efe04057	Embedded Software Engineer - Nitro , Annapurna Labs	IL, Tel Aviv	Tel Aviv		ISR	July 6, 2026		Software Development	aws	label=team-sde-primary		not_identified	not_stated	none	cloud_infrastructure,networking,embedded_systems,application_backend	https://www.amazon.jobs/en/jobs/10466311/embedded-software-engineer-nitro-annapurna-labs	b41cabc7fb1ccfbb8154d30e689e9b1e8ac890bb0b4fe01a297f4464d09f613b
2026-09-16T15:57:53Z	10466427	85bf5ea3-93ec-4f14-aa74-4a2bd6c9e746	Software Development Engineer, Payroll Tech	IN, UP, Noida	Noida	UP	IND	July 6, 2026		Software Development	finance	label=team-finauto		not_identified	preferred_only	none	application_backend,operations_observability	https://www.amazon.jobs/en/jobs/10466427/software-development-engineer-payroll-tech	c4a8218233943976e037ee9aa4f330829dd8ae76d24f90cad4285e59b070060c
2026-09-16T15:57:53Z	10466444	0faecd3b-306f-4517-bcf5-daeb4ef12337	Sr Software Dev Engineer, Network Capacity Services	IE, D, Dublin	Dublin	D	IRL	July 6, 2026		Software Development	aws	label=team-sde-primary		not_identified	not_stated	none	cloud_infrastructure,networking,security_identity,operations_observability	https://www.amazon.jobs/en/jobs/10466444/sr-software-dev-engineer-network-capacity-services	8b7ffdbaec185f3fb098d97cf49bfb6b29554fcc9ba9b252e32616966612a258
2026-09-16T15:57:53Z	10466660	766c61e0-f336-4de2-a68b-267e0c87d224	FTVx Voice Experience - SDE II, FTVX Team (Voice Experience)	IN, TN, Chennai	Chennai	TN	IND	July 6, 2026		Software Development	alexa-and-amazon-devices	label=team-firetv-tablets		not_identified	preferred_only	none	database_search,frontend_mobile,application_backend	https://www.amazon.jobs/en/jobs/10466660/ftvx-voice-experience-sde-ii-ftvx-team-voice-experience	1089e8411f3a8e364bfcf0b71af74e3dd5aed7262148f3499bdcc1740e122e89
2026-09-16T15:57:53Z	10466672	0ad26674-89f3-4975-90b9-b3e4d100d42d	Software Development Engineer, Aurora MySQL	IN, KA, Bengaluru	Bengaluru	KA	IND	July 6, 2026		Software Development	aws	label=team-sde-primary		not_identified	preferred_only	none	cloud_infrastructure,database_search,security_identity	https://www.amazon.jobs/en/jobs/10466672/software-development-engineer-aurora-mysql	ec0546eae1c36411b678250e8c4717d68a115b53398dadd6cd2bd2a503d2cf64
2026-09-16T15:57:53Z	10466683	54faac89-78ae-4554-b84d-387931546335	Software Development Engineer, ADC2S	US, WA, Seattle	Seattle	WA	USA	July 6, 2026		Software Development	aws	label=team-us-security-clearance-jobs-primary		not_identified	basic_qualifications	none	distributed_systems,cloud_infrastructure,networking,database_search,security_identity,application_backend	https://www.amazon.jobs/en/jobs/10466683/software-development-engineer-adc2s	ce60d3fa5d11e2cd6cdebc5ba91e6ecb1195deea7852b7ab6cc0d46d7fc6062f
2026-09-16T15:57:53Z	10466704	829dd491-250b-4950-8fa5-c7e2af8e0fbd	Senior Software Development Engineer - AWS, Amazon Dedicated Cloud (ADC) Networking	US, VA, Herndon	Herndon	VA	USA	July 6, 2026		Software Development	aws	label=team-us-security-clearance-jobs-primary		not_identified	basic_qualifications	none	distributed_systems,cloud_infrastructure,networking,database_search,security_identity,application_backend	https://www.amazon.jobs/en/jobs/10466704/senior-software-development-engineer-aws-amazon-dedicated-cloud-adc-networking	46616188cf5a8541233452cf864bfa3d5a37afb1eab28f1abbf1e40c9479b3c8
2026-09-16T15:57:53Z	10466814	59e33112-2423-4347-9b12-80d425ff8071	Software Development Engineer II	US, MA, N.reading	N.reading	MA	USA	July 6, 2026		Software Development	subsidiaries	label=team-amazon-robotics		not_identified	basic_qualifications	none	cloud_infrastructure,networking,embedded_systems,graphics_media	https://www.amazon.jobs/en/jobs/10466814/software-development-engineer-ii	a01ac8f07a19d6c80b59212e704bb15ea85b4f156f6eeddec6979bfab05c85c0
2026-09-16T15:57:53Z	10466825	555eda70-d3ce-4c4c-818c-615e31275deb	Software Development Engineer, AWS Partnerships	US, WA, Seattle	Seattle	WA	USA	July 6, 2026		Software Development	aws	label=team-sde-primary		not_identified	basic_qualifications	none	distributed_systems,cloud_infrastructure,networking,embedded_systems,frontend_mobile,application_backend	https://www.amazon.jobs/en/jobs/10466825/software-development-engineer-aws-partnerships	a6cf97ae60de26e6f19fb02ba2bc9c85e79e7e339c9c1c7b84f0b0b8e2aec10c
2026-09-16T15:57:53Z	10466836	bf757e39-a9a1-45c3-a828-e2f406563134	Embedded Software Dev Engineer, Ring Devices	PL, Gdansk	Gdansk		POL	July 6, 2026		Software Development	alexa-and-amazon-devices	label=devices-and-services-teams		not_identified	basic_qualifications	none	cloud_infrastructure,security_identity,embedded_systems	https://www.amazon.jobs/en/jobs/10466836/embedded-software-dev-engineer-ring-devices	418f33b817e1a241bf4fbe35776bee5fec7719df36ab670efd46105606fd75ee
2026-09-16T15:57:53Z	10466966	589ea72b-36f4-4af2-8c0d-e31ab9b5ee7e	Software Development Engineer, Selection Economics Tech	US, WA, Seattle	Seattle	WA	USA	July 6, 2026		Software Development	international-stores	label=seller-services		not_identified	basic_qualifications	none	distributed_systems,cloud_infrastructure,embedded_systems	https://www.amazon.jobs/en/jobs/10466966/software-development-engineer-selection-economics-tech	0455c75c9c634167cef813ccc5b7e46333ad747b83a56df4b35517f7b9113520
2026-09-16T15:57:53Z	10466979	dffcbb03-1c68-408c-a0b4-3049ceed52af	Software Dev Engineer II, Alexa Connections	IN, TN, Chennai	Chennai	TN	IND	July 6, 2026		Software Development	alexa-and-amazon-devices	label=devices-and-services-teams		not_identified	preferred_only	none	machine_learning,distributed_systems,cloud_infrastructure,database_search,application_backend	https://www.amazon.jobs/en/jobs/10466979/software-dev-engineer-ii-alexa-connections	48c648e5b5d39d18895782a83f3ce39e7da1619dfc4fc5b79a1a09287ee40cc5
2026-09-16T15:57:53Z	10466980	b6464e95-f994-4804-9085-ee2e64225ffe	Software Dev Engineer II, Alexa Connections	IN, TN, Chennai	Chennai	TN	IND	July 6, 2026		Software Development	alexa-and-amazon-devices	label=devices-and-services-teams		not_identified	preferred_only	none	machine_learning,distributed_systems,cloud_infrastructure,database_search,application_backend	https://www.amazon.jobs/en/jobs/10466980/software-dev-engineer-ii-alexa-connections	96eb14e8d695bc74f6a77685ba7af98b588cebe00e856ab544a474dacbfe2648
2026-09-16T15:57:53Z	10466998	63b51a48-03f4-41ea-b2f9-186cfd70e5b6	Software Development Engineer, Network Capacity Demand	US, WA, Seattle	Seattle	WA	USA	July 6, 2026		Software Development	aws	label=team-sde-primary		not_identified	basic_qualifications	none	distributed_systems,networking,database_search,embedded_systems	https://www.amazon.jobs/en/jobs/10466998/software-development-engineer-network-capacity-demand	433e6500899919ebcf035fac1f704d355c292f2376615ec49ea91366c7fd2d27
2026-09-16T15:57:53Z	10467009	4365f3b3-34b3-4fb9-984b-78bfe27ce5c1	Software Development Engineer, AWS Networks	AU, NSW, Sydney	Sydney	NSW	AUS	July 7, 2026		Software Development	aws	label=team-sde-primary		not_identified	preferred_only	none	distributed_systems,cloud_infrastructure,networking,database_search,security_identity,embedded_systems,application_backend,operations_observability	https://www.amazon.jobs/en/jobs/10467009/software-development-engineer-aws-networks	37b4edab35056da55035e4a7541b5659c45272aa94dd87bfe23062c44a6e5b6b
2026-09-16T15:57:53Z	10467056	f3eb5179-e500-44e4-9b92-9340d05b7f15	Software Engineer III, Leo Regulus	US, WA, Redmond	Redmond	WA	USA	July 7, 2026		Software Development	alexa-and-amazon-devices	label=team-project-kuiper		not_identified	preferred_only	none	distributed_systems,cloud_infrastructure	https://www.amazon.jobs/en/jobs/10467056/software-engineer-iii-leo-regulus	0d89d25d06b24330c52e5909d9221255e122a2e6941e160d0373348490fb9ad7
2026-09-16T15:57:53Z	10467060	df392df1-69f9-4111-9f10-194ad7759d32	Software Development Engineer, Amazon Prime	IN, KA, Bengaluru	Bengaluru	KA	IND	July 7, 2026		Software Development	amazon-business	label=no-team-listed		not_identified	preferred_only	none	cloud_infrastructure	https://www.amazon.jobs/en/jobs/10467060/software-development-engineer-amazon-prime	34867465370ce54626ba5d809be55c9d657ad62ed96aaf2500b1bcf30b11a0ca
2026-09-16T15:57:53Z	10467063	ea033ce9-6f8a-412b-ab74-547259383364	Senior Software Development Engineer, AWS ElastiCache	CA, BC, Vancouver	Vancouver	BC	CAN	July 7, 2026		Software Development	aws	label=team-sde-primary		not_identified	preferred_only	none	machine_learning,distributed_systems,cloud_infrastructure,database_search,operations_observability	https://www.amazon.jobs/en/jobs/10467063/senior-software-development-engineer-aws-elasticache	ec3a58f962aaa74b672fee4861f3e8b7d96ea4357900cd492bc090473d048beb
2026-09-16T15:57:53Z	10467200	5c0fb70a-9995-48a6-a6ab-37642583f198	Software Development Engineer, Amazon Prime	IN, KA, Bengaluru	Bengaluru	KA	IND	July 7, 2026		Software Development	amazon-business	label=no-team-listed		not_identified	preferred_only	none	distributed_systems,cloud_infrastructure	https://www.amazon.jobs/en/jobs/10467200/software-development-engineer-amazon-prime	4ecc5f4889478d30aeb5135593a5374340f449cd3ee0394470f24e9b0c65827a
2026-09-16T15:57:53Z	10467285	e91dc5de-18d1-408c-a498-137041820495	Senior Software Engineer, Annapurna	IL, Tel Aviv	Tel Aviv		ISR	July 7, 2026		Software Development	aws	label=team-sde-primary		not_identified	basic_qualifications	none	cloud_infrastructure,networking,embedded_systems,application_backend	https://www.amazon.jobs/en/jobs/10467285/senior-software-engineer-annapurna	ed4dead40a4c39177799b69087101e66794ddcf26117ce45fc853cce6a777ed8
2026-09-16T15:57:53Z	10467304	cf0dbd90-db2a-4c6a-810f-61f73c034a18	Software Dev Engineer	DE, BE, Berlin	Berlin	BE	DEU	July 7, 2026		Software Development	studentprograms	label=team-jobs-for-grads		not_identified	basic_qualifications	none	distributed_systems,cloud_infrastructure,database_search,security_identity,embedded_systems,application_backend,operations_observability	https://www.amazon.jobs/en/jobs/10467304/software-dev-engineer	d329bdb4685d8b1d7a0773ad6a28fce21e18215b61a02c3ad3adceb0244fec6f
2026-09-16T15:57:53Z	10467361	8c968a43-3bd4-467b-8c48-2988e40233e5	Software Development Engineer, Ring Taipei Software team	TW, TPE, Taipei	Taipei	TPE	TWN	July 7, 2026		Software Development	alexa-and-amazon-devices	label=team-ring-key-blink		not_identified	preferred_only	none	embedded_systems	https://www.amazon.jobs/en/jobs/10467361/software-development-engineer-ring-taipei-software-team	a3a6624aba60ea5991ee02f4f02600b54b728017ce55931a5123a747bca1dd86
2026-09-16T15:57:53Z	10467505	e86120fd-d953-4912-bef2-428b5634f613	Software Developer Engineer, AWS Transform	IL, Tel Aviv	Tel Aviv		ISR	July 7, 2026		Software Development	aws	label=team-sde-primary		not_identified	preferred_only	none	cloud_infrastructure,networking,database_search,application_backend	https://www.amazon.jobs/en/jobs/10467505/software-developer-engineer-aws-transform	f78339282c686bb43c5719a3b1d2e81c66da9e5be93653dea947d6e51a70e97e
2026-09-16T15:57:53Z	10467610	8a1412c9-abc0-4a8d-a3e2-99ceefebbd22	Software Dev Engineer II, WW Stores FinTech	US, WA, Seattle	Seattle	WA	USA	July 7, 2026		Software Development	finance	label=team-consumer		not_identified	basic_qualifications	none	distributed_systems,cloud_infrastructure,database_search,security_identity,embedded_systems,application_backend	https://www.amazon.jobs/en/jobs/10467610/software-dev-engineer-ii-ww-stores-fintech	322fd742d8fdef56a8bae8172c8ece9d3d60ad27c56fd2c66cfe14babd28aca1
2026-09-16T15:57:53Z	10467664	c7252b86-a16d-4354-ae6c-ab520c394174	Senior Software Engineer, AWS Agentic AI	US, WA, Bellevue	Bellevue	WA	USA	July 7, 2026		Software Development	aws	label=team-sde-primary		not_identified	preferred_only	none	machine_learning,distributed_systems,cloud_infrastructure,database_search,security_identity,application_backend,operations_observability	https://www.amazon.jobs/en/jobs/10467664/senior-software-engineer-aws-agentic-ai	646f319021cd5a6fb116aa256302a237660f3fb9a0dbec92fe5a890a9e625500
2026-09-16T15:57:53Z	10467914	80bf31ca-706a-43eb-8852-025f94d36d41	Senior Software Development Engineer, Security Automation, Capabilities, Corporate Services Security (CPSS)	US, VA, Arlington	Arlington	VA	USA	July 7, 2026		Software Development	amazon-security	label=team-corporate-services-security		not_identified	preferred_only	none	cloud_infrastructure,security_identity,operations_observability	https://www.amazon.jobs/en/jobs/10467914/senior-software-development-engineer-security-automation-capabilities-corporate-services-security-cpss	f84b1c4da97eab2db0cfc95125cc1caf08b089cfc3acfea73a33449714cd6016
2026-09-16T15:57:53Z	10467929	7fc47729-eeed-445a-937b-37af99c20b68	SDE II, Campaign and Creative	IN, HR, Gurugram	Gurugram	HR	IND	July 7, 2026		Software Development	advertising	label=team-amazon-ads		not_identified	preferred_only	none	cloud_infrastructure,application_backend	https://www.amazon.jobs/en/jobs/10467929/sde-ii-campaign-and-creative	f3c0e48020794abed30edff14438c72db99cd1a98b29a153e989b81583239157
2026-09-16T15:57:53Z	10467931	32301bb7-247e-4ced-8c71-e16ccc17c49c	Software Development Engineer II, Programming Foundations (ASBX)	US, WA, Seattle	Seattle	WA	USA	July 7, 2026		Software Development	aws	label=team-sde-primary		not_identified	basic_qualifications	none	distributed_systems,cloud_infrastructure,embedded_systems	https://www.amazon.jobs/en/jobs/10467931/software-development-engineer-ii-programming-foundations-asbx	52b9abed1204db2301e58a408778bb45ea0bbc31164d00387b1022d768b62569
2026-09-16T15:57:53Z	10467933	7f52cada-057e-4f74-816d-f44f25d66844	Software Development Engineer II, Programming Foundations (ASBX)	US, WA, Seattle	Seattle	WA	USA	July 7, 2026		Software Development	aws	label=team-sde-primary		not_identified	basic_qualifications	none	distributed_systems,cloud_infrastructure,embedded_systems	https://www.amazon.jobs/en/jobs/10467933/software-development-engineer-ii-programming-foundations-asbx	ea4b899e3eac86b716aa8e272d09a9e12403131b1a1065438d83ec48e542aeea
2026-09-16T15:57:53Z	10468031	84a38268-54a0-4263-91a4-b5a48f2209d3	Software Development Engineer , CADENCE Team	IE, D, Dublin	Dublin	D	IRL	July 7, 2026		Software Development	no-business-category	label=no-team-listed		not_identified	preferred_only	none	cloud_infrastructure,security_identity,operations_observability	https://www.amazon.jobs/en/jobs/10468031/software-development-engineer-cadence-team	2286e9694564a90722ea1999f28683352293ca4218a581aaf183bf65bfdb7042
2026-09-16T15:57:53Z	10468062	ebd3f2b5-8edb-416b-8344-1e7b8f80155c	Software Development Engineer, Measurement, Ad Tech, and Data Science	US, NY, New York	New York	NY	USA	July 7, 2026		Software Development	advertising	label=team-ad-serving-and-measurement		not_identified	preferred_only	none	machine_learning	https://www.amazon.jobs/en/jobs/10468062/software-development-engineer-measurement-ad-tech-and-data-science	9e1bcf1ea0300c84c4688c751f98494352cc61487fb62e5289aeca9b78c61f9e
2026-09-16T15:57:53Z	10468280	e8fc58a4-3df8-4a44-af8f-ff7d7b742db4	Software Dev Engineer II, AMZ Foundational Security Services	US, VA, Herndon	Herndon	VA	USA	July 7, 2026		Software Development	amazon-security	label=no-team-list		not_identified	preferred_only	none	distributed_systems,cloud_infrastructure,security_identity,application_backend,operations_observability	https://www.amazon.jobs/en/jobs/10468280/software-dev-engineer-ii-amz-foundational-security-services	e4be6a628d69413e09ddb0e94a3760327807a53025cb3f83b3d7d395299b09a6
2026-09-16T15:57:53Z	10468412	8f974715-8004-4aad-b4c4-3f3ed21f29e7	SDE II, Sales Data Services (SDS)	IN, KA, Bengaluru	Bengaluru	KA	IND	July 8, 2026		Software Development	advertising	label=team-amazon-ads		not_identified	preferred_only	none	machine_learning,database_search,application_backend,operations_observability	https://www.amazon.jobs/en/jobs/10468412/sde-ii-sales-data-services-sds	17e202bb4efbbc1cf871f42b2ff194dd92f0f4eea1c3a714edf64ba4907be606
2026-09-16T15:57:53Z	10468610	0c553296-99a4-474f-9ffc-c637ca126a7a	Senior Software Development Engineer, AWS Agentic AI	IL, Haifa	Haifa		ISR	July 8, 2026		Software Development	aws	label=team-sde-primary		not_identified	basic_qualifications	none	machine_learning,cloud_infrastructure	https://www.amazon.jobs/en/jobs/10468610/senior-software-development-engineer-aws-agentic-ai	8870dc600d95655bd16b63e830a03261a614d6a115b0d7d6bbcdba3db29cf179
2026-09-16T15:57:53Z	10468614	4d787929-b0e9-42d3-8326-e768b8adac44	Software Development Engineer, Payroll Tax & Accounting Tech	IN, TS, Hyderabad	Hyderabad	TS	IND	July 8, 2026		Software Development	finance	label=team-fintech		not_identified	basic_qualifications	none	machine_learning,cloud_infrastructure,security_identity	https://www.amazon.jobs/en/jobs/10468614/software-development-engineer-payroll-tax-accounting-tech	8fda65c8dd736d348eae2a405ec3b6643ea4e4d152f5e6409cb2f880a6f5bdbd
2026-09-16T15:57:53Z	10468622	c4642818-6ec8-4866-ab6c-b582d303cbc3	Software Development Engineer, Payroll Tax & Accounting Tech	IN, TS, Hyderabad	Hyderabad	TS	IND	July 8, 2026		Software Development	finance	label=team-fintech		not_identified	basic_qualifications	none	machine_learning,cloud_infrastructure,security_identity	https://www.amazon.jobs/en/jobs/10468622/software-development-engineer-payroll-tax-accounting-tech	2c6f27cfa0f6bb462707846b1b9d8a974b1b3dd5d3fe48393a97e1efb68fb63c
2026-09-16T15:57:53Z	10468965	50bca4b2-88db-49f0-8af8-0d47e930be4a	Software Development Engineer, Middle Mile Planning and Optimization (MMPO)	GB, London	London		GBR	July 8, 2026		Software Development	ats	label=team-middle-mile-tech		not_identified	preferred_only	none	networking,security_identity	https://www.amazon.jobs/en/jobs/10468965/software-development-engineer-middle-mile-planning-and-optimization-mmpo	5ef7e70c581315af5e57ef8169640109d792ae03de63ed7f45f198cb0e61d859
2026-09-16T15:57:53Z	10468973	fe249a95-ee56-4807-9a49-e76c967affcc	Software Engineer I, Discovery	US, CA, San Francisco	San Francisco	CA	USA	July 8, 2026		Software Development	subsidiaries	label=team-global-twitch		not_identified	basic_qualifications	none	cloud_infrastructure,database_search,frontend_mobile,graphics_media,application_backend	https://www.amazon.jobs/en/jobs/10468973/software-engineer-i-discovery	fcb76d59b7388ba6f400381c46a093d94509bdabb53157431758a60d55111beb
2026-09-16T15:57:53Z	10469071	eefaf8cc-2d4c-463b-8505-f48024dd4acc	Software Development Engineer - RDS Platform, RDS	IE, D, Dublin	Dublin	D	IRL	July 8, 2026		Software Development	aws	label=team-sde-primary		not_identified	preferred_only	none	cloud_infrastructure,database_search,security_identity,application_backend,operations_observability	https://www.amazon.jobs/en/jobs/10469071/software-development-engineer-rds-platform-rds	c9c8075d52f566190cd4aea2548b7c39b04309fb27d01a871b617260edb5a0ae
2026-09-16T15:57:53Z	10469195	516b4e55-e828-49d5-8547-a35f073c1c81	Software Development Engineer , Abuse Prevention, Devices and Services Security	US, TX, Austin	Austin	TX	USA	July 8, 2026		Software Development	amazon-security	label=team-devices-security		not_identified	basic_qualifications	none	cloud_infrastructure,security_identity,embedded_systems,frontend_mobile	https://www.amazon.jobs/en/jobs/10469195/software-development-engineer-abuse-prevention-devices-and-services-security	dde7b4f360c13e04caafc84a740ab6f0ea2f65b9a7c060d18c74fbd7cb37ae5a
2026-09-16T15:57:53Z	10469616	9a69af71-ec93-4c7b-a368-1e0890ba4364	Senior Software Development Engineer, AWS Transactional Services	CA, ON, Toronto	Toronto	ON	CAN	July 9, 2026		Software Development	aws	label=team-sde-primary		not_identified	preferred_only	none	distributed_systems,cloud_infrastructure,database_search,security_identity,application_backend	https://www.amazon.jobs/en/jobs/10469616/senior-software-development-engineer-aws-transactional-services	cecc04af411aed6da7c274600ccf5ee57db072be4e4730bd4ef0fc00d39d8baa
2026-09-16T15:57:53Z	10469632	23bb4af4-397f-4144-8621-76aff9403e03	Software Development Engineer, Alexa Connections	CA, BC, Vancouver	Vancouver	BC	CAN	July 9, 2026		Software Development	alexa-and-amazon-devices	label=team-alexa-echo-devices		not_identified	preferred_only	none	machine_learning,cloud_infrastructure,application_backend	https://www.amazon.jobs/en/jobs/10469632/software-development-engineer-alexa-connections	8ac40e339169badc44faf1674b1ddf63493f1ff5c2c4b774e77c0f6b1f1aca22
2026-09-16T15:57:53Z	10469633	ce7cdaa5-9268-4185-a609-723aa1913f7e	Software Development Engineer, Alexa Connections	CA, BC, Vancouver	Vancouver	BC	CAN	July 9, 2026		Software Development	alexa-and-amazon-devices	label=team-alexa-echo-devices		not_identified	preferred_only	none	machine_learning,cloud_infrastructure,application_backend	https://www.amazon.jobs/en/jobs/10469633/software-development-engineer-alexa-connections	37536fe8280ccc9d464e216c1a76baa658ebf60908d31a4939c1f3e29215737e
2026-09-16T15:57:53Z	10469634	bd232c77-0510-4536-b144-3805ec56ee14	Software Development Engineer, Alexa Connections	CA, BC, Vancouver	Vancouver	BC	CAN	July 9, 2026		Software Development	alexa-and-amazon-devices	label=team-alexa-echo-devices		not_identified	preferred_only	none	machine_learning,cloud_infrastructure,application_backend	https://www.amazon.jobs/en/jobs/10469634/software-development-engineer-alexa-connections	cca468d502b13d66eb5c0d923a640674f8a85f03d363036588323ffacf24dc1a
2026-09-16T15:57:53Z	10469638	f124c943-a774-4527-a52e-7c35cbf47ae1	Sr. Software Development Engineer, Alexa Connections	CA, BC, Vancouver	Vancouver	BC	CAN	July 9, 2026		Software Development	alexa-and-amazon-devices	label=team-alexa-echo-devices		not_identified	preferred_only	none	machine_learning,cloud_infrastructure,application_backend	https://www.amazon.jobs/en/jobs/10469638/sr-software-development-engineer-alexa-connections	5dc5a3d82e34ba939fb71068ed8f24386131b2620a6befa93f97a78577d0c0de
2026-09-16T15:57:53Z	10469761	245fa58d-1109-4707-8172-c6bd755445ca	Software Development Engineer III, Recipient Experience	IN, TS, Hyderabad	Hyderabad	TS	IND	July 9, 2026		Software Development	no-business-category	label=no-team-listed		not_identified	basic_qualifications	none	distributed_systems,database_search,operations_observability	https://www.amazon.jobs/en/jobs/10469761/software-development-engineer-iii-recipient-experience	d8db5e9ad2823aa6fc0bc4b57f5512298a32270ca3bf8c9bc795204b1ea8a1de
2026-09-16T15:57:53Z	10470150	b2ac75b6-9f77-40b3-b563-8bdf5078348f	Lead Software Development Engineer	US, NJ, Newark	Newark	NJ	USA	July 9, 2026		Software Development	subsidiaries	label=team-global-audible		not_identified	basic_qualifications	none	machine_learning	https://www.amazon.jobs/en/jobs/10470150/lead-software-development-engineer	3cdcb6e4f34c1a443322e2a0c28793ccc2bb49deec38107a3f4e0fdd2312940d
2026-09-16T15:57:53Z	10470159	64d60d10-0838-40b5-ad2b-7f5beebd6a37	Software Development Engineer, Kiro	US, WA, Seattle	Seattle	WA	USA	July 9, 2026		Software Development	aws	label=team-sde-primary		not_identified	preferred_only	none	cloud_infrastructure,security_identity,application_backend	https://www.amazon.jobs/en/jobs/10470159/software-development-engineer-kiro	c3e87a9b101e6ecd4fab7e0bc9344bfbb523e645d9bc25446514560bcb5c93b7
2026-09-16T15:57:53Z	10470512	c58f9387-778c-43ac-adc4-40552ab531e0	Senior Software Development Engineer, Ads AI Core Infra	US, WA, Seattle	Seattle	WA	USA	July 9, 2026		Software Development	advertising	label=team-amazon-ads		not_identified	preferred_only	none	distributed_systems,cloud_infrastructure,application_backend	https://www.amazon.jobs/en/jobs/10470512/senior-software-development-engineer-ads-ai-core-infra	8fb51ee68f3a1f20d6d2a69f5d31b8af9e5059d648ce0443c4074aba138c8d73
2026-09-16T15:57:53Z	10470557	90e1ecea-e7b3-4e0c-af91-237481e5a02f	Software Engineer II, Autonomy Platform, Data and Tools	US, MA, North Reading	North Reading	MA	USA	July 10, 2026		Software Development	subsidiaries	label=team-amazon-robotics		not_identified	not_stated	none	cloud_infrastructure,networking,embedded_systems,graphics_media,operations_observability	https://www.amazon.jobs/en/jobs/10470557/software-engineer-ii-autonomy-platform-data-and-tools	c93b681f05f276978b81806d6bde28ebf04ac31fbf5e0b0e857d2d3c5b7e2223
2026-09-16T15:57:53Z	10470559	2cb5420e-73ae-4c6c-84e7-5b26b3c529e1	Sr. Software Engineer III, Resource Management	US, MA, North Reading	North Reading	MA	USA	July 9, 2026		Software Development	subsidiaries	label=team-amazon-robotics		not_identified	preferred_only	none	cloud_infrastructure,networking,database_search,embedded_systems	https://www.amazon.jobs/en/jobs/10470559/sr-software-engineer-iii-resource-management	757524102d9ed38528f3fb0a4675520b4bd26f03b75f86384abac28ee0d1aacc
2026-09-16T15:57:53Z	10470588	cb6cedad-1fa2-4aeb-8e1d-274ed90a39b5	Software Dev Engineer, PostgreSQL Contributors Team (PGCT)	SG, Singapore - Virtual	Singapore - Virtual		SGP	July 9, 2026		Software Development	aws	label=team-sde-primary		not_identified	preferred_only	none	cloud_infrastructure,database_search,security_identity,application_backend	https://www.amazon.jobs/en/jobs/10470588/software-dev-engineer-postgresql-contributors-team-pgct	1afdafe16f23f5b6cc60b4f1f0f1f0e0e118d5bbcca22c84b68568d86dc29dff
2026-09-16T15:57:53Z	10470595	0076775c-5862-46b6-aee3-0e9c8a674973	Software Development Engineer, AWS	US, MN, Minneapolis	Minneapolis	MN	USA	July 9, 2026		Software Development	aws	label=team-sde-primary		not_identified	basic_qualifications	none	distributed_systems,cloud_infrastructure,networking,database_search,security_identity,embedded_systems,application_backend,operations_observability	https://www.amazon.jobs/en/jobs/10470595/software-development-engineer-aws	bd4672e9824eb47d4a9534ec1c8d58a8186b242e527137988982439542ca98c9
2026-09-16T15:57:53Z	10470609	1326b38d-4149-4d46-9b51-6b47f0bdb382	Software Development Engineer II, AWS EKS	US, WA, Seattle	Seattle	WA	USA	July 10, 2026		Software Development	aws	label=team-sde-primary		not_identified	basic_qualifications	none	distributed_systems,cloud_infrastructure,networking,security_identity,embedded_systems,graphics_media,application_backend,operations_observability	https://www.amazon.jobs/en/jobs/10470609/software-development-engineer-ii-aws-eks	eb82d5e3545de1ad16d96afe4a94f51520961579ca256a25319bcdc8ba6e9491
2026-09-16T15:57:53Z	10470829	478bed5e-a3b3-4563-b4cf-a2698563ff45	Software Dev Engineer I FTC	IN, HR, Gurugram	Gurugram	HR	IND	July 10, 2026		Software Development	no-business-category	label=no-team-listed		not_identified	preferred_only	none	cloud_infrastructure,operations_observability	https://www.amazon.jobs/en/jobs/10470829/software-dev-engineer-i-ftc	1ba842fd0f6cbd404befbca85bda82795a690b206171092f5816eb8ab2844cf5
2026-09-16T15:57:53Z	10471103	2c11fd73-5068-4d0f-8b33-ac3c3e7f2eb1	Sr. Software engineer/AI engineer, IES LATech & GIS	BR, SP, Sao Paulo	Sao Paulo	SP	BRA	July 10, 2026		Software Development	retail	label=team-intech		not_identified	preferred_only	none	machine_learning,database_search,security_identity	https://www.amazon.jobs/en/jobs/10471103/sr-software-engineer-ai-engineer-ies-latech-gis	71754c623960fab41a26a8b0b6a8b3b7325df2605abc8a67bb0e4b1bab12279c
2026-09-16T15:57:53Z	10471210	51082fc2-51dd-4829-8c11-cfcdc526b399	Sr. Software Development Engineer, Studios Tech, Backlot Source	US, CA, Culver City	Culver City	CA	USA	July 10, 2026		Software Development	entertainment	label=team-primevideo		not_identified	preferred_only	none	distributed_systems,cloud_infrastructure,database_search,application_backend	https://www.amazon.jobs/en/jobs/10471210/sr-software-development-engineer-studios-tech-backlot-source	b090a9b3865e3b2e1603c28a1e4ccd494faac03f4d83480d74c15032630feec2
2026-09-16T15:57:53Z	10471522	ce8071ca-bd5a-48c6-826a-9a9da19172ec	Senior SDE, Amazon Tax	CA, BC, Vancouver	Vancouver	BC	CAN	July 10, 2026		Software Development	ecp	label=team-tax-systems		not_identified	preferred_only	none	distributed_systems,cloud_infrastructure	https://www.amazon.jobs/en/jobs/10471522/senior-sde-amazon-tax	358a2f919316e055577c60259c8457c3a58cdf4c09c0ca174f2427e020baa334
2026-09-16T15:57:53Z	10471550	becb7a64-795f-417e-8cc9-6b315a7cafe6	Software Dev Engineer II, Planning Intelligence	IN, TS, Hyderabad	Hyderabad	TS	IND	July 10, 2026		Software Development	cx-and-business-trends	label=team-cxbt		not_identified	preferred_only	none	distributed_systems,networking	https://www.amazon.jobs/en/jobs/10471550/software-dev-engineer-ii-planning-intelligence	d111869861a72203815e9a13b5ee32e4d0ca554ebf8d9a199d9831f03defc1e2
2026-09-16T15:57:53Z	10471553	81ba7e53-ab6a-4614-a1cf-32252e03206e	Software Dev Engineer II, Planning Intelligence	IN, TS, Hyderabad	Hyderabad	TS	IND	July 10, 2026		Software Development	cx-and-business-trends	label=team-cxbt		not_identified	preferred_only	none	distributed_systems,networking	https://www.amazon.jobs/en/jobs/10471553/software-dev-engineer-ii-planning-intelligence	5cc5daadf9902bfdba77c97d958cc2245be725ea45782fa87202609c61cece93
2026-09-16T15:57:53Z	10471554	17d8e6a8-9461-4d89-a3cd-dfbc110419b4	Software Dev Engineer II, Planning Intelligence	IN, TS, Hyderabad	Hyderabad	TS	IND	July 10, 2026		Software Development	cx-and-business-trends	label=team-cxbt		not_identified	preferred_only	none	distributed_systems,networking	https://www.amazon.jobs/en/jobs/10471554/software-dev-engineer-ii-planning-intelligence	1767b2855e5ba1c1cca3eb9bf00fa14f2749b2dc95c600db7842488c87842479
2026-09-16T15:57:53Z	10471556	50594e19-5e1a-42c3-8b35-da15eee8ca9a	Software Dev Engineer II, Planning Intelligence	IN, TS, Hyderabad	Hyderabad	TS	IND	July 10, 2026		Software Development	cx-and-business-trends	label=team-cxbt		not_identified	preferred_only	none	distributed_systems,networking	https://www.amazon.jobs/en/jobs/10471556/software-dev-engineer-ii-planning-intelligence	fd7fb5ee722032cc8ba4e50548d84388abb07e82e70bfb28945024f155bbedf5
2026-09-16T15:57:53Z	10471636	ac18c131-872b-487b-8880-0bef7004f9b4	Software Development Engineer, S3 Keystone	US, WA, Seattle	Seattle	WA	USA	July 10, 2026		Software Development	aws	label=team-sde-primary		not_identified	preferred_only	none	distributed_systems,cloud_infrastructure,networking,database_search,security_identity,application_backend	https://www.amazon.jobs/en/jobs/10471636/software-development-engineer-s3-keystone	61b611d6d9f223875da4345a7d8cabe1dfb6b150b814bb54214d16d532ce4bea
2026-09-16T15:57:53Z	10471823	98afae11-ace7-4b02-aa33-f50a3c15cee1	Software Development Engineer, AWS GuardDuty	US, WA, Seattle	Seattle	WA	USA	July 11, 2026		Software Development	aws	label=team-sde-primary		not_identified	basic_qualifications	none	machine_learning,distributed_systems,cloud_infrastructure,security_identity,embedded_systems	https://www.amazon.jobs/en/jobs/10471823/software-development-engineer-aws-guardduty	19e524b28025b4eacd428ee6d0bb3cb3f2286f3c1c4064b8d4b0dd3356fd03a5
2026-09-16T15:57:53Z	10471825	ffb28a6c-c730-4176-8e3d-e4f63ab7f20d	Software Development Engineer II, GuardDuty Findings Management	US, WA, Seattle	Seattle	WA	USA	July 11, 2026		Software Development	aws	label=team-sde-primary		not_identified	basic_qualifications	none	machine_learning,distributed_systems,cloud_infrastructure,security_identity,embedded_systems,operations_observability	https://www.amazon.jobs/en/jobs/10471825/software-development-engineer-ii-guardduty-findings-management	84a8fc6f5262b4328ebfa6c8cb13bb388c69c81d0a5702fc726496579d15a039
2026-09-16T15:57:53Z	10471826	d0747073-bd7a-476d-aa7e-27c105300af4	Software Development Engineer, AWS GuardDuty	US, WA, Seattle	Seattle	WA	USA	July 11, 2026		Software Development	aws	label=team-sde-primary		not_identified	basic_qualifications	none	machine_learning,distributed_systems,cloud_infrastructure,security_identity,operations_observability	https://www.amazon.jobs/en/jobs/10471826/software-development-engineer-aws-guardduty	4e9bbfdabebafa31886a2fbab122d45fef051760a54013347ae1d36e565dd871
2026-09-16T15:57:53Z	10471870	7d83992e-9b3f-4ff9-86ee-8d4fea45a55e	Software Development Engineer, Ads AI Core Infra	US, WA, Seattle	Seattle	WA	USA	July 12, 2026		Software Development	advertising	label=team-amazon-ads		not_identified	preferred_only	none	distributed_systems,cloud_infrastructure,application_backend,operations_observability	https://www.amazon.jobs/en/jobs/10471870/software-development-engineer-ads-ai-core-infra	a0c807c2a3533d360ea6c59adae5806c08ab9c60d45cc2537c8beeed3df450c5
2026-09-16T15:57:53Z	10471942	e69883f7-af68-4fe9-b2d7-61eb6d6e2009	Software Dev Engineer II, Sort Tech	US, AZ, Tempe	Tempe	AZ	USA	July 13, 2026		Software Development	operations	label=team-last-mile-org		not_identified	basic_qualifications	none	distributed_systems,networking,embedded_systems,application_backend	https://www.amazon.jobs/en/jobs/10471942/software-dev-engineer-ii-sort-tech	4274143b50e6157b083f8dc36069828daab170c7e8d0c92f94bb77101bacbb29
2026-09-16T15:57:53Z	10472503	1ab0c6f6-b0f1-469d-88ac-87c91612f694	Software Development Engineer II, Amazon Pay Credit and Lending	IN, HR, Gurugram	Gurugram	HR	IND	July 13, 2026		Software Development	consumerpayments	label=team-pay		not_identified	preferred_only	none	operations_observability	https://www.amazon.jobs/en/jobs/10472503/software-development-engineer-ii-amazon-pay-credit-and-lending	0b1dddafb367dae2c0442ed10b32033591e245538a7ab0b0383cff2ffd506d38
2026-09-16T15:57:53Z	10472832	ccab5e25-45db-4cf1-9d5b-23bdafa2002b	Software Development Engineer II, Amazon	US, WA, Seattle	Seattle	WA	USA	July 13, 2026		Software Development	ecp	label=engine		not_identified	preferred_only	none	machine_learning,cloud_infrastructure,database_search,security_identity,embedded_systems,frontend_mobile,application_backend,operations_observability	https://www.amazon.jobs/en/jobs/10472832/software-development-engineer-ii-amazon	e30c58d0272693e824b93f0a60726f1612b2638270f805bc92616f3f2a6b1e3d
2026-09-16T15:57:53Z	10472888	23ed25e0-b264-4e87-8dd7-da6f28fb265e	Software Development Engineer, Amazon Fulfillment Technology (AFT), Platform Engineering and Services	IN, TS, Hyderabad	Hyderabad	TS	IND	July 13, 2026		Software Development	operations	label=team-amazon-fulfillment-technology		not_identified	preferred_only	none	machine_learning,distributed_systems,cloud_infrastructure,graphics_media	https://www.amazon.jobs/en/jobs/10472888/software-development-engineer-amazon-fulfillment-technology-aft-platform-engineering-and-services	96486acd964b9e10366f9a2674de824b49c8dd814654a1c6808b968fc5f4a9d3
2026-09-16T15:57:53Z	10472954	b075999c-62da-4a85-ab6f-6b32511be6f5	Software Development Engineer, Route 53 DevEx and Console	CA, BC, Vancouver	Vancouver	BC	CAN	July 13, 2026		Software Development	aws	label=team-sde-primary		not_identified	preferred_only	none	machine_learning,distributed_systems,cloud_infrastructure,networking,frontend_mobile,application_backend	https://www.amazon.jobs/en/jobs/10472954/software-development-engineer-route-53-devex-and-console	1915a468d023bf23875d8b27b4d697265e2480d3ef0ddec3a8b59c7285a07fb8
2026-09-16T15:57:53Z	10472981	8ae6f056-8ffe-4add-9fc4-76866328274e	Software Dev Engineer, AWS Resilience Hub	US, OR, Portland	Portland	OR	USA	July 13, 2026		Software Development	aws	label=team-sde-primary		not_identified	basic_qualifications	none	machine_learning,distributed_systems,cloud_infrastructure,networking,database_search,security_identity,embedded_systems,operations_observability	https://www.amazon.jobs/en/jobs/10472981/software-dev-engineer-aws-resilience-hub	223ad7aafee75ef2ca31e6fec7a26d3afbba208109f5296e029cff66dd1bb9fa
2026-09-16T15:57:53Z	10473049	d337b717-86b3-4957-882d-0ddf7c70788f	Sr. Software Dev Engineer, Aurora Control Plane, Aurora Security	CA, ON, Toronto	Toronto	ON	CAN	July 13, 2026		Software Development	aws	label=team-sde-primary		not_identified	preferred_only	none	distributed_systems,cloud_infrastructure,database_search,security_identity,application_backend	https://www.amazon.jobs/en/jobs/10473049/sr-software-dev-engineer-aurora-control-plane-aurora-security	590a91581035b99464cd1625bb1496850e861389f130995daae47025c7b436bb
2026-09-16T15:57:53Z	10473116	634744d4-f532-4493-8027-fe46da2c66f2	Software Development Engineer II, EU INTech - Prime and Marketing Tech	IN, KA, Bengaluru	Bengaluru	KA	IND	July 13, 2026		Software Development	amazon-business	label=no-team-listed		not_identified	preferred_only	none	machine_learning,distributed_systems,cloud_infrastructure,application_backend	https://www.amazon.jobs/en/jobs/10473116/software-development-engineer-ii-eu-intech-prime-and-marketing-tech	292059ea70dc385d1e292736e28565e0d7efa6e34a03d76e8f541bf4f5edce26
2026-09-16T15:57:53Z	10473117	1b3c2896-15d1-45ce-b7d5-d77e826c01e0	Software Development Engineer II, EU INTech - Prime and Marketing Tech	IN, KA, Bengaluru	Bengaluru	KA	IND	July 13, 2026		Software Development	amazon-business	label=no-team-listed		not_identified	preferred_only	none	machine_learning,distributed_systems,cloud_infrastructure,application_backend	https://www.amazon.jobs/en/jobs/10473117/software-development-engineer-ii-eu-intech-prime-and-marketing-tech	27249f4800bd619fc263d7ede6e398cbe3408e38ec4c0afbea8296486e6eda4e
2026-09-16T15:57:53Z	10473118	c4887e78-3a37-4bb2-9626-59a0ecc01cb5	Software Development Engineer II, EU INTech - Prime and Marketing Tech	IN, KA, Bengaluru	Bengaluru	KA	IND	July 13, 2026		Software Development	amazon-business	label=no-team-listed		not_identified	preferred_only	none	machine_learning,distributed_systems,cloud_infrastructure,application_backend	https://www.amazon.jobs/en/jobs/10473118/software-development-engineer-ii-eu-intech-prime-and-marketing-tech	9991410be1f08f5a9b97fca7b05dddc7c0a749b6f1b679d51eab616e09ec59c8
2026-09-16T15:57:53Z	10473120	4d291606-1a7b-49a8-9cb9-35edaf6ef954	Software Development Engineer II, EU INTech - Prime and Marketing Tech	IN, KA, Bengaluru	Bengaluru	KA	IND	July 13, 2026		Software Development	amazon-business	label=no-team-listed		not_identified	preferred_only	none	machine_learning,distributed_systems,cloud_infrastructure,application_backend	https://www.amazon.jobs/en/jobs/10473120/software-development-engineer-ii-eu-intech-prime-and-marketing-tech	a0ade73228ec798fdcd6823e05ab91857b357d57726a8bc7b5f64af4d953e8dd
2026-09-16T15:57:53Z	10473121	6324764a-abaa-45cb-83eb-dc7dd3134b6a	Software Development Engineer II, EU INTech - Prime and Marketing Tech	IN, KA, Bengaluru	Bengaluru	KA	IND	July 13, 2026		Software Development	amazon-business	label=no-team-listed		not_identified	preferred_only	none	machine_learning,distributed_systems,cloud_infrastructure,application_backend	https://www.amazon.jobs/en/jobs/10473121/software-development-engineer-ii-eu-intech-prime-and-marketing-tech	3ed6d9969e112875cad7e491c8257c67b0d531087967e10094c0673c0b600ca7
2026-09-16T15:57:53Z	10473124	b84e580a-646c-4596-9ad7-3cf2e4267928	Software Development Engineer II, EU INTech - Prime and Marketing Tech	IN, KA, Bengaluru	Bengaluru	KA	IND	July 13, 2026		Software Development	amazon-business	label=no-team-listed		not_identified	preferred_only	none	machine_learning,distributed_systems,cloud_infrastructure,application_backend	https://www.amazon.jobs/en/jobs/10473124/software-development-engineer-ii-eu-intech-prime-and-marketing-tech	2885b6c1a027de930de311f9ca3286ed461d19260f029c11f5c763d9bf1a3609
2026-09-16T15:57:53Z	10473127	271fb384-3967-4c5e-8ca2-6de9e6f51163	Software Development Engineer II, EU INTech - Prime and Marketing Tech	IN, KA, Bengaluru	Bengaluru	KA	IND	July 13, 2026		Software Development	amazon-business	label=no-team-listed		not_identified	preferred_only	none	machine_learning,distributed_systems,cloud_infrastructure,application_backend	https://www.amazon.jobs/en/jobs/10473127/software-development-engineer-ii-eu-intech-prime-and-marketing-tech	9fe2cdfb79f6e092cc1fafb210feb66092e4618f9ba5271897bd3e5cad033a8b
2026-09-16T15:57:53Z	10473128	04f6a14e-d966-4c21-86e8-0f3543375261	Software Development Engineer II, EU INTech - Prime and Marketing Tech	IN, KA, Bengaluru	Bengaluru	KA	IND	July 13, 2026		Software Development	no-business-category	label=no-team-listed		not_identified	preferred_only	none	machine_learning,distributed_systems,cloud_infrastructure,application_backend	https://www.amazon.jobs/en/jobs/10473128/software-development-engineer-ii-eu-intech-prime-and-marketing-tech	184a32ccef2364de6a4c5621cfb45b8cadfd32ed66d312f0d482d70b52246308
2026-09-16T15:57:53Z	10473190	4ac92c2a-4269-4529-9767-a2aedca670f5	Software Development Engineer, AWS Infrastructure Supply Chain Automation	US, WA, Seattle	Seattle	WA	USA	July 13, 2026		Software Development	aws	label=team-sde-primary		not_identified	basic_qualifications	none	distributed_systems,cloud_infrastructure,networking,database_search,security_identity,embedded_systems,application_backend	https://www.amazon.jobs/en/jobs/10473190/software-development-engineer-aws-infrastructure-supply-chain-automation	305f1a55c4c105be5dace944b66092cc982191dbcd7544741e761748b3ee3548
2026-09-16T15:57:53Z	10473197	4599c73c-2967-45a9-b403-255481dbdd43	Software Development Engineer, AWS Transactional Services	US, WA, Seattle	Seattle	WA	USA	July 13, 2026		Software Development	aws	label=team-sde-primary		not_identified	basic_qualifications	none	distributed_systems,cloud_infrastructure,networking,database_search,security_identity,embedded_systems	https://www.amazon.jobs/en/jobs/10473197/software-development-engineer-aws-transactional-services	e4b5c89d62f94d2db343f4d31a4e3c53039c86a60b719278965a57fc77f00d00
2026-09-16T15:57:53Z	10473201	b4a95a09-4316-4b68-b9c9-12e50680d780	Neuron Runtime Software Development Engineer , Neuron Runtime	US, CA, Cupertino	Cupertino	CA	USA	July 13, 2026		Software Development	aws	label=team-aws-cloud-management		not_identified	preferred_only	mention_only	compiler_mention,machine_learning,distributed_systems,cloud_infrastructure,operations_observability	https://www.amazon.jobs/en/jobs/10473201/neuron-runtime-software-development-engineer-neuron-runtime	c7e3256c0f22f69c8b4731eb69a25beb41c2e282bdd060ea1ed23ae4c4f7c502
2026-09-16T15:57:53Z	10473326	a772f8ac-2e69-40c5-a5cc-4e4b044a7c83	Software Development Engineer, Aurora Open Source engines	US, WA, Redmond	Redmond	WA	USA	July 14, 2026		Software Development	aws	label=team-sde-primary		not_identified	basic_qualifications	none	distributed_systems,cloud_infrastructure,networking,database_search,security_identity,embedded_systems,application_backend	https://www.amazon.jobs/en/jobs/10473326/software-development-engineer-aurora-open-source-engines	dd392920eea6abdeff3e9a5f79fbbb4edcc43f1634a8c669ff342b64d05940c5
2026-09-16T15:57:53Z	10473342	549e71bd-019d-462a-8ffb-0094cee6f5a2	Software Development Engineer, IDEAS	US, WA, Seattle	Seattle	WA	USA	July 14, 2026		Software Development	aws	label=team-no-matching-primary-label-listed		not_identified	basic_qualifications	none	machine_learning,distributed_systems,cloud_infrastructure,database_search,security_identity,application_backend,operations_observability	https://www.amazon.jobs/en/jobs/10473342/software-development-engineer-ideas	b184b488f32d4a27dae074d5d99e9c1f6466ab3a95380e9dcd8c6d71393e11c8
2026-09-16T15:57:53Z	10473373	08a3c908-f160-4ce4-a428-4a8eadf8649f	Software Development Engineer , AWS CloudWatch	US, WA, Bellevue	Bellevue	WA	USA	July 14, 2026		Software Development	aws	label=team-sde-primary		not_identified	preferred_only	none	cloud_infrastructure,database_search,security_identity,application_backend,operations_observability	https://www.amazon.jobs/en/jobs/10473373/software-development-engineer-aws-cloudwatch	87aac7e60563fc0be82bac08a9933a98dea657dac17c011b881e04dd90bfbe74
2026-09-16T15:57:53Z	10473738	864b233e-cae0-49aa-bcce-a094a9a79132	Software Development Engineer, AWS CloudWatch	CA, BC, Vancouver	Vancouver	BC	CAN	July 14, 2026		Software Development	aws	label=team-sde-primary		not_identified	preferred_only	none	cloud_infrastructure,database_search,security_identity,application_backend,operations_observability	https://www.amazon.jobs/en/jobs/10473738/software-development-engineer-aws-cloudwatch	ae8aff00a0551fd3a588609b5ebd11b501d4bc795217f5b977890176228104fb
2026-09-16T15:57:53Z	10473800	c49ce213-90f5-4bfd-bbd4-2133b3e06f85	Sr. Software Dev Engineer, Benefits Experience and Technology (BXT)	US, WA, Seattle	Seattle	WA	USA	July 14, 2026		Software Development	pxt	label=team-aet		not_identified	preferred_only	none	cloud_infrastructure,networking,security_identity,operations_observability	https://www.amazon.jobs/en/jobs/10473800/sr-software-dev-engineer-benefits-experience-and-technology-bxt	9fc77505de809d5baf614bb2402ef0b6cfad28c53004fd20cb27f924b0495c27
2026-09-16T15:57:53Z	10473823	5686355f-5b5b-403f-8213-e70eb2a8d928	Software Development Engineer, Amazon Connect Telecom Engineering	US, CA, Sunnyvale	Sunnyvale	CA	USA	July 14, 2026		Software Development	aws	label=team-sde-primary		not_identified	basic_qualifications	none	distributed_systems,cloud_infrastructure,networking,database_search,embedded_systems,application_backend	https://www.amazon.jobs/en/jobs/10473823/software-development-engineer-amazon-connect-telecom-engineering	c9adc104563c3b4d3767889a0979f4cdf3d02530d5efccc85f9e0d5d34997e0d
2026-09-16T15:57:53Z	10473938	fdb64c51-0f88-4ac7-bd03-f794c61980d3	Sr. Software Development Engineer, Partner Experience, Prime Video	US, WA, Seattle	Seattle	WA	USA	July 14, 2026		Software Development	entertainment	label=team-primevideo		not_identified	preferred_only	none	machine_learning,graphics_media,application_backend	https://www.amazon.jobs/en/jobs/10473938/sr-software-development-engineer-partner-experience-prime-video	db5a245e9409534e623fb0da379815942ec28cca1db053f427f89fbfdf49d287
2026-09-16T15:57:53Z	10474152	633cbed3-d8c2-4e40-8352-ee7561c75508	Senior Software Development Engineer, Prime Video Offers Expansion	IN, KA, Bengaluru	Bengaluru	KA	IND	July 14, 2026		Software Development	entertainment	label=team-primevideo		not_identified	basic_qualifications	none	distributed_systems,database_search,operations_observability	https://www.amazon.jobs/en/jobs/10474152/senior-software-development-engineer-prime-video-offers-expansion	21bd2fbd5c6fd06d401dacb3832b0457f4e7cec05749857b6c94e18faba70010
2026-09-16T15:57:53Z	10474376	af040237-2492-4048-bcba-8a02bf0a515d	Software Developer, IES LATECH & GIS	BR, SP, Sao Paulo	Sao Paulo	SP	BRA	July 14, 2026		Software Development	retail	label=team-intech		not_identified	preferred_only	none	machine_learning	https://www.amazon.jobs/en/jobs/10474376/software-developer-ies-latech-gis	9faa6ef0fddfd2adea7c2fe967647ce39965439b2b1105bd7f275b54c2ca61b2
2026-09-16T15:57:53Z	10474474	d6247cd0-5332-458a-8d83-33762b7fbc5d	Software Development Engineer II, EC2 Infrastructure Foundational Services	US, WA, Seattle	Seattle	WA	USA	July 14, 2026		Software Development	aws	label=team-sde-primary		not_identified	preferred_only	none	distributed_systems,cloud_infrastructure,security_identity,frontend_mobile,application_backend,operations_observability	https://www.amazon.jobs/en/jobs/10474474/software-development-engineer-ii-ec2-infrastructure-foundational-services	3eb2d9f1eff7c73fe1d668481e33a82e1e87a58726cfae797eb84b03f30f4b69
2026-09-16T15:57:53Z	10474476	fb73e927-d1f6-4e7a-ae67-dcfc31e33764	Software Development Engineer II, EC2 Infrastructure Foundational Services	US, WA, Seattle	Seattle	WA	USA	July 14, 2026		Software Development	aws	label=team-sde-primary		not_identified	preferred_only	none	distributed_systems,cloud_infrastructure,security_identity,frontend_mobile,application_backend,operations_observability	https://www.amazon.jobs/en/jobs/10474476/software-development-engineer-ii-ec2-infrastructure-foundational-services	49b7955795be9e5d9366f394a6d9e03a6549e21452966a514f16a3bc06fc07c0
2026-09-16T15:57:53Z	10474496	39f6fde9-96e6-426c-a923-754fe8a67128	Embedded Software Engineer, Ring	GB, Cambridge	Cambridge		GBR	July 14, 2026		Software Development	alexa-and-amazon-devices	label=team-ring-key-blink		not_identified	preferred_only	none	cloud_infrastructure,security_identity,embedded_systems,operations_observability	https://www.amazon.jobs/en/jobs/10474496/embedded-software-engineer-ring	d0c333342004686b27b875d91da376504316e3958d2be14210097c6d978ddb0f
2026-09-16T15:57:53Z	10474548	cc7f5095-25ba-4417-8e5f-fa41b75c7157	Senior Software Development Engineer, Omnichannel Grocery Advertising	US, NY, New York	New York	NY	USA	July 14, 2026		Software Development	advertising	label=team-amazon-ads		not_identified	preferred_only	none		https://www.amazon.jobs/en/jobs/10474548/senior-software-development-engineer-omnichannel-grocery-advertising	cdbe6436d01ddddeb25053244ba18c97f9ef5ee9434b487d09aa2c1f6c951f03
2026-09-16T15:57:53Z	10474677	37e272df-e06a-4871-8033-d0c6b46cdba7	Software Development Engineer II, Leo AI Foundations	US, WA, Redmond	Redmond	WA	USA	July 14, 2026		Software Development	alexa-and-amazon-devices	label=team-project-kuiper		not_identified	preferred_only	none	distributed_systems,cloud_infrastructure,networking,database_search,security_identity,application_backend	https://www.amazon.jobs/en/jobs/10474677/software-development-engineer-ii-leo-ai-foundations	922b96ccd2cb6515ecebc63d044e51bccfb1afee3ec04328c3f4c225862c576a
2026-09-16T15:57:53Z	10474679	04d49cef-1f36-4e99-b4f2-6de4336db139	Software Development Engineer II, Leo AI Foundations	US, WA, Redmond	Redmond	WA	USA	July 14, 2026		Software Development	alexa-and-amazon-devices	label=team-project-kuiper		not_identified	preferred_only	none	distributed_systems,cloud_infrastructure,networking,database_search,security_identity,application_backend	https://www.amazon.jobs/en/jobs/10474679/software-development-engineer-ii-leo-ai-foundations	6b4479c9cd2574a05f3a1b83f1999bd1fd99333f3c037e17aba77c8315f6bbcb
2026-09-16T15:57:53Z	10474682	1a249b6f-e076-45cf-a7c0-b2af793d6a8c	Sr. Software Dev Engineer, Leo AI Foundations	US, WA, Redmond	Redmond	WA	USA	July 14, 2026		Software Development	alexa-and-amazon-devices	label=team-project-kuiper		not_identified	preferred_only	none	distributed_systems,cloud_infrastructure,networking,database_search,security_identity,application_backend	https://www.amazon.jobs/en/jobs/10474682/sr-software-dev-engineer-leo-ai-foundations	17384f05cb6fea96e03fc720dc00cb5da573f57cab241483ba8acd93be0761b0
2026-09-16T15:57:53Z	10474772	3565b867-1504-4d56-a7f1-951335dd360d	Software Development Engineer II, Selling Partner Financial Technology	IN, KA, Bengaluru	Bengaluru	KA	IND	July 15, 2026		Software Development	selling-partner-services	label=no-team-listed		not_identified	preferred_only	none	distributed_systems,database_search	https://www.amazon.jobs/en/jobs/10474772/software-development-engineer-ii-selling-partner-financial-technology	ff222b29675fbce784142d32092980b6d44761f3c02c49e9c96542b859ea04be
2026-09-16T15:57:53Z	10474959	2f7a8a14-30b1-4ad4-a3b7-77b752ed281b	Software Development Engineer II, Amazon Payments	IN, KA, Bengaluru	Bengaluru	KA	IND	July 15, 2026		Software Development	consumerpayments	label=no-team-listed		not_identified	basic_qualifications	none	distributed_systems,application_backend,operations_observability	https://www.amazon.jobs/en/jobs/10474959/software-development-engineer-ii-amazon-payments	09a97a41359873f3d9de5e55d65f4d962af3bbfcd72bf6241ee128442fb663f4
2026-09-16T15:57:53Z	10475195	10ea64e8-c386-4bad-8ffc-6435beb2ee87	Software Development Engineer, AWS OpenSearch Service	US, TX, Austin	Austin	TX	USA	July 15, 2026		Software Development	aws	label=team-sde-primary		not_identified	basic_qualifications	none	distributed_systems,cloud_infrastructure,networking,database_search,security_identity,embedded_systems,operations_observability	https://www.amazon.jobs/en/jobs/10475195/software-development-engineer-aws-opensearch-service	b5ffcec83430fb957ea935eca1f9faf790f15999fc18ec9edb9ab1513848ceaa
2026-09-16T15:57:53Z	10475401	f80d4ce8-41c8-46da-ba37-b271108f4db5	Software Development Engineer, CloudTrail	US, VA, Arlington	Arlington	VA	USA	July 15, 2026		Software Development	aws	label=team-sde-primary		not_identified	preferred_only	none	distributed_systems,cloud_infrastructure,database_search,security_identity,application_backend,operations_observability	https://www.amazon.jobs/en/jobs/10475401/software-development-engineer-cloudtrail	c55710b611cd3be3ce8e3c50c7d09c5ebfd4cdb4d05b2adeb1a16d47992801ed
2026-09-16T15:57:53Z	10475442	71732077-dccd-4863-8b56-592b38e36e38	Software Development Engineer III, Amazon Privacy Services	US, TX, Austin	Austin	TX	USA	July 15, 2026		Software Development	amazon-security	label=team-store-security		not_identified	preferred_only	none	cloud_infrastructure,networking,security_identity,application_backend	https://www.amazon.jobs/en/jobs/10475442/software-development-engineer-iii-amazon-privacy-services	273cfcf28e05b73a24214681d195624606117908c5b60c50d3cebe3a362f9ba8
2026-09-16T15:57:53Z	10475598	5e16f5e5-1c7d-46c4-b894-f6309639e3d1	Senior Software Dev Engineer, EC2 Spot	US, WA, Seattle	Seattle	WA	USA	July 15, 2026		Software Development	aws	label=team-sde-primary		not_identified	not_stated	none	distributed_systems,cloud_infrastructure,application_backend	https://www.amazon.jobs/en/jobs/10475598/senior-software-dev-engineer-ec2-spot	cd8af5eb3ebbf2481182aa7cb840df07f6145d4245906fa6a901eff7b221afef
2026-09-16T15:57:53Z	10475620	cc96538e-cf9d-488c-8574-0f2de9c03a6a	Software Development Engineer II, AWS AI & Strategic Partner Engineering	US, CA, Santa Clara	Santa Clara	CA	USA	July 15, 2026		Software Development	aws	label=team-sde-primary		not_identified	basic_qualifications	none	machine_learning,distributed_systems,cloud_infrastructure,database_search,security_identity,application_backend	https://www.amazon.jobs/en/jobs/10475620/software-development-engineer-ii-aws-ai-strategic-partner-engineering	57f1d4dbdbbb38df26fdc3123fce95cc5611599b76c89bd142e5ac527314f372
2026-09-16T15:57:53Z	10475663	75bd186e-46f7-42f3-8a3e-463a43d2fd71	Software Dev Engineer I - Graviton Software, Annapurna Labs	US, TX, Austin	Austin	TX	USA	July 16, 2026		Software Development	amazon-artificial-general-intelligence	label=no-team-listed		not_identified	not_stated	none	distributed_systems,cloud_infrastructure,database_search,embedded_systems,frontend_mobile,application_backend	https://www.amazon.jobs/en/jobs/10475663/software-dev-engineer-i-graviton-software-annapurna-labs	e9f5e7bec6750f15b07028833fec7ae9d618e24929c233093dffe833c1cab477
2026-09-16T15:57:53Z	10475668	3a358e9b-ea7e-4e30-821f-449b4f2a1d2e	Sr. Software Development Engineer, Automated Reasoning Group	US, NY, New York	New York	NY	USA	July 15, 2026		Software Development	aws	label=team-sde-primary		not_identified	preferred_only	none	machine_learning,distributed_systems,cloud_infrastructure,database_search,application_backend	https://www.amazon.jobs/en/jobs/10475668/sr-software-development-engineer-automated-reasoning-group	d7cb7ac4ceff06f1ac07a19b223245a244bbf59bcd0fcff50936a5425c4b67fb
2026-09-16T15:57:53Z	10475810	08d4d4b3-1d51-4f30-9eea-04371cca374a	Software Dev Engineer II, Kubernetes	US, WA, Seattle	Seattle	WA	USA	July 15, 2026		Software Development	aws	label=team-sde-primary		not_identified	preferred_only	none	machine_learning,distributed_systems,cloud_infrastructure,application_backend	https://www.amazon.jobs/en/jobs/10475810/software-dev-engineer-ii-kubernetes	d5032dd7fb2af82aee9e0fd1dc88a7e68d1e365cce38f4c2556b74d0e8f055a0
2026-09-16T15:57:53Z	10475814	86a1c039-8ad7-40c8-9ae6-89a9d5f83fd1	Software Development Engineer II, AWS Eventbridge	CA, BC, Vancouver	Vancouver	BC	CAN	July 15, 2026		Software Development	aws	label=team-sde-primary		not_identified	preferred_only	none	distributed_systems,cloud_infrastructure,database_search,security_identity,application_backend	https://www.amazon.jobs/en/jobs/10475814/software-development-engineer-ii-aws-eventbridge	4f4c7f138251b7c5f8bff004f7ff51e6f7b36bb0dad553bb77a7cd3fe3586b8c
2026-09-16T15:57:53Z	10475857	7790a115-4147-4a09-a90a-d7674ed59625	Software Dev Engineer II, AWS Healthcare AI	US, WA, Seattle	Seattle	WA	USA	July 15, 2026		Software Development	aws	label=team-sde-primary		not_identified	preferred_only	none	machine_learning,cloud_infrastructure,application_backend	https://www.amazon.jobs/en/jobs/10475857/software-dev-engineer-ii-aws-healthcare-ai	fa603c5c862aebb8c8874502cac0b7305bd716c54a77ace25a29dc11c2f192b4
2026-09-16T15:57:53Z	10475911	cecd1ba8-2793-4803-b55b-54b3fb9c6b14	Software Development Engineer, AWS	US, TX, Austin	Austin	TX	USA	July 15, 2026		Software Development	amazon-security	label=team-aws-security		not_identified	preferred_only	none	machine_learning,distributed_systems,cloud_infrastructure,database_search,security_identity,application_backend,operations_observability	https://www.amazon.jobs/en/jobs/10475911/software-development-engineer-aws	99eb234542c691f38bc7b1fa1ff9f3408d1de0cf15b8a72c4c1d63b784b1db38
2026-09-16T15:57:53Z	10475920	ef736b26-0f3b-4375-b917-4c888fd1ca3c	Sr. Software Development Engineer, Amazon Quick	US, CA, Santa Clara	Santa Clara	CA	USA	July 16, 2026		Software Development	aws	label=team-sde-primary		not_identified	preferred_only	none	machine_learning,distributed_systems,cloud_infrastructure	https://www.amazon.jobs/en/jobs/10475920/sr-software-development-engineer-amazon-quick	f824cdcc38d920fc0c171a4de64f7c5850b00f912411b64ead8b8feab9715a21
2026-09-16T15:57:53Z	10476203	2ca60de1-dc74-4629-81d9-6b4eba8d7723	Sr Delivery Consultant: Agentic AI FullStack SDE, AWS Professional Services	AU, NSW, Sydney	Sydney	NSW	AUS	July 16, 2026		Software Development	aws	label=team-pro-serv		not_identified	not_stated	none	machine_learning,distributed_systems,cloud_infrastructure,database_search,security_identity,frontend_mobile,application_backend,operations_observability	https://www.amazon.jobs/en/jobs/10476203/sr-delivery-consultant-agentic-ai-fullstack-sde-aws-professional-services	9288c58c9a07cec1af430469eb3ca6772514b44f8f00b6d37ee548c7e46ed791
2026-09-16T15:57:53Z	10476204	431cc325-1d35-46d3-8288-12a69ec6ffa2	Sr Delivery Consultant: Agentic AI FullStack SDE, AWS Professional Services	AU, VIC, Melbourne	Melbourne	VIC	AUS	July 16, 2026		Software Development	aws	label=team-pro-serv		not_identified	not_stated	none	machine_learning,distributed_systems,cloud_infrastructure,database_search,security_identity,frontend_mobile,application_backend,operations_observability	https://www.amazon.jobs/en/jobs/10476204/sr-delivery-consultant-agentic-ai-fullstack-sde-aws-professional-services	f4845eccbdc5ba41c17fad34d91e2d354e717ec38968afb501b3a0eae4d22b0e
2026-09-16T15:57:53Z	10476205	3bdf675f-29e7-47e9-af9a-e69df509f1a3	Sr Delivery Consultant: Agentic AI FullStack SDE, AWS Professional Services	AU, VIC, Melbourne	Melbourne	VIC	AUS	July 16, 2026		Software Development	aws	label=team-pro-serv		not_identified	not_stated	none	machine_learning,distributed_systems,cloud_infrastructure,database_search,security_identity,frontend_mobile,application_backend,operations_observability	https://www.amazon.jobs/en/jobs/10476205/sr-delivery-consultant-agentic-ai-fullstack-sde-aws-professional-services	5a7fa1869f252a99064863d2a07dfe34a91db3b6c0d7ab11c1038e1fa184fb2e
2026-09-16T15:57:53Z	10476343	5b627892-170f-42bd-ac5c-d31c7b393525	Software Development Engineer , Amazon University Talent Aquisition (AUTA)	IT, AT, Asti	Asti	AT	ITA	July 16, 2026		Software Development	studentprograms	label=team-jobs-for-grads		not_identified	basic_qualifications	none	distributed_systems,cloud_infrastructure,database_search,security_identity,frontend_mobile,application_backend,operations_observability	https://www.amazon.jobs/en/jobs/10476343/software-development-engineer-amazon-university-talent-aquisition-auta	da94d91faf80aa9be77e6a7bbaa1bb33236d053589ff7cbbbbf75a51835cf39b
2026-09-16T15:57:53Z	10476386	4847d0c8-ba0d-4577-9faa-e7fb97de534c	Software Dev Engineer, Benefits Experience and Technology (BXT)	US, WA, Seattle	Seattle	WA	USA	July 16, 2026		Software Development	pxt	label=team-aet		not_identified	preferred_only	none	distributed_systems,cloud_infrastructure,networking,database_search,security_identity,frontend_mobile,application_backend,operations_observability	https://www.amazon.jobs/en/jobs/10476386/software-dev-engineer-benefits-experience-and-technology-bxt	bcf917aa4baab0862f57eb330ccd60cd113b60a934dac1dec6e03f9dc43c2bbf
2026-09-16T15:57:53Z	10476398	06bf33bf-a4ad-42fd-be20-fc4ace3318f5	Software Dev Engineer II, Amazon Fuse	US, FL, Miami	Miami	FL	USA	July 16, 2026		Software Development	business-and-corporate-development	label=team-amazon-fuse		not_identified	basic_qualifications	none	distributed_systems,cloud_infrastructure,embedded_systems,frontend_mobile,application_backend	https://www.amazon.jobs/en/jobs/10476398/software-dev-engineer-ii-amazon-fuse	0d43f2369bf8c426d353eea2fa4e9b8fe50cd25042fbd17bd47f2a5c1b3b669f
2026-09-16T15:57:53Z	10476399	801ebda1-8abd-40d3-8150-c4f567c48c45	Software Development Engineer, Elastic Block Storage (EBS), Capacity Optimization	US, MA, Boston	Boston	MA	USA	July 16, 2026		Software Development	aws	label=team-sde-primary		not_identified	basic_qualifications	none	distributed_systems,cloud_infrastructure,database_search,embedded_systems,frontend_mobile,graphics_media,application_backend,operations_observability	https://www.amazon.jobs/en/jobs/10476399/software-development-engineer-elastic-block-storage-ebs-capacity-optimization	358e89a297aad284648c85366a8460e83aa47913cc9473bba905da3b9ddb35d1
2026-09-16T15:57:53Z	10476411	25a977fb-bac8-4041-b85a-48e7d9ba26f8	Software Dev Engineer II, SDX Checkout	CA, BC, Vancouver	Vancouver	BC	CAN	July 16, 2026		Software Development	fulfillment-and-operations	label=team-last-mile-delivery		not_identified	preferred_only	none	distributed_systems,database_search	https://www.amazon.jobs/en/jobs/10476411/software-dev-engineer-ii-sdx-checkout	9a0e89e421dc08bbb4147aaaf01904729c156444200ae2196123a0480bcdcc79
2026-09-16T15:57:53Z	10476454	d51a6c9b-8922-459c-8d55-e9bea3794578	Software Dev Engineer II, Aurora Storage	US, WA, Redmond	Redmond	WA	USA	July 16, 2026		Software Development	aws	label=team-sde-primary		not_identified	basic_qualifications	none	distributed_systems,cloud_infrastructure,database_search,security_identity,embedded_systems	https://www.amazon.jobs/en/jobs/10476454/software-dev-engineer-ii-aurora-storage	74bcad4c61cb92523e69c158ea50810b9356517c5b1e8ffc030da83088c74f22
2026-09-16T15:57:53Z	10476467	2ed2b475-03e6-40b8-a88d-216b187e1170	Sr. Software Dev Engineer, Verification Services	IN, TS, Hyderabad	Hyderabad	TS	IND	July 16, 2026		Software Development	amazonian-experience-and-tech	label=team-es-technology		not_identified	basic_qualifications	none	distributed_systems,cloud_infrastructure,security_identity	https://www.amazon.jobs/en/jobs/10476467/sr-software-dev-engineer-verification-services	92e25b8d7b035909c8bcbfb21a9cfb701b5725ae3a07ef0283291f483edf5f2c
2026-09-16T15:57:53Z	10476531	b248c705-7beb-4043-8519-97840e945c15	Software Dev Engineer II, AWS EventBridge	CA, BC, Vancouver	Vancouver	BC	CAN	July 16, 2026		Software Development	aws	label=team-sde-primary		not_identified	preferred_only	none	distributed_systems,cloud_infrastructure,database_search	https://www.amazon.jobs/en/jobs/10476531/software-dev-engineer-ii-aws-eventbridge	b902a9e85fdb351f94aa6bf953476d90bf6c1945fd1300248f7438ad432ff2a2
2026-09-16T15:57:53Z	10476533	b974f6df-042d-4b3d-bdd3-0c23b4a9e94a	Software Development Engineer II, AWS Eventbridge	CA, BC, Vancouver	Vancouver	BC	CAN	July 16, 2026		Software Development	aws	label=team-sde-primary		not_identified	preferred_only	none	distributed_systems,cloud_infrastructure,database_search,security_identity,application_backend	https://www.amazon.jobs/en/jobs/10476533/software-development-engineer-ii-aws-eventbridge	32d377635f1a9a32a81c33cd0adbe52b86d3a2d407b597b6fb5e0068f29cbf83
2026-09-16T15:57:53Z	10476534	9bad9e16-3209-4648-81d0-de6ae24e4aa6	Software Development Engineer, AWS Workflow - Step Functions	CA, BC, Vancouver	Vancouver	BC	CAN	July 16, 2026		Software Development	aws	label=team-sde-primary		not_identified	preferred_only	none	cloud_infrastructure,frontend_mobile,application_backend	https://www.amazon.jobs/en/jobs/10476534/software-development-engineer-aws-workflow-step-functions	682bf28205649b99254e6fa3055c6cab4efddab13f9441ea923aea96637b27ed
2026-09-16T15:57:53Z	10476535	ac075a9a-93c2-4ee1-aac2-bc6241dc4bcf	Software Development Engineer, AWS Lambda, Durable Functions	CA, BC, Vancouver	Vancouver	BC	CAN	July 16, 2026		Software Development	aws	label=team-sde-primary		not_identified	preferred_only	none	distributed_systems,cloud_infrastructure,networking	https://www.amazon.jobs/en/jobs/10476535/software-development-engineer-aws-lambda-durable-functions	519081bbae946097266ab73680f4762818bae8e3811b34710a002ac0017b5164
2026-09-16T15:57:53Z	10476680	b7db04f5-866c-4c64-97be-e5778bcce8e5	Software Development Engineer, RDS Backups	CA, BC, Vancouver	Vancouver	BC	CAN	July 16, 2026		Software Development	aws	label=team-sde-primary		not_identified	basic_qualifications	none	distributed_systems,cloud_infrastructure,database_search,security_identity,application_backend	https://www.amazon.jobs/en/jobs/10476680/software-development-engineer-rds-backups	9880544f941eb45b52cb1a7d2ef47a33291eb78c71391d948a6822b34200934c
2026-09-16T15:57:53Z	10476685	54fe94bd-3819-4a31-9c00-baf21e1a35fe	Software Development Engineer, Workforce Solutions - Talent Mobility, Workforce Solutions - Talent Mobility	CA, ON, Toronto	Toronto	ON	CAN	July 16, 2026		Software Development	pxt	label=no-sub-team-listed		not_identified	preferred_only	none	distributed_systems,cloud_infrastructure	https://www.amazon.jobs/en/jobs/10476685/software-development-engineer-workforce-solutions-talent-mobility-workforce-solutions-talent-mobility	392f28551da8e69862ffc320ef5ed6ce9138904e5ad0e8f3bc87f3cc94d59e1e
2026-09-16T15:57:53Z	10476697	8dc89dc2-5994-4579-a252-cab1d80dd10a	Software Development Engineer, AWS Billing - Insights & Optimization	CA, BC, Vancouver	Vancouver	BC	CAN	July 16, 2026		Software Development	aws	label=team-sde-primary		not_identified	preferred_only	none	cloud_infrastructure	https://www.amazon.jobs/en/jobs/10476697/software-development-engineer-aws-billing-insights-optimization	ca89f09470e061338c4c0ac0044c3111c0ab7c83ecd07a2649c134ff19af5ab3
2026-09-16T15:57:53Z	10476732	c90b3b6c-9955-4e4f-9452-e5702c4cefd3	Software Development Engineer, Measurement, Ad Tech, and Data Science (MADS)	US, CO, Boulder	Boulder	CO	USA	July 16, 2026		Software Development	advertising	label=team-ad-serving-and-measurement		not_identified	preferred_only	none	distributed_systems,cloud_infrastructure,database_search,security_identity,embedded_systems,application_backend,operations_observability	https://www.amazon.jobs/en/jobs/10476732/software-development-engineer-measurement-ad-tech-and-data-science-mads	c1364f88d93316133e4b06d0ddcb980deff4dc88bcfe793855baa87850e835ff
2026-09-16T15:57:53Z	10476759	b4b4a457-fa22-454d-9a9b-9eaf91af9210	Software Dev Engineer II, Amazon Security	US, WA, Seattle	Seattle	WA	USA	July 16, 2026		Software Development	amazon-security	label=team-aws-security		not_identified	preferred_only	none	distributed_systems,cloud_infrastructure,security_identity,application_backend,operations_observability	https://www.amazon.jobs/en/jobs/10476759/software-dev-engineer-ii-amazon-security	b59dcd0869f0b2cf42d1e4b55c338b28983914f0d38bc81aad08835a19039159
2026-09-16T15:57:53Z	10476913	5e005060-d489-4efe-982b-184c6a0b25d2	Software Development Engineer, Device OS	US, WA, Seattle	Seattle	WA	USA	July 16, 2026		Software Development	alexa-and-amazon-devices	label=devices-and-services-teams		not_identified	basic_qualifications	none	cloud_infrastructure,embedded_systems,application_backend,operations_observability	https://www.amazon.jobs/en/jobs/10476913/software-development-engineer-device-os	d2fe279353491936c5411994527c952957aae7a9cf48cc74cc4bd412900fa48c
2026-09-16T15:57:53Z	10476932	1d967d03-8d87-4363-95b7-f0e5e86e61f6	Software Dev Engineer, AWS Resilience Hub	US, OR, Portland	Portland	OR	USA	July 16, 2026		Software Development	aws	label=team-sde-primary		not_identified	basic_qualifications	none	machine_learning,distributed_systems,cloud_infrastructure,networking,database_search,security_identity,embedded_systems,operations_observability	https://www.amazon.jobs/en/jobs/10476932/software-dev-engineer-aws-resilience-hub	58c450e71768c12faef0ee016904d8f437b5b75c75b58644eebcb2d9cc541855
2026-09-16T15:57:53Z	10476956	100f52bb-9342-43a4-b6ce-a01dd2d7be72	Software Development Engineer, Devices & Services Security	US, NY, New York	New York	NY	USA	July 17, 2026		Software Development	amazon-security	label=no-team-list		not_identified	preferred_only	none	distributed_systems,cloud_infrastructure,security_identity,embedded_systems	https://www.amazon.jobs/en/jobs/10476956/software-development-engineer-devices-services-security	42414d81ba436ed231e88095dbf3ae76521d1e7d88f88f0c3c92d33df1862134
2026-09-16T15:57:53Z	10476976	92f64fc9-ae25-429f-ae45-3a3076f3b146	Delivery Consultant: Agentic AI FullStack SDE, AWS Professional Services	AU, VIC, Melbourne	Melbourne	VIC	AUS	July 17, 2026		Software Development	aws	label=team-pro-serv		not_identified	not_stated	none	machine_learning,distributed_systems,cloud_infrastructure,database_search,security_identity,embedded_systems,frontend_mobile,application_backend,operations_observability	https://www.amazon.jobs/en/jobs/10476976/delivery-consultant-agentic-ai-fullstack-sde-aws-professional-services	90f8535ef29b09f11c4e598aab7590e501c3150cd5cd2d1fac1c73c3eb2a250b
2026-09-16T15:57:53Z	10477116	7265a6e5-d573-4084-a558-c87716e12fce	Software Development Engineer, Loss Prevention Tech, WWOS Corporate	IN, KA, Bengaluru	Bengaluru	KA	IND	July 17, 2026		Software Development	fulfillment-and-operations	label=team-global-fulfillment-loss-prevention-and-security		not_identified	preferred_only	none	machine_learning,security_identity,operations_observability	https://www.amazon.jobs/en/jobs/10477116/software-development-engineer-loss-prevention-tech-wwos-corporate	8649d052f4645123b5163fe07237ddfed969b80f01aa15abe145777f16f5ff33
2026-09-16T15:57:53Z	10477117	c03d40e6-d11f-48f1-92d2-ce7886f2c56f	Software Development Engineer, Loss Prevention Tech, WWOS Corporate	IN, KA, Bengaluru	Bengaluru	KA	IND	July 17, 2026		Software Development	fulfillment-and-operations	label=team-global-fulfillment-loss-prevention-and-security		not_identified	preferred_only	none	machine_learning,security_identity,operations_observability	https://www.amazon.jobs/en/jobs/10477117/software-development-engineer-loss-prevention-tech-wwos-corporate	2fe9154a3bc2672b8e10ea8d8bd117743d19336cd7c8815e35066f62580ba828
2026-09-16T15:57:53Z	10477126	f9740766-023b-4258-b8d3-1a1c43672af4	Software Development Engineer, Security Software Development Operations (SSDO)	US, WA, Seattle	Seattle	WA	USA	July 17, 2026		Software Development	amazon-security	label=team-aws-security		not_identified	basic_qualifications	none	cloud_infrastructure,security_identity,embedded_systems,operations_observability	https://www.amazon.jobs/en/jobs/10477126/software-development-engineer-security-software-development-operations-ssdo	f3c51db773e42a55624f24640423da7fcc209cc20818bbeb2413c2c44ddfce82
2026-09-16T15:57:53Z	10477129	3c683729-1399-4974-9c8e-0b9fdd3d056e	Security Software Dev Engineer II, AWS Security Corporate Response	US, WA, Seattle	Seattle	WA	USA	July 17, 2026		Software Development	amazon-security	label=team-aws-security		not_identified	preferred_only	none	cloud_infrastructure,networking,security_identity	https://www.amazon.jobs/en/jobs/10477129/security-software-dev-engineer-ii-aws-security-corporate-response	25f705353fcff00f21c20e6ccf94040ec607b7bc5266cf2281dd5438150d5738
2026-09-16T15:57:53Z	10477225	ce45c291-62f7-4098-8246-9b6fa2457d19	Senior Software Development Engineer	IN, TN, Chennai	Chennai	TN	IND	July 17, 2026		Software Development	entertainment	label=digital-acceleration		not_identified	preferred_only	none	cloud_infrastructure,application_backend,operations_observability	https://www.amazon.jobs/en/jobs/10477225/senior-software-development-engineer	59775b4adcd716841498f5587111dbecffba2d12ef252554bf147dd7442fecc1
2026-09-16T15:57:53Z	10477308	60cdcdef-0331-4904-bd5b-2f93520b4f90	Robotics Software Engineer, Amazon Robotics R&D	DE, BE, Berlin	Berlin	BE	DEU	July 17, 2026		Software Development	subsidiaries	label=team-amazon-robotics		not_identified	basic_qualifications	none	machine_learning,distributed_systems,cloud_infrastructure,security_identity,frontend_mobile,graphics_media,application_backend	https://www.amazon.jobs/en/jobs/10477308/robotics-software-engineer-amazon-robotics-r-d	fe039cdb6c177f7b82be8678e1a297aa70fb06af0617848ff32a2e2296d1adbc
2026-09-16T15:57:53Z	10477396	c3ad48fd-2de5-482c-96ac-4c3d4a1d3be6	Software Development Engineer - 2026	DE, BE, Berlin	Berlin	BE	DEU	July 17, 2026		Software Development	studentprograms	label=team-jobs-for-grads		not_identified	basic_qualifications	none	distributed_systems,cloud_infrastructure,database_search,security_identity,frontend_mobile,application_backend,operations_observability	https://www.amazon.jobs/en/jobs/10477396/software-development-engineer-2026	782838744bebd41c9d0670efdd4e367ffbfcc3ec56b0e10c410905bd7e81ac1d
2026-09-16T15:57:53Z	10477426	add66391-e238-4061-82b0-510c62ef8b7f	Software Development Engineer, Creator Marketplace	US, CA, Culver City	Culver City	CA	USA	July 17, 2026		Software Development	subsidiaries	label=team-global-audible		not_identified	preferred_only	none		https://www.amazon.jobs/en/jobs/10477426/software-development-engineer-creator-marketplace	934c2565d01a00a2cfe2ede99bfada6b8e367c624148fa1405661f4327c8c642
2026-09-16T15:57:53Z	10477457	2543c2d3-7c66-4be2-a106-4a3e04ca0f93	Software Development Engineer II, AWS Lambda	US, WA, Seattle	Seattle	WA	USA	July 17, 2026		Software Development	aws	label=team-sde-primary		not_identified	basic_qualifications	none	distributed_systems,cloud_infrastructure,embedded_systems,application_backend	https://www.amazon.jobs/en/jobs/10477457/software-development-engineer-ii-aws-lambda	079fcb83c78ef5687472ea3007ce72a5529c7010a462ea1ee2ca21853ea2d9e0
2026-09-16T15:57:53Z	10477483	4b6f9e8f-7b87-4a14-b7e0-c67f7a3b232a	Sr. Software Development Engineer, Amazon Pharmacy, Amazon Phamarcy	IN, KA, Bengaluru	Bengaluru	KA	IND	July 17, 2026		Software Development	pharmacy	label=no-team-listed		not_identified	basic_qualifications	mention_only	compiler_mention,machine_learning,distributed_systems,operations_observability	https://www.amazon.jobs/en/jobs/10477483/sr-software-development-engineer-amazon-pharmacy-amazon-phamarcy	dc5372755f56cf0647e229cc6c1ee887880764edfa7a0e86fca8f135566c77a5
2026-09-16T15:57:53Z	10477582	d49680d6-85d2-4652-b4b6-0242a3d87065	Sr. Software Development Engineer, Amazon Transportation, LMDT- DSP & LMPP Tech	IN, TS, Hyderabad	Hyderabad	TS	IND	July 17, 2026		Software Development	operations	label=team-no-team-listed		not_identified	basic_qualifications	none	machine_learning,distributed_systems,networking	https://www.amazon.jobs/en/jobs/10477582/sr-software-development-engineer-amazon-transportation-lmdt-dsp-lmpp-tech	032013f015809602343d0b2711eed994edc629fcd3c13009e93bdf693fc425d6
2026-09-16T15:57:53Z	10477702	46169f8c-0e2c-43b9-8a0b-f3c31ed94506	Software Development Engineer, AWS OpenSearch	US, TX, Austin	Austin	TX	USA	July 17, 2026		Software Development	amazon-security	label=team-aws-security		not_identified	preferred_only	none	machine_learning,distributed_systems,cloud_infrastructure,database_search,security_identity,application_backend,operations_observability	https://www.amazon.jobs/en/jobs/10477702/software-development-engineer-aws-opensearch	86b23260e9ed993ce817b08e08008007e08479b84ebe21673954690b3dbe0ad7
2026-09-16T15:57:53Z	10477808	3979f22c-0bac-4e83-892a-a228fdea3307	Software Development Engineer II, Amazon Robotics - Manipulation	US, WA, Seattle	Seattle	WA	USA	July 17, 2026		Software Development	subsidiaries	label=team-amazon-robotics		not_identified	basic_qualifications	none	machine_learning,distributed_systems,cloud_infrastructure,networking,database_search,graphics_media,operations_observability	https://www.amazon.jobs/en/jobs/10477808/software-development-engineer-ii-amazon-robotics-manipulation	1a9edeb61226c78499f75f881788924f908f3534e2ac2105dc18e2640b481632
2026-09-16T15:57:53Z	10477868	07e9a039-1ea8-4985-9c5b-2dd2137afbd6	Sr Embedded SDE III, Hardware Engineering Services	US, CA, Cupertino	Cupertino	CA	USA	July 17, 2026		Software Development	aws	label=team-sde-primary		not_identified	not_stated	none	machine_learning,cloud_infrastructure,networking,database_search,security_identity,embedded_systems,application_backend	https://www.amazon.jobs/en/jobs/10477868/sr-embedded-sde-iii-hardware-engineering-services	c98869be3affcd29fe1c69db6ac23fddc7d9829a2614b63b375cae29504cf642
2026-09-16T15:57:53Z	10477916	13177676-bc8b-4ebd-be9e-69d02053d23b	Software Development Engineer, Creator Marketplace	US, CA, Culver City	Culver City	CA	USA	July 17, 2026		Software Development	subsidiaries	label=team-global-audible		not_identified	preferred_only	none		https://www.amazon.jobs/en/jobs/10477916/software-development-engineer-creator-marketplace	a5bc6340f3088ddaabbb662a2fe59a950015d27790935532461082e7c921e95b
2026-09-16T15:57:53Z	10477934	a3b43f6a-e8cf-4b1d-8882-ed59a21a5e18	Software Development Engineer, Measurement, Ad Tech, and Data Science	US, TX, Austin	Austin	TX	USA	July 17, 2026		Software Development	advertising	label=team-ad-serving-and-measurement		not_identified	preferred_only	none	distributed_systems,embedded_systems	https://www.amazon.jobs/en/jobs/10477934/software-development-engineer-measurement-ad-tech-and-data-science	c7d5d57748f92af5bfd5478675f4c06540385282b787179a3dbc3a36a1e9b529
2026-09-16T15:57:53Z	10477936	5901d0e7-cb89-4ee4-b52b-ceb545f936c6	Senior Software Development Engineer, Engagement Security	US, VA, Herndon	Herndon	VA	USA	July 17, 2026		Software Development	amazon-security	label=team-aws-security		not_identified	preferred_only	none	machine_learning,distributed_systems,cloud_infrastructure,security_identity,graphics_media,operations_observability	https://www.amazon.jobs/en/jobs/10477936/senior-software-development-engineer-engagement-security	d55789f432f9c6f418f935bfe854083f0d3997fa601fdf9ae488e3b2aed9fc9d
2026-09-16T15:57:53Z	10477971	1d0bf634-9838-422d-a9bd-02a1cec098ae	Software Development Engineer, AWS OpenSearch Service	US, TX, Austin	Austin	TX	USA	July 17, 2026		Software Development	aws	label=team-sde-primary		not_identified	basic_qualifications	none	distributed_systems,cloud_infrastructure,networking,database_search,security_identity,embedded_systems,operations_observability	https://www.amazon.jobs/en/jobs/10477971/software-development-engineer-aws-opensearch-service	fdbbeac99215f22c8113c31fe38c5e036d422f74f9819298cdff443cb06f3872
2026-09-16T15:57:53Z	10477975	ca12ab6f-9872-4e22-9111-b783db5c5702	Software Development Engineer, AWS OpenSearch	US, TX, Austin	Austin	TX	USA	July 17, 2026		Software Development	aws	label=team-sde-primary		not_identified	preferred_only	none	machine_learning,distributed_systems,cloud_infrastructure,database_search,security_identity,application_backend,operations_observability	https://www.amazon.jobs/en/jobs/10477975/software-development-engineer-aws-opensearch	1934e561a55893d8ae28b6ef1954157b20632096d6936e840d3f96a5a8a67bd0
2026-09-16T15:57:53Z	10477977	0e1d29f0-9a4e-4aca-a720-974089fddb62	Software Development Engineer, Transit Gateway	US, VA, Herndon	Herndon	VA	USA	July 17, 2026		Software Development	aws	label=team-sde-primary		not_identified	basic_qualifications	none	distributed_systems,database_search,embedded_systems	https://www.amazon.jobs/en/jobs/10477977/software-development-engineer-transit-gateway	9e94ef489e37169b3bc50933abea1ed819c77e6cc2a029addad1a7a28b6c0a4c
2026-09-16T15:57:53Z	10478030	e9d296f0-9e2c-4970-9237-93da3f6bd018	Software Development Engineer II, Ads Marketing Effectiveness & Intelligence	CA, ON, Toronto	Toronto	ON	CAN	July 17, 2026		Software Development	advertising	label=team-amazon-ads		not_identified	basic_qualifications	none	cloud_infrastructure,database_search,security_identity	https://www.amazon.jobs/en/jobs/10478030/software-development-engineer-ii-ads-marketing-effectiveness-intelligence	cc024f0a7230f3eb4e8c75e30acc91eb5a7ec75db58210e75d806d85cae22aff
2026-09-16T15:57:53Z	10478036	4251d9f0-c834-4cfa-9456-c499de992c1f	Software Development Engineer II, Satellite Engineering and Mechanical Development	US, WA, Redmond	Redmond	WA	USA	July 18, 2026		Software Development	alexa-and-amazon-devices	label=team-project-kuiper		not_identified	basic_qualifications	none	distributed_systems,networking,embedded_systems,operations_observability	https://www.amazon.jobs/en/jobs/10478036/software-development-engineer-ii-satellite-engineering-and-mechanical-development	a0fafbfdd3494b89a71d8fb92fa1f2404e4359e082f5a9008f58c229cdf7b2d7
2026-09-16T15:57:53Z	10478037	c298b6be-848b-49b2-a179-a0c0dbdc4a8d	Sr. Software Development Engineer, Advanced Analytics	CA, ON, Toronto	Toronto	ON	CAN	July 18, 2026		Software Development	advertising	label=team-amazon-ads		not_identified	preferred_only	none	machine_learning,distributed_systems,cloud_infrastructure,database_search,application_backend,operations_observability	https://www.amazon.jobs/en/jobs/10478037/sr-software-development-engineer-advanced-analytics	2695fb2b0441911a046e587e9f5fd2bd36d1f85095163a8e1a786455b9bffd70
2026-09-16T15:57:53Z	10478388	e40983e9-7d62-4022-bbff-6868e3637032	SDE, Alexa For Shopping	IN, KA, Bengaluru	Bengaluru	KA	IND	July 20, 2026		Software Development	consumer_engagement	label=team-shopping-foundations		not_identified	preferred_only	none	machine_learning,distributed_systems,embedded_systems,graphics_media,operations_observability	https://www.amazon.jobs/en/jobs/10478388/sde-alexa-for-shopping	8370efccebef963594cab011605c68cb2acb0c4f2cfc0c2f219fbcf173cc1b34
2026-09-16T15:57:53Z	10478561	96fde7df-99d5-4e7c-9561-ce84eba1cb28	Software Development Engineer (L5), Perimeter Protection (Anti-DDoS), NFW	US, WA, Seattle	Seattle	WA	USA	July 20, 2026		Software Development	aws	label=team-sde-primary		not_identified	preferred_only	none	distributed_systems,cloud_infrastructure,networking,security_identity,operations_observability	https://www.amazon.jobs/en/jobs/10478561/software-development-engineer-l5-perimeter-protection-anti-ddos-nfw	e33bb4877ba24d176e123b4770bc7699d33369edc7230cdec3c652ae6a76afd5
2026-09-16T15:57:53Z	10478694	88fccd51-00c9-4c60-99b6-394ad0c0385a	Software Development Engineer, Tax Engine Services	IN, KA, Bengaluru	Bengaluru	KA	IND	July 20, 2026		Software Development	ecp	label=team-tax-systems		not_identified	preferred_only	none	distributed_systems,operations_observability	https://www.amazon.jobs/en/jobs/10478694/software-development-engineer-tax-engine-services	5c15ff7220e5cef457d75f7ba18c3e7a7878582cd467213aa83c3ab5f77d6f83
2026-09-16T15:57:53Z	10478987	bb8b4b36-e760-45cf-933d-cb5709a29cb4	Software Development Engineer, Amazon Catalog services team, Amazon Catalog services team	US, WA, Seattle	Seattle	WA	USA	July 20, 2026		Software Development	ecp	label=team-ascs		not_identified	basic_qualifications	none	machine_learning,distributed_systems,cloud_infrastructure,database_search,embedded_systems	https://www.amazon.jobs/en/jobs/10478987/software-development-engineer-amazon-catalog-services-team-amazon-catalog-services-team	a3a3ee82191d676e30006c4d2de24fbd5dc6e0958f6a167d51f8d1bdd083413b
2026-09-16T15:57:53Z	10478988	99dfb94e-2ce1-4002-9e9e-e08ba78251d1	Software Development Engineer, Amazon Catalog services team, Amazon Catalog services team	US, WA, Seattle	Seattle	WA	USA	July 20, 2026		Software Development	ecp	label=team-ascs		not_identified	basic_qualifications	none	machine_learning,distributed_systems,cloud_infrastructure,database_search,embedded_systems	https://www.amazon.jobs/en/jobs/10478988/software-development-engineer-amazon-catalog-services-team-amazon-catalog-services-team	5e2153569611c3617e7afa4a29720cc3bd18916e0601a9f0d55aff30f96f4da9
2026-09-16T15:57:53Z	10478994	77d2476e-bf60-4c5e-b3fb-14e35a5057cb	Software Dev Engineer II, SDX Checkout	CA, BC, Vancouver	Vancouver	BC	CAN	July 20, 2026		Software Development	fulfillment-and-operations	label=team-last-mile-delivery		not_identified	preferred_only	none	distributed_systems,database_search	https://www.amazon.jobs/en/jobs/10478994/software-dev-engineer-ii-sdx-checkout	750e56a691f027e79c4eafd16283c84231debc71f54d293d8dcec448c54b5c95
2026-09-16T15:57:53Z	10479113	f4ac0cab-1773-4d0d-967a-2c87f9fc6ee5	Software Developer Engineer, L7 Platform - AWS Load Balancing	IE, D, Dublin	Dublin	D	IRL	July 20, 2026		Software Development	aws	label=team-sde-primary		not_identified	preferred_only	none	distributed_systems,cloud_infrastructure,networking,database_search,security_identity,application_backend,operations_observability	https://www.amazon.jobs/en/jobs/10479113/software-developer-engineer-l7-platform-aws-load-balancing	b1e108db4bee5721636377a29314fdaa412871c3ff72e38f474062bddc5daaf8
2026-09-16T15:57:53Z	10479371	a3a7cf3e-1505-4c91-ae0f-41eba35fa3e4	Software Development Engineer II (UM), Bespoke Solutions	US, VA, Arlington	Arlington	VA	USA	July 20, 2026		Software Development	aws	label=team-us-security-clearance-jobs-primary		not_identified	basic_qualifications	none	distributed_systems,cloud_infrastructure,networking,database_search,security_identity,embedded_systems,application_backend	https://www.amazon.jobs/en/jobs/10479371/software-development-engineer-ii-um-bespoke-solutions	e8adbe9dc11135fac10099d79bc0f25c87f7547390a292c774f0cced685dda29
2026-09-16T15:57:53Z	10479413	0c47bafc-dfb7-44d5-b815-b6fb2416f91e	Software Development Engineer, AWS Identity	US, WA, Seattle	Seattle	WA	USA	July 20, 2026		Software Development	aws	label=team-sde-primary		not_identified	basic_qualifications	none	distributed_systems,cloud_infrastructure,security_identity,embedded_systems,application_backend,operations_observability	https://www.amazon.jobs/en/jobs/10479413/software-development-engineer-aws-identity	24b69cdb1e0ae3c91e54f29616f7ffeb4ac2b30cb7e8df6727c29f6f54b29d16
2026-09-16T15:57:53Z	10479416	934c91f1-5d44-49d9-b51c-2ba4d32a79b8	Software Development Engineer, AWS Identity	US, WA, Seattle	Seattle	WA	USA	July 20, 2026		Software Development	aws	label=team-sde-primary		not_identified	basic_qualifications	none	distributed_systems,cloud_infrastructure,security_identity,embedded_systems,application_backend,operations_observability	https://www.amazon.jobs/en/jobs/10479416/software-development-engineer-aws-identity	a299fb2fd1d756b6a3895e0d56bff167d58fa913392a42bb38e5f112d890627f
2026-09-16T15:57:53Z	10479417	c537504d-af01-459a-a81f-0488eb59c424	Software Development Engineer, AWS Identity	US, WA, Seattle	Seattle	WA	USA	July 20, 2026		Software Development	aws	label=team-sde-primary		not_identified	basic_qualifications	none	distributed_systems,cloud_infrastructure,security_identity,embedded_systems,application_backend,operations_observability	https://www.amazon.jobs/en/jobs/10479417/software-development-engineer-aws-identity	3f3a6c4b641f70a470fd11346b3650c7f272c6544a32a71156dde2647aa96d0b
2026-09-16T15:57:53Z	10479418	5090a7f3-890a-4124-84f5-ec5f9345068a	Software Development Engineer, AWS Certificate Services	US, WA, Seattle	Seattle	WA	USA	July 20, 2026		Software Development	aws	label=team-sde-primary		not_identified	basic_qualifications	none	distributed_systems,cloud_infrastructure,database_search,security_identity,embedded_systems	https://www.amazon.jobs/en/jobs/10479418/software-development-engineer-aws-certificate-services	68f83268847a38474a641096047a6b865d456a3d0c2850207796762fa651e3b3
2026-09-16T15:57:53Z	10479421	29b57fdf-6dee-4158-bb9b-a1b24e8a1619	Software Development Engineer, AWS Identity	US, WA, Seattle	Seattle	WA	USA	July 20, 2026		Software Development	aws	label=team-sde-primary		not_identified	basic_qualifications	none	distributed_systems,cloud_infrastructure,security_identity,embedded_systems,application_backend,operations_observability	https://www.amazon.jobs/en/jobs/10479421/software-development-engineer-aws-identity	75b1aac76a4365bea0c84cb7aca4420a746ac05523365de5c405c42d1b9657a2
2026-09-16T15:57:53Z	10479422	1f120111-af00-49b6-a556-8a41caf83e1d	Software Development Engineer, AWS Identity	US, WA, Seattle	Seattle	WA	USA	July 20, 2026		Software Development	aws	label=team-sde-primary		not_identified	basic_qualifications	none	distributed_systems,cloud_infrastructure,security_identity,embedded_systems,application_backend,operations_observability	https://www.amazon.jobs/en/jobs/10479422/software-development-engineer-aws-identity	352099169602820ef469bf736cccca0cf2f323af70dde798281d27aa5608254a
2026-09-16T15:57:53Z	10479425	3cdce747-cca5-4e9d-b9a1-0097443aa60c	Software Development Engineer, AWS Identity	US, WA, Seattle	Seattle	WA	USA	July 20, 2026		Software Development	aws	label=team-sde-primary		not_identified	basic_qualifications	none	distributed_systems,cloud_infrastructure,security_identity,embedded_systems,application_backend,operations_observability	https://www.amazon.jobs/en/jobs/10479425/software-development-engineer-aws-identity	ae442bd42f6211498ffee85275556a786be67979c35faae602ed655240c59664
2026-09-16T15:57:53Z	10479448	4060ec21-aca8-4734-926a-4ff5b9917a5b	Senior Software Development Engineer, Data Integration AI and Platform Excellence (APEX)	US, NY, New York	New York	NY	USA	July 20, 2026		Software Development	aws	label=team-sde-primary		not_identified	preferred_only	none	machine_learning,cloud_infrastructure,database_search,security_identity,application_backend	https://www.amazon.jobs/en/jobs/10479448/senior-software-development-engineer-data-integration-ai-and-platform-excellence-apex	8e71dfcf3fa36461bf8ad32b418e6bcec8e1e462bd3ddef6478a4229dd5c4103
2026-09-16T15:57:53Z	10479464	fea3f115-e35f-4423-8b3c-6348e53ca0d6	Software Development Engineer, AWS OpenSearch	US, TX, Austin	Austin	TX	USA	July 20, 2026		Software Development	aws	label=team-sde-primary		not_identified	preferred_only	none	machine_learning,distributed_systems,cloud_infrastructure,database_search,security_identity,application_backend,operations_observability	https://www.amazon.jobs/en/jobs/10479464/software-development-engineer-aws-opensearch	963209bbe4cf4d1a76b2890d763d85165e700cc556947af954124e784ad38354
2026-09-16T15:57:53Z	10479580	ff8cc425-3ca1-4f94-a8f3-0cc827789b5e	Software Development Engineer III, AWS Transactional Services (Database & Distributed Systems)	US, WA, Seattle	Seattle	WA	USA	July 21, 2026		Software Development	aws	label=team-sde-primary		not_identified	preferred_only	none	distributed_systems,cloud_infrastructure,database_search,application_backend	https://www.amazon.jobs/en/jobs/10479580/software-development-engineer-iii-aws-transactional-services-database-distributed-systems	4f29f4768339a85f73f4cf7d27de7d8b3d6153140ff5428196f0b1a068168e9b
2026-09-16T15:57:53Z	10479630	5c008262-f10a-4ad4-b535-0e112db41b20	Software Development Engineer , Annapurna ML	US, TX, Austin	Austin	TX	USA	July 21, 2026		Software Development	aws	label=team-aws-cloud-management		not_identified	preferred_only	none	machine_learning,cloud_infrastructure	https://www.amazon.jobs/en/jobs/10479630/software-development-engineer-annapurna-ml	e9c3d91a8f13d564dc51e9ad88f868ccc022102782518e2f81e6e5ac7a0b71c7
2026-09-16T15:57:53Z	10479653	cd27ae5f-e942-49d7-828e-afb9fffba733	Software Development Engineer, Fulfillment by Amazon, FBA	IN, KA, Bengaluru	Bengaluru	KA	IND	July 21, 2026		Software Development	selling-partner-services	label=no-team-listed		not_identified	preferred_only	none	cloud_infrastructure,database_search	https://www.amazon.jobs/en/jobs/10479653/software-development-engineer-fulfillment-by-amazon-fba	e384e6117b2cf192f4a08d3b0d639f0cd2dbe16d1dd5343b0d05231e84584384
2026-09-16T15:57:53Z	10479855	e8ce1115-a2eb-4418-be1b-f4e3cb4c9e00	Software Development Engineer, Prime Video Ads	US, VA, Arlington	Arlington	VA	USA	July 21, 2026		Software Development	entertainment	label=team-primevideo		not_identified	preferred_only	none	distributed_systems,cloud_infrastructure,database_search,graphics_media,application_backend	https://www.amazon.jobs/en/jobs/10479855/software-development-engineer-prime-video-ads	cbc54656e07ef9707e01da8696a34b60efdd6d097b089a571a1b1b1e20a2ba7d
2026-09-16T15:57:53Z	10480632	0ee2deff-c710-4ff3-9eb3-ee18bfbbe002	SDE II, Sales Data Services (SDS)	IN, KA, Bengaluru	Bengaluru	KA	IND	July 21, 2026		Software Development	advertising	label=team-amazon-ads		not_identified	preferred_only	none	machine_learning,database_search,application_backend,operations_observability	https://www.amazon.jobs/en/jobs/10480632/sde-ii-sales-data-services-sds	6b9422411fb7b9b44c2883584dc66ae3e31a69d838d24fd145a1aad0b456231a
2026-09-16T15:57:53Z	10480782	16b82c7a-a4f7-4f11-83e5-8f641ad773c1	Software Development Engineer, Devices - Emerging Product	US, CA, Sunnyvale	Sunnyvale	CA	USA	July 21, 2026		Software Development	alexa-and-amazon-devices	label=team-alexa-echo-devices		not_identified	basic_qualifications	none	machine_learning,cloud_infrastructure	https://www.amazon.jobs/en/jobs/10480782/software-development-engineer-devices-emerging-product	cdae84dedc3338d498d3e4c0e9593a2340ca6a0fc40b83d30ed845943f119db1
2026-09-16T15:57:53Z	10480867	bce193ac-c1ab-42de-aa25-ff918d34d18b	Sr. Software Development Engineer – AI/ML Networking Disaggregated Inference, Annapurna Labs, Annapurna Labs	US, CA, Cupertino	Cupertino	CA	USA	July 21, 2026		Software Development	aws	label=team-sde-primary		not_identified	preferred_only	none	machine_learning,cloud_infrastructure,networking,embedded_systems	https://www.amazon.jobs/en/jobs/10480867/sr-software-development-engineer-ai-ml-networking-disaggregated-inference-annapurna-labs-annapurna-labs	8594768efbaafe0bafddb0810cc5a4570f9f387027cafee9fe8d1139610dc377
2026-09-16T15:57:53Z	10480903	778efdf2-f254-4920-ad9c-a040397e2266	Software Development Engineer, Data Center Builder Tools	GB, London	London		GBR	July 21, 2026		Software Development	aws	label=team-sde-primary		not_identified	preferred_only	none	distributed_systems,cloud_infrastructure,networking,database_search,security_identity,embedded_systems,frontend_mobile,application_backend	https://www.amazon.jobs/en/jobs/10480903/software-development-engineer-data-center-builder-tools	5170d1b6b4b1e708afd9de7e396f6a836ea76702ae681fb8178f3adc57bbdcd8
2026-09-16T15:57:53Z	10481042	116ae27e-1243-43b4-bb18-1f724c3d77cd	Software Development Engineer - Embedded, Flight Computer Software	US, WA, Redmond	Redmond	WA	USA	July 22, 2026		Software Development	alexa-and-amazon-devices	label=team-project-kuiper		not_identified	preferred_only	none	networking,embedded_systems	https://www.amazon.jobs/en/jobs/10481042/software-development-engineer-embedded-flight-computer-software	72293040784dc679f90e26ec48fce3609997507175691dc8b75aeb972b0142f7
2026-09-16T15:57:53Z	10481056	63b8511b-ccff-45d7-a1b8-c5ab6fe0f548	Software Development Engineer, Neuron Foundation Tools	US, WA, Seattle	Seattle	WA	USA	July 22, 2026		Software Development	aws	label=team-aws-sdm		not_identified	preferred_only	mention_only	compiler_mention,machine_learning,cloud_infrastructure,operations_observability	https://www.amazon.jobs/en/jobs/10481056/software-development-engineer-neuron-foundation-tools	c8d05f7545ad72a9702e54f5f20b12b36af2824b2e104adadfe492fd4b52806b
2026-09-16T15:57:53Z	10481057	5cd1c305-6859-4bc6-9eaa-78377e636232	Software Development Engineer - CV Test Infrastructure, Annapurna ML, CV Test Infrastructure	US, TX, Austin	Austin	TX	USA	July 22, 2026		Software Development	aws	label=team-sde-primary		not_identified	basic_qualifications	none	cloud_infrastructure,database_search,embedded_systems,frontend_mobile,operations_observability	https://www.amazon.jobs/en/jobs/10481057/software-development-engineer-cv-test-infrastructure-annapurna-ml-cv-test-infrastructure	b5bbe7ac20510d7524e19d570412e4885b4f86f967853bc17e7b21fcaedf75f1
2026-09-16T15:57:53Z	10481100	0c2a5f8c-5921-46ff-9638-6463e6bff359	Software Dev Engineer I FTC	IN, TS, Hyderabad	Hyderabad	TS	IND	July 22, 2026		Software Development	retail	label=team-icb-in		not_identified	preferred_only	none	frontend_mobile,application_backend	https://www.amazon.jobs/en/jobs/10481100/software-dev-engineer-i-ftc	817890efe186725df6978872ba420aa2071c3f19af17f32fbff27860c77b6cd6
2026-09-16T15:57:53Z	10481131	3a121dc5-bdc3-48b6-ae2a-ad110877a814	Chip Validation Software Engineer	IL, Haifa	Haifa		ISR	July 29, 2026		Software Development	aws	label=team-sde-primary		not_identified	basic_qualifications	none	machine_learning,cloud_infrastructure,networking,embedded_systems	https://www.amazon.jobs/en/jobs/10481131/chip-validation-software-engineer	ffd34deed58b576224ca74d517ca6a7a931517e02df1f58be9a054fdfade4fd8
2026-09-16T15:57:53Z	10481341	08adc80a-6f19-434c-96b9-56e869aeaac7	Software Dev Engineer - AWS Glacier, Cold Storage, Glacier Customer Experience	US, WA, Seattle	Seattle	WA	USA	July 22, 2026		Software Development	aws	label=team-sde-primary		not_identified	preferred_only	none	distributed_systems,cloud_infrastructure,database_search,application_backend	https://www.amazon.jobs/en/jobs/10481341/software-dev-engineer-aws-glacier-cold-storage-glacier-customer-experience	5983c16b0ee930913378395158ba90b36e97be7559c7c780b684dde3edd6e9cf
2026-09-16T15:57:53Z	10481449	997ae606-8d59-42b0-9c86-339c9dbd4477	SDE II, Perception and SLAM, Autonomous Mobility	US, MA, North Reading	North Reading	MA	USA	July 22, 2026		Software Development	subsidiaries	label=team-amazon-robotics		not_identified	not_stated	none	machine_learning,distributed_systems,cloud_infrastructure,networking,graphics_media	https://www.amazon.jobs/en/jobs/10481449/sde-ii-perception-and-slam-autonomous-mobility	9945bb8784a936d171a31fe9ebed37756ef1b470a27082b81d1ff019f110d689
2026-09-16T15:57:53Z	10481467	079bf5d2-2605-470b-883c-8cf8d3446f63	Software Development Engineer, Core Shopping	US, WA, Seattle	Seattle	WA	USA	July 22, 2026		Software Development	consumer_engagement	label=no-team-listed		not_identified	basic_qualifications	none	machine_learning,distributed_systems,embedded_systems,application_backend	https://www.amazon.jobs/en/jobs/10481467/software-development-engineer-core-shopping	20a270024aba8a87fe531fbbe573d1e4753bfd4b753408afcfe0337ac2cbc7e6
2026-09-16T15:57:53Z	10481481	66842a2e-d196-4f72-99a3-e2c5d602c6c9	SDE II, Perception and SLAM, Autonomous Mobility	US, MA, North Reading	North Reading	MA	USA	July 22, 2026		Software Development	subsidiaries	label=team-amazon-robotics		not_identified	not_stated	none	machine_learning,cloud_infrastructure,networking,graphics_media	https://www.amazon.jobs/en/jobs/10481481/sde-ii-perception-and-slam-autonomous-mobility	ea13c01913452271c270d518d1e53d0fd2c83fbf3fcac0d6fa6eb8b128845b22
2026-09-16T15:57:53Z	10481487	6fbc93af-f5f2-4440-938f-9f9ddc27272a	Software Development Engineer, Ring Operations	PL, Gdansk	Gdansk		POL	July 22, 2026		Software Development	alexa-and-amazon-devices	label=team-ring-key-blink		not_identified	not_stated	none	cloud_infrastructure,networking,security_identity,frontend_mobile,application_backend	https://www.amazon.jobs/en/jobs/10481487/software-development-engineer-ring-operations	922b6c797b827931e2e20226faf47e2056caea2190397556ed051e6e4547c3e4
2026-09-16T15:57:53Z	10481609	a7596232-0066-4b7e-83c6-e114cf0867d7	Software Dev Engineer, SIEGE	RO, Iasi	Iasi		ROU	July 22, 2026		Software Development	ecp	label=team-privacy		not_identified	basic_qualifications	none	distributed_systems,cloud_infrastructure,networking,security_identity,graphics_media,application_backend	https://www.amazon.jobs/en/jobs/10481609/software-dev-engineer-siege	8f7effb414db679d131d8aec9213ff8b075bbb6ba7ffe244d58bdb706631f6dd
2026-09-16T15:57:53Z	10481932	34ed82a4-dc83-4add-b9f3-2b69a8bc404b	EFA Network Software Engineer I, Annapurna Labs	US, WA, Seattle	Seattle	WA	USA	July 22, 2026		Software Development	aws	label=team-machine-learning-primary		not_identified	basic_qualifications	none	machine_learning,distributed_systems,cloud_infrastructure,networking,graphics_media,application_backend	https://www.amazon.jobs/en/jobs/10481932/efa-network-software-engineer-i-annapurna-labs	87b31b925965122206b2948a3d405a2a6b918c846e1007cc651b926b075d0c05
2026-09-16T15:57:53Z	10481970	4ce485ed-a992-4f76-bb2a-ac62bc0ae9af	Software Development Engineer, RDS SQL Server	US, WA, Redmond	Redmond	WA	USA	July 22, 2026		Software Development	aws	label=team-sde-primary		not_identified	preferred_only	none	distributed_systems,cloud_infrastructure,database_search,security_identity,application_backend,operations_observability	https://www.amazon.jobs/en/jobs/10481970/software-development-engineer-rds-sql-server	5b2362e541eab12b78fe0c4ede8fef25a3b73b9a995d17386d8c3cb0509c9bd7
2026-09-16T15:57:53Z	10482000	ee85be82-69f4-49ce-81ab-07de7f288201	Software Development Engineer, AWS Cognito	US, WA, Seattle	Seattle	WA	USA	July 22, 2026		Software Development	aws	label=team-sde-primary		not_identified	basic_qualifications	none	distributed_systems,cloud_infrastructure,database_search,embedded_systems	https://www.amazon.jobs/en/jobs/10482000/software-development-engineer-aws-cognito	69bae899136f7270c42d42f488e4c7b80bbb30b0443526234115bee8cda022ee
2026-09-16T15:57:53Z	10482153	4e21b160-961d-42df-949a-53e82457bbec	Software Development Engineer, Agentic Workspaces	US, WA, Seattle	Seattle	WA	USA	July 23, 2026		Software Development	aws	label=team-sde-primary		not_identified	basic_qualifications	none	distributed_systems,cloud_infrastructure,security_identity,embedded_systems,application_backend	https://www.amazon.jobs/en/jobs/10482153/software-development-engineer-agentic-workspaces	57f76c9eacc5a953dc90a0235059e9c66018a9a83f2c99cb7be0334e166f941a
2026-09-16T15:57:53Z	10482160	e2ba07ff-4f8f-4b4d-b435-f54ae23fe08b	Senior Software Engineer, AWS Applied AI Solutions	US, WA, Seattle	Seattle	WA	USA	July 23, 2026		Software Development	aws	label=team-sde-primary		not_identified	preferred_only	none	cloud_infrastructure,security_identity,application_backend	https://www.amazon.jobs/en/jobs/10482160/senior-software-engineer-aws-applied-ai-solutions	4e94c0ed4315904d9b31f486d8da8ee8322403bc6e496dd65bba8b97087faa75
2026-09-16T15:57:53Z	10482556	fafbab61-ab8e-458c-90fe-6cc1f87e50bb	Software Development Engineer, Amazon Traffic Engineering	IN, TS, Hyderabad	Hyderabad	TS	IND	July 23, 2026		Software Development	ecp	label=builder-works		not_identified	basic_qualifications	none	distributed_systems,application_backend,operations_observability	https://www.amazon.jobs/en/jobs/10482556/software-development-engineer-amazon-traffic-engineering	7b5014f087209adc991ce9423a1b2d931f57133af432a4ae7c8d55113412004b
2026-09-16T15:57:53Z	10482589	6c3ca782-d351-4cbe-89bd-6a8a45571365	Sr. SDE, Responsible AI	US, WA, Seattle	Seattle	WA	USA	July 23, 2026		Software Development	amazon-security	label=team-store-security		not_identified	preferred_only	none	cloud_infrastructure,security_identity	https://www.amazon.jobs/en/jobs/10482589/sr-sde-responsible-ai	6b43dcbbde7e9a13b576ab2e7c10aaefb2b168d7b397451b1d922ff2ec17c4d5
2026-09-16T15:57:53Z	10482591	c587df21-26aa-46ec-8fbf-acbb24278639	SDE, Responsible AI	US, WA, Seattle	Seattle	WA	USA	July 23, 2026		Software Development	amazon-security	label=team-store-security		not_identified	preferred_only	none	machine_learning,distributed_systems,cloud_infrastructure,security_identity,embedded_systems	https://www.amazon.jobs/en/jobs/10482591/sde-responsible-ai	c7e113a5918d59a45c8f657225d9bb85cba1ba50b256565d51317041a2af7d74
2026-09-16T15:57:53Z	10482609	15b8d240-e195-40bc-b23c-84ed6be4658f	Software Development Engineer II, Amazon Music	IN, KA, Bengaluru	Bengaluru	KA	IND	July 23, 2026		Software Development	entertainment	label=team-music		not_identified	preferred_only	none	frontend_mobile,graphics_media	https://www.amazon.jobs/en/jobs/10482609/software-development-engineer-ii-amazon-music	c13ce27258e520f2af44de717fe366ad5a7e40974ceda69b021a0443774b9b33
2026-09-16T15:57:53Z	10482676	40058a8a-e55f-4a38-ae95-7e168fef391f	Software Development Engineer, AWS Apache Flink	US, WA, Seattle	Seattle	WA	USA	July 23, 2026		Software Development	aws	label=team-sde-primary		not_identified	basic_qualifications	none	distributed_systems,cloud_infrastructure,embedded_systems,graphics_media,application_backend,operations_observability	https://www.amazon.jobs/en/jobs/10482676/software-development-engineer-aws-apache-flink	ed17cbd7157721bdadebe3ac45056312b2e454c520af3a448dace402cb8985b1
2026-09-16T15:57:53Z	10482747	3d5fd7d3-0fc4-4524-b9d6-db17f8ce98d3	Senior Software Dev Engineer (UM), Bespoke Solutions	US, VA, Herndon	Herndon	VA	USA	July 23, 2026		Software Development	aws	label=team-us-security-clearance-jobs-primary		not_identified	preferred_only	none	distributed_systems,cloud_infrastructure,networking,database_search,security_identity,embedded_systems,graphics_media,application_backend	https://www.amazon.jobs/en/jobs/10482747/senior-software-dev-engineer-um-bespoke-solutions	f533e7fe461cb3421039e32c58744637104d9de53e14dd7853bcc58e112aa51f
2026-09-16T15:57:53Z	10482768	a90ffbcd-6749-4c0b-9109-06633a50ec69	Software Development Engineer II, Amazon Software Builder Experience (ASBX)	US, WA, Seattle	Seattle	WA	USA	July 23, 2026		Software Development	aws	label=team-sde-primary		not_identified	basic_qualifications	none	distributed_systems,cloud_infrastructure,embedded_systems,application_backend,operations_observability	https://www.amazon.jobs/en/jobs/10482768/software-development-engineer-ii-amazon-software-builder-experience-asbx	4ed61bbfee9059546fb76b3a4ff930ad91673fcee6158743f7dea072174cc1c2
2026-09-16T15:57:53Z	10482781	53f6c81f-4305-4ee1-8881-71195e0d4435	Software Development Engineer - Supply Chain Optimization Tech, Inbound Systems	CA, ON, Toronto	Toronto	ON	CAN	July 23, 2026		Software Development	operations	label=team-supply-chain-optimization		not_identified	preferred_only	none	distributed_systems,cloud_infrastructure,networking,operations_observability	https://www.amazon.jobs/en/jobs/10482781/software-development-engineer-supply-chain-optimization-tech-inbound-systems	eeb8862903defb10002c19377f05444b6ff2c00ebac1848c69c9d995108b7141
2026-09-16T15:57:53Z	10482782	86437392-50a4-4e46-9bda-ad6b8edc8f95	Software Development Engineer - Supply Chain Optimization Tech, Inbound Systems	CA, ON, Toronto	Toronto	ON	CAN	July 23, 2026		Software Development	operations	label=team-supply-chain-optimization		not_identified	preferred_only	none	distributed_systems,cloud_infrastructure,networking,operations_observability	https://www.amazon.jobs/en/jobs/10482782/software-development-engineer-supply-chain-optimization-tech-inbound-systems	0669b89ec98acfff33f1533633b442dba6e70de1d2ea5379c6d865b9c5a22b34
2026-09-16T15:57:53Z	10482790	34fd28b6-6bad-42d0-a6f4-146a294ef3a5	Software Development Engineer II, Amazon Finance Technology	IN, TS, Hyderabad	Hyderabad	TS	IND	July 23, 2026		Software Development	finance	label=team-fintech		not_identified	basic_qualifications	none	cloud_infrastructure	https://www.amazon.jobs/en/jobs/10482790/software-development-engineer-ii-amazon-finance-technology	57fb8add05033ea8edbe99066463b1985cd8c0c903aabeb3110d16a6c88ddd1c
2026-09-16T15:57:53Z	10482830	057322d5-7638-4be3-ba77-bcf08305239c	Senior Software Development Engineer, Consumer Domains	US, NJ, Newark	Newark	NJ	USA	July 23, 2026		Software Development	subsidiaries	label=team-global-audible		not_identified	preferred_only	none	application_backend	https://www.amazon.jobs/en/jobs/10482830/senior-software-development-engineer-consumer-domains	53bce6b4bd53dbcd915804a3b883f07e3d91d44fbc91da63c41d154cfc621440
2026-09-16T15:57:53Z	10482841	85285f5e-393e-43fa-80c1-ab9e0d0af273	Software Development Engineer, Fauna	US, NY, New York	New York	NY	USA	July 23, 2026		Software Development	subsidiaries	label=team-amazon-robotics		not_identified	basic_qualifications	none	machine_learning,cloud_infrastructure,graphics_media	https://www.amazon.jobs/en/jobs/10482841/software-development-engineer-fauna	a7e3a68617950694011d13b4b09aa05ef4b84bd07df5ae9346800f15ed490878
2026-09-16T15:57:53Z	10482877	f0183140-0c42-4c69-b0a9-d9fd80c02d84	Software Development Engineer, AWS Transactional Services	CA, BC, Vancouver	Vancouver	BC	CAN	July 23, 2026		Software Development	aws	label=team-sde-primary		not_identified	preferred_only	none	distributed_systems,cloud_infrastructure,graphics_media,application_backend,operations_observability	https://www.amazon.jobs/en/jobs/10482877/software-development-engineer-aws-transactional-services	e25be984eaa03a4258ccd82e453c8b451582a0ca1db4a22b5504e677176f00aa
2026-09-16T15:57:53Z	10482878	2b6b12c9-9c7e-4a29-b569-5f3b1f32a733	Sr. Software Development Engineer , DynamoDB Storage Data Plane	US, WA, Seattle	Seattle	WA	USA	July 23, 2026		Software Development	aws	label=team-sde-primary		not_identified	preferred_only	none	cloud_infrastructure,database_search,application_backend	https://www.amazon.jobs/en/jobs/10482878/sr-software-development-engineer-dynamodb-storage-data-plane	359acffacc2ef6df89b8ced207c92af284be0b76195772c8075777a1f9f9fa4c
2026-09-16T15:57:53Z	10482904	03317720-ac0d-457e-92de-a0f6db3c99f4	Software Development Engineer, S3 Index Control Plane	CA, BC, Vancouver	Vancouver	BC	CAN	July 23, 2026		Software Development	aws	label=team-sde-primary		not_identified	preferred_only	none	distributed_systems,cloud_infrastructure,database_search,security_identity,graphics_media,application_backend,operations_observability	https://www.amazon.jobs/en/jobs/10482904/software-development-engineer-s3-index-control-plane	4051770dc13db42fedecd01a61ba2d97a200de14bd310352d591dceae8784924
2026-09-16T15:57:53Z	10483102	35fc1cba-415c-4751-985a-da200d4eb88a	Software Development Engineer, Special Projects	US, WA, Seattle	Seattle	WA	USA	July 24, 2026		Software Development	advertising	label=team-amazon-ads		not_identified	preferred_only	none	security_identity,application_backend,operations_observability	https://www.amazon.jobs/en/jobs/10483102/software-development-engineer-special-projects	0faf3ef9627fec5472bbcd4d14c9a5a9abd57ae23b789b645b3d915c73410121
2026-09-16T15:57:53Z	10483630	cf1523a8-c840-4016-af51-4b6e2ff58c88	Software Development Engineer, Alexa Connections	CA, BC, Vancouver	Vancouver	BC	CAN	July 24, 2026		Software Development	alexa-and-amazon-devices	label=team-alexa-echo-devices		not_identified	preferred_only	none	machine_learning,cloud_infrastructure,application_backend	https://www.amazon.jobs/en/jobs/10483630/software-development-engineer-alexa-connections	183a23129aa65e3d8550cc04fa3d35672329e8442c4d13f4be24b21c64391b24
2026-09-16T15:57:53Z	10483646	93ba44e7-2001-452e-8092-72e974393467	Software Development Engineer - II, Sales Technology, Amazon Advertising	CA, BC, Vancouver	Vancouver	BC	CAN	July 24, 2026		Software Development	advertising	label=team-amazon-ads		not_identified	preferred_only	none	cloud_infrastructure,application_backend	https://www.amazon.jobs/en/jobs/10483646/software-development-engineer-ii-sales-technology-amazon-advertising	f373ca2fe247c83266816aa564490ed7ef89d07aee4b21473c701600c7e63399
2026-09-16T15:57:53Z	10483666	002bb768-9bfa-483c-8265-7220b51959b7	Sr. Software Development Engineer, S3, S3	US, VA, Herndon	Herndon	VA	USA	July 24, 2026		Software Development	aws	label=team-sde-primary		not_identified	preferred_only	none	distributed_systems,cloud_infrastructure,networking,database_search,security_identity,application_backend	https://www.amazon.jobs/en/jobs/10483666/sr-software-development-engineer-s3-s3	add1956400212dc1fe50fcf54cd39e18f2f10ce37a4eb22e68a6dcc4b14228e4
2026-09-16T15:57:53Z	10483704	be5e4731-4531-47c3-8a08-ac59151f9d83	Sr Software Development Engineer, FireTV	US, CA, Irvine	Irvine	CA	USA	July 24, 2026		Software Development	alexa-and-amazon-devices	label=team-firetv-tablets		not_identified	basic_qualifications	none	machine_learning,networking,application_backend	https://www.amazon.jobs/en/jobs/10483704/sr-software-development-engineer-firetv	a19ccc8b93053a7ca578b5b57b1db48c2a754fcfe0f3bedafbb9eda47972a7f6
2026-09-16T15:57:53Z	10483705	8419ca18-d03a-490d-bf2c-8159d17a4524	Senior Software Development Engineer, Silk Browser, Web Experiences	IN, KA, Bengaluru	Bengaluru	KA	IND	July 24, 2026		Software Development	customer-service	label=team-d2as-cs-fixed-digital		not_identified	preferred_only	none	machine_learning,cloud_infrastructure,security_identity,embedded_systems,graphics_media,operations_observability	https://www.amazon.jobs/en/jobs/10483705/senior-software-development-engineer-silk-browser-web-experiences	95b2e9c31731cef8db7a9b9d0b8525c671f84af3fc062b24086e827a3510e2cd
2026-09-16T15:57:53Z	10483813	938af70b-645c-4642-9e6d-dfe2fbe31cb5	Software Dev Engineer II, AWS Security Incident Response	US, WA, Seattle	Seattle	WA	USA	July 24, 2026		Software Development	aws	label=team-sde-primary		not_identified	basic_qualifications	none	distributed_systems,cloud_infrastructure,database_search,security_identity,embedded_systems,application_backend,operations_observability	https://www.amazon.jobs/en/jobs/10483813/software-dev-engineer-ii-aws-security-incident-response	4abe04c1c79e7443dac911a4d126c867cd716f211b55290e85f177c58ece1384
2026-09-16T15:57:53Z	10483895	0bb735d6-00a8-4f7b-a913-dce71f778219	Software Engineer, Graviton Software, Annapurna Labs	US, TX, Austin	Austin	TX	USA	July 24, 2026		Software Development	aws	label=team-sde-primary		not_identified	preferred_only	mention_only	compiler_mention,cloud_infrastructure,database_search,embedded_systems,application_backend	https://www.amazon.jobs/en/jobs/10483895/software-engineer-graviton-software-annapurna-labs	21c6fc40942bf07b4a50a3a799db5eed21ac03e732c5d9d377f29c5fe0dbb37f
2026-09-16T15:57:53Z	10483904	eee7b9e2-4b6e-4d88-a5f3-55e05e25f117	Software Dev Engineer II, Talent Development, Talent Development	US, WA, Seattle	Seattle	WA	USA	July 24, 2026		Software Development	pxt	label=no-sub-team-listed		not_identified	basic_qualifications	none	distributed_systems,embedded_systems	https://www.amazon.jobs/en/jobs/10483904/software-dev-engineer-ii-talent-development-talent-development	cae3d8b020aae2a63ca85d1cc15345f114a9363a581a4bdbf6063df76f10e0ab
2026-09-16T15:57:53Z	10483935	8ae253d4-9cf0-4af8-8e38-3321b1ca4662	Software Development Engineer II, Operations Infrastructure Services	US, TN, Nashville	Nashville	TN	USA	July 24, 2026		Software Development	subsidiaries	label=team-amazon-robotics		not_identified	basic_qualifications	none	machine_learning,distributed_systems,cloud_infrastructure,networking,embedded_systems,application_backend,operations_observability	https://www.amazon.jobs/en/jobs/10483935/software-development-engineer-ii-operations-infrastructure-services	bbacfc64a7d8484aadb4e98fa4a3729131b77ba9a5a26fa53d5f17007b2815cc
2026-09-16T15:57:53Z	10483953	0ecf4be7-c39d-4839-87ab-44eb66b1190c	Software Development Engineer - Silicon Development Infrastructure	US, TX, Austin	Austin	TX	USA	July 24, 2026		Software Development	aws	label=team-aws-cloud-management		not_identified	basic_qualifications	none	machine_learning,cloud_infrastructure,networking,database_search,operations_observability	https://www.amazon.jobs/en/jobs/10483953/software-development-engineer-silicon-development-infrastructure	8151fa35bb5751231b72a7735680090ade28c50aa0509796d7f39c1ff3799d4a
2026-09-16T15:57:53Z	10483960	7dd5c5df-6f6e-44d8-866f-de0276ade664	Software Development Engineer III, AZA (Gen AI)	US, WA, Bellevue	Bellevue	WA	USA	July 24, 2026		Software Development	pxt	label=team-aet		not_identified	preferred_only	none	machine_learning,distributed_systems,cloud_infrastructure,networking,application_backend	https://www.amazon.jobs/en/jobs/10483960/software-development-engineer-iii-aza-gen-ai	c84a76e792824dca02c321107f55b33b5e8de4c02b4cc55f9543d968ad1e85b3
2026-09-16T15:57:53Z	10483961	828e8b95-18ec-44c1-bd83-b33ca125f7b1	Software Development Engineer III, AZA (Gen AI)	US, WA, Bellevue	Bellevue	WA	USA	July 24, 2026		Software Development	pxt	label=team-aet		not_identified	preferred_only	none	machine_learning,distributed_systems,cloud_infrastructure,networking,application_backend	https://www.amazon.jobs/en/jobs/10483961/software-development-engineer-iii-aza-gen-ai	9c4a99e08f33732004a4846e5e452af91c4ef25614fdc796e04093335e44f6d3
2026-09-16T15:57:53Z	10483966	a220685d-8333-426a-b0aa-4285d68509fb	Software Development Engineer, Amazon WorkSpaces Applications	US, WA, Seattle	Seattle	WA	USA	July 25, 2026		Software Development	aws	label=team-sde-primary		not_identified	basic_qualifications	none	distributed_systems,cloud_infrastructure,database_search,embedded_systems,graphics_media,application_backend	https://www.amazon.jobs/en/jobs/10483966/software-development-engineer-amazon-workspaces-applications	ae22a884306ff8d792fde54fd4d091c8aefe6c8182e1cc83f827c026ecb998e6
2026-09-16T15:57:53Z	10483968	c38d230e-545b-4cbb-9128-9a13eafe9738	Software Development Engineer, Agentic WorkSpaces	US, WA, Seattle	Seattle	WA	USA	July 25, 2026		Software Development	aws	label=team-sde-primary		not_identified	basic_qualifications	none	distributed_systems,cloud_infrastructure,embedded_systems,frontend_mobile,graphics_media,application_backend	https://www.amazon.jobs/en/jobs/10483968/software-development-engineer-agentic-workspaces	5f1defa1abb49f66e8de57e89bdfcfbb219cf1c7314329462ec919cdc21ecfe3
2026-09-16T15:57:53Z	10484052	37267350-4a69-4b00-9cdc-a03b6857b5de	Software Development Engineer – AI/ML Networking Disaggregated Inference, Annapurna Labs , Elastic Collectives	US, CA, Cupertino	Cupertino	CA	USA	July 25, 2026		Software Development	aws	label=team-machine-learning-primary		not_identified	preferred_only	none	machine_learning,cloud_infrastructure,networking,embedded_systems,graphics_media,application_backend	https://www.amazon.jobs/en/jobs/10484052/software-development-engineer-ai-ml-networking-disaggregated-inference-annapurna-labs-elastic-collectives	4ada196294bef512097cc49d0ef795dd81a44c7e42034ac5b778f7c15a94c4ef
2026-09-16T15:57:53Z	10484131	0282521a-bb72-4a96-8989-ab6ff0ccecc5	Software Development Engineer, Measurement, Ad Tech, and Data Science	US, TX, Austin	Austin	TX	USA	July 26, 2026		Software Development	advertising	label=team-ad-serving-and-measurement		not_identified	preferred_only	none	distributed_systems,embedded_systems	https://www.amazon.jobs/en/jobs/10484131/software-development-engineer-measurement-ad-tech-and-data-science	ad0f14e72a63c62f41cfe4bb00d1b8a1573fa0b33b496f15242215d8c23fc95d
2026-09-16T15:57:53Z	10484188	886e65dd-0053-4343-8b6b-371d38e2a64e	Software Development Engineer, Amazon WorkSpaces Applications	US, WA, Seattle	Seattle	WA	USA	July 27, 2026		Software Development	aws	label=team-sde-primary		not_identified	basic_qualifications	none	distributed_systems,cloud_infrastructure,database_search,embedded_systems,graphics_media,application_backend	https://www.amazon.jobs/en/jobs/10484188/software-development-engineer-amazon-workspaces-applications	4c9b68810ee26763ab69902531aa47f95518c54e81754a14b007b76a96d90b6f
2026-09-16T15:57:53Z	10484190	b7c5349a-b7d6-41a2-becb-7320788ad7d8	Software Development Engineer, Amazon WorkSpaces Applications	US, CA, Sunnyvale	Sunnyvale	CA	USA	July 27, 2026		Software Development	aws	label=team-sde-primary		not_identified	basic_qualifications	none	distributed_systems,cloud_infrastructure,database_search,embedded_systems,graphics_media,application_backend	https://www.amazon.jobs/en/jobs/10484190/software-development-engineer-amazon-workspaces-applications	2554f7d25cdf2ad00f4a31a1fcf9a34bb42a21b9b28e913c69e67aded2db66e5
2026-09-16T15:57:53Z	10484191	cc0474b2-3910-4ef2-99e8-2fd2ccd0bc61	Software Development Engineer II, Amazon WorkSpaces Applications	US, WA, Seattle	Seattle	WA	USA	July 27, 2026		Software Development	aws	label=team-sde-primary		not_identified	basic_qualifications	none	distributed_systems,cloud_infrastructure,database_search,embedded_systems,graphics_media,application_backend,operations_observability	https://www.amazon.jobs/en/jobs/10484191/software-development-engineer-ii-amazon-workspaces-applications	0e97456300aed72b3817b8d990b2bccb448bb4de8f18974bd45a5e433b9d8142
2026-09-16T15:57:53Z	10484211	43259597-5c71-409c-b726-b86ef6e934f3	Software Developer Engineer, Amazon WorkSpaces Core Managed Instances	US, WA, Seattle	Seattle	WA	USA	July 27, 2026		Software Development	aws	label=team-sde-primary		not_identified	basic_qualifications	none	distributed_systems,cloud_infrastructure,security_identity,embedded_systems,application_backend	https://www.amazon.jobs/en/jobs/10484211/software-developer-engineer-amazon-workspaces-core-managed-instances	2e8fe66793fccc7acc1b03307e6419de705492de987d1df16123528fbab1899e
2026-09-16T15:57:53Z	10484212	70614306-63e6-456c-b886-d151521de5b1	Software Developer Engineer, Amazon WorkSpaces Core Managed Instances	US, WA, Seattle	Seattle	WA	USA	July 27, 2026		Software Development	aws	label=team-sde-primary		not_identified	basic_qualifications	none	distributed_systems,cloud_infrastructure,security_identity,embedded_systems,application_backend	https://www.amazon.jobs/en/jobs/10484212/software-developer-engineer-amazon-workspaces-core-managed-instances	619cb0ab7be0eac2f5a6737fce0e7721ef6fc91909441c9d178ee8026243c5b0
2026-09-16T15:57:53Z	10484697	1ef89d0c-4105-4464-80ce-dc817ac0383d	Software Dev Engineer II, Accounting Engineering	IN, KA, Bengaluru	Bengaluru	KA	IND	July 27, 2026		Software Development	amazon-business	label=no-team-listed		not_identified	preferred_only	none	distributed_systems,cloud_infrastructure,application_backend,operations_observability	https://www.amazon.jobs/en/jobs/10484697/software-dev-engineer-ii-accounting-engineering	a83cce44281e0dae761b4b2ba4c2125dc884db98421ea7b9af1366109f974ca9
2026-09-16T15:57:53Z	10484877	951f9ad2-a10d-4269-9f3f-9251ed8dfd8a	Software Development Engineer II , Amazon Cross Border Tech	IN, KA, Bengaluru	Bengaluru	KA	IND	July 27, 2026		Software Development	global-corporate	label=no-team-listed		not_identified	preferred_only	none	database_search,application_backend	https://www.amazon.jobs/en/jobs/10484877/software-development-engineer-ii-amazon-cross-border-tech	71a30d34d2415af5b92d7abfd6055fcf0cb1c91aa833ba06a5e33c9c084ae016
2026-09-16T15:57:53Z	10484953	904726a1-f4a9-4673-9129-5d11642a01d9	Software Development Engineer II Robotics , SWAT	US, MA, North Reading	North Reading	MA	USA	July 27, 2026		Software Development	subsidiaries	label=team-amazon-robotics		not_identified	basic_qualifications	none	distributed_systems,cloud_infrastructure,embedded_systems	https://www.amazon.jobs/en/jobs/10484953/software-development-engineer-ii-robotics-swat	61faa5f227049c56d5db27077d3d37bd7bb3074592a5a710ce3f638b3093f42b
2026-09-16T15:57:53Z	10485150	ac25dd09-025e-4a6c-86ae-c82e9da49f1d	Software Development Engineer, Digital Acceleration	CA, BC, Vancouver	Vancouver	BC	CAN	July 27, 2026		Software Development	entertainment	label=digital-acceleration		not_identified	preferred_only	none	distributed_systems,database_search	https://www.amazon.jobs/en/jobs/10485150/software-development-engineer-digital-acceleration	d03dece44a546323467dfebddbe19731a425cc734301f02a0c6f6b809deee340
2026-09-16T15:57:53Z	10485234	144e1475-8840-4a8b-9b2b-f45fb299b2b9	Software Development Engineer, AWS Quick Desktop	US, WA, Seattle	Seattle	WA	USA	July 27, 2026		Software Development	aws	label=team-sde-primary		not_identified	basic_qualifications	none	machine_learning,distributed_systems,cloud_infrastructure,embedded_systems,frontend_mobile,graphics_media,application_backend	https://www.amazon.jobs/en/jobs/10485234/software-development-engineer-aws-quick-desktop	a6bc35f597efc0aab016d3e46ec5da226dc68976cead93b470af7625b8fe4999
2026-09-16T15:57:53Z	10485238	809292ed-7732-44bb-ae1a-2639643f85c5	Software Development Engineer, Production and Post Production Technology, Amazon MGM Studios	US, CA, Culver City	Culver City	CA	USA	July 27, 2026		Software Development	entertainment	label=team-primevideo		not_identified	basic_qualifications	none	distributed_systems,cloud_infrastructure,networking,database_search,security_identity,embedded_systems,graphics_media	https://www.amazon.jobs/en/jobs/10485238/software-development-engineer-production-and-post-production-technology-amazon-mgm-studios	0d5d5bbd76781a75385bd2018a79ecde44de760aa3cb422834f47c025b07ee30
2026-09-16T15:57:53Z	10485240	0fb211d9-90cd-4679-9512-1754dd850c94	Software Development Engineer, Production and Post Production Technology, Amazon MGM Studios	US, CA, Culver City	Culver City	CA	USA	July 27, 2026		Software Development	entertainment	label=team-primevideo		not_identified	basic_qualifications	none	distributed_systems,cloud_infrastructure,networking,database_search,security_identity,embedded_systems,graphics_media	https://www.amazon.jobs/en/jobs/10485240/software-development-engineer-production-and-post-production-technology-amazon-mgm-studios	561ebb10c78c6bfde4049973da0a5a1ce39033b578867c12f6ff90f6e194e6bc
2026-09-16T15:57:53Z	10485271	dfd341fb-20f9-4f09-b6bc-b5258ceba650	Senior Software Developer - Amazon Robotics , Autonomous Mobility	US, MA, North Reading	North Reading	MA	USA	July 27, 2026		Software Development	subsidiaries	label=team-amazon-robotics		not_identified	preferred_only	none	cloud_infrastructure,networking,embedded_systems,graphics_media	https://www.amazon.jobs/en/jobs/10485271/senior-software-developer-amazon-robotics-autonomous-mobility	517d2aad021eeca28e05bde438ec3e9487b240de4111d6f7c1541cfb67ab7372
2026-09-16T15:57:53Z	10485387	ea042fa4-778c-4269-9de6-0b14e07ab6ed	Software Development Engineer II, FleetWatch Team	US, WA, Seattle	Seattle	WA	USA	July 27, 2026		Software Development	aws	label=team-sde-primary		not_identified	basic_qualifications	none	distributed_systems,cloud_infrastructure,networking,database_search,security_identity,frontend_mobile,application_backend,operations_observability	https://www.amazon.jobs/en/jobs/10485387/software-development-engineer-ii-fleetwatch-team	a1f4df6639553948bad9f104fb9968202bd1364239bbf90017f9157258f772b3
2026-09-16T15:57:53Z	10485388	c8628e8c-1e2b-4809-82e7-1ad81352f649	Software Development Engineer II, SKG Team	US, WA, Seattle	Seattle	WA	USA	July 27, 2026		Software Development	aws	label=team-sde-primary		not_identified	basic_qualifications	none	machine_learning,distributed_systems,cloud_infrastructure,networking,database_search,security_identity,frontend_mobile,application_backend,operations_observability	https://www.amazon.jobs/en/jobs/10485388/software-development-engineer-ii-skg-team	c8f9b27a166ca15fb661f9d370e08bc5534742723fe140e8b63bdfea225aa9b4
2026-09-16T15:57:53Z	10485410	bb09b1b8-3c3e-4415-b532-e97147598d06	Software Development Engineer III, Amazon Timestream	US, WA, Seattle	Seattle	WA	USA	July 27, 2026		Software Development	aws	label=team-sde-primary		not_identified	preferred_only	none	distributed_systems,cloud_infrastructure,database_search,frontend_mobile,operations_observability	https://www.amazon.jobs/en/jobs/10485410/software-development-engineer-iii-amazon-timestream	ca0e5acb9cad5fb76e15701fc492d18c20540019b4181f0b8756c47aba5c00da
2026-09-16T15:57:53Z	10485445	98706983-434f-4dd5-ace8-78c16756ea66	Software Development Engineer II, AWS Security	US, VA, Herndon	Herndon	VA	USA	July 27, 2026		Software Development	amazon-security	label=team-aws-security		not_identified	preferred_only	none	machine_learning,cloud_infrastructure,database_search,security_identity,frontend_mobile,operations_observability	https://www.amazon.jobs/en/jobs/10485445/software-development-engineer-ii-aws-security	97fb6081ff231b6338f74e93978d7071cee17ad21f6cb603f8a3fcdf0d44f78a
2026-09-16T15:57:53Z	10485450	0deec254-e98a-4ac9-b6b5-ab45cc1af592	Software Development Engineer, Ads AI Core Infra (ACI)	US, WA, Seattle	Seattle	WA	USA	July 28, 2026		Software Development	advertising	label=team-amazon-ads		not_identified	preferred_only	none	machine_learning,distributed_systems,cloud_infrastructure,database_search,graphics_media,application_backend,operations_observability	https://www.amazon.jobs/en/jobs/10485450/software-development-engineer-ads-ai-core-infra-aci	b847afcffef3dfb1052f17dc4348ee6b6eeabdeab3b8e5e1e2eb7af9096ee2a4
2026-09-16T15:57:53Z	10485867	9da0554a-6c1f-4cc0-8ded-cc79694d3b32	Software Development Engineer, Amazon Customer Service AI powered Content Solutions	US, WA, Seattle	Seattle	WA	USA	July 28, 2026		Software Development	customer-service	label=technology		not_identified	basic_qualifications	none	machine_learning,distributed_systems,embedded_systems	https://www.amazon.jobs/en/jobs/10485867/software-development-engineer-amazon-customer-service-ai-powered-content-solutions	ad1795e9c3d687e3c4d5b0e36a7b8c5cf41b3435c6ff0240afcd3fe3a53a9419
2026-09-16T15:57:53Z	10486012	ff3d5a6c-7b2a-4bd9-aaee-66ce5b9dd033	Software Development Engineer II - Amazon Robotics, Autonomous Mobility, Motion	US, MA, North Reading	North Reading	MA	USA	July 28, 2026		Software Development	subsidiaries	label=team-amazon-robotics		not_identified	basic_qualifications	none	machine_learning,cloud_infrastructure,networking,embedded_systems,frontend_mobile,operations_observability	https://www.amazon.jobs/en/jobs/10486012/software-development-engineer-ii-amazon-robotics-autonomous-mobility-motion	dff6f6aad77816e62e2b44646cf0e93cf55b94b2a1f1feba3eb3a08ec83f770a
2026-09-16T15:57:53Z	10486046	ef2fe2c2-2208-4dfa-b8a1-e4b533aa1464	SDE, MLA hardware/software co-design, Annapurna Labs Machine Learning Acceleration	US, TX, Austin	Austin	TX	USA	July 28, 2026		Software Development	aws	label=team-machine-learning-primary		not_identified	basic_qualifications	none	machine_learning,cloud_infrastructure,database_search,security_identity,embedded_systems,application_backend	https://www.amazon.jobs/en/jobs/10486046/sde-mla-hardware-software-co-design-annapurna-labs-machine-learning-acceleration	9247f95c0af4704ea95c0e28e7c22445d2e2979fe2e445b869d445785a437942
2026-09-16T15:57:53Z	10486163	aec5d3e8-6a0c-4f28-9754-18d6f829061b	Software Engineer II, Search Science Data Infra	US, CA, Palo Alto	Palo Alto	CA	USA	July 28, 2026		Software Development	retail	label=team-search-experience		not_identified	preferred_only	none	machine_learning,distributed_systems,cloud_infrastructure,database_search,application_backend,operations_observability	https://www.amazon.jobs/en/jobs/10486163/software-engineer-ii-search-science-data-infra	735f0bc2ff737daeedc07508d925c1b82a41d4e8c76926ba7c3945fd0a8e5543
2026-09-16T15:57:53Z	10486367	9fb4d8be-3c12-4ff6-ab1c-4179c96ff5a9	Senior Software Development Engineer, AZA	IN, TS, Hyderabad	Hyderabad	TS	IND	July 28, 2026		Software Development	amazon-business	label=no-team-listed		not_identified	basic_qualifications	none	machine_learning	https://www.amazon.jobs/en/jobs/10486367/senior-software-development-engineer-aza	9703175efe04a13c5c734595f698d28770bd2086bfbd5935be704fdf78b5f572
2026-09-16T15:57:53Z	10486664	91a985a3-ab1e-4fce-8103-339d13d3b9a6	Software Development Engineer II, Personalization	US, WA, Seattle	Seattle	WA	USA	July 28, 2026		Software Development	consumer_engagement	label=team-personalization		not_identified	preferred_only	none	machine_learning,distributed_systems	https://www.amazon.jobs/en/jobs/10486664/software-development-engineer-ii-personalization	da3387ea286a716ce2bc320658e7886dac51d3a0fd5bd5708e0f2be29058d6a7
2026-09-16T15:57:53Z	10486685	70a4db8c-d6a1-4ccf-94ef-fcb348a1a6f4	Software Development Engineer, Developer Agents and Experiences, Production Engineering	US, WA, Seattle	Seattle	WA	USA	July 28, 2026		Software Development	aws	label=team-sde-primary		not_identified	basic_qualifications	none	distributed_systems,security_identity,embedded_systems,operations_observability	https://www.amazon.jobs/en/jobs/10486685/software-development-engineer-developer-agents-and-experiences-production-engineering	868bb8dfe00c3eda80d40e56bc5b06c5050e321984294f0ebd2ac52bae0e117d
2026-09-16T15:57:53Z	10486700	38e2db63-5bff-4385-87fe-fbfe8c6f884d	Software Development Engineer, Amazon Integrated Security	US, WA, Seattle	Seattle	WA	USA	July 28, 2026		Software Development	amazon-security	label=no-team-list		not_identified	preferred_only	none	distributed_systems,cloud_infrastructure,database_search,security_identity,operations_observability	https://www.amazon.jobs/en/jobs/10486700/software-development-engineer-amazon-integrated-security	2b8bbdc0135d1d46f576730d45788173a636de9025f3193a9e71eb4119e6016f
2026-09-16T15:57:53Z	10486732	df2d6667-6e2f-4f58-9000-27e1b8b428e6	SDE II - Network Observability, Leo Networking Software	US, WA, Redmond	Redmond	WA	USA	July 28, 2026		Software Development	alexa-and-amazon-devices	label=team-project-kuiper		not_identified	basic_qualifications	none	distributed_systems,cloud_infrastructure,networking,embedded_systems,operations_observability	https://www.amazon.jobs/en/jobs/10486732/sde-ii-network-observability-leo-networking-software	dee4402f5f17f64d80b6b1fbf4fe64e4b3266eb7526bef8393802823468eea80
2026-09-16T15:57:53Z	10486766	78c84969-6f6a-4cc5-82b1-a21f97164dbe	Principal Software Engineer, Amazon Shipping	IN, TS, Hyderabad	Hyderabad	TS	IND	July 28, 2026		Software Development	kindlecontent	label=team-no-team-listed		not_identified	preferred_only	none	networking,database_search	https://www.amazon.jobs/en/jobs/10486766/principal-software-engineer-amazon-shipping	82b9c08446fb341732940d648376508a76ac369974946c75d3819393131d54d1
2026-09-16T15:57:53Z	10486805	41a82ce6-2a09-4e51-8fcd-b4d3560860eb	SDE II, EC2 Instance Networking, EC2 Nitro	US, WA, Seattle	Seattle	WA	USA	July 28, 2026		Software Development	aws	label=team-sde-primary		not_identified	basic_qualifications	none	machine_learning,distributed_systems,cloud_infrastructure,networking,security_identity,embedded_systems,operations_observability	https://www.amazon.jobs/en/jobs/10486805/sde-ii-ec2-instance-networking-ec2-nitro	e651ec908a347b0aee908b0144c7b6bed820a445dee42bbb8005ad6f8f92d42f
2026-09-16T15:57:53Z	10486806	736d847b-19bf-4d52-8fa4-dc265ee5516c	Software Development Engineer, Demand Tech Experience	US, NY, New York	New York	NY	USA	July 28, 2026		Software Development	advertising	label=team-amazon-ads		not_identified	basic_qualifications	none	machine_learning,distributed_systems,embedded_systems,frontend_mobile,application_backend	https://www.amazon.jobs/en/jobs/10486806/software-development-engineer-demand-tech-experience	e837406cdf04883c47d97acbf8b0a7f292235a044d3e39a3ce2f8558de5e15fe
2026-09-16T15:57:53Z	10486982	b6e7b683-d044-4264-85ae-ab40debff829	Software Development Engineer, FBA	IN, KA, Bengaluru	Bengaluru	KA	IND	July 29, 2026		Software Development	selling-partner-services	label=no-team-listed		not_identified	preferred_only	none	cloud_infrastructure,database_search	https://www.amazon.jobs/en/jobs/10486982/software-development-engineer-fba	7cafc572177ca706d602015214555453f3d99ab6145050fc3d99fdac3eb113ef
2026-09-16T15:57:53Z	10487147	a43a579d-82a5-4d00-9f85-d0206be473cc	Software Development Engineer	MX, Mexico City	Mexico City		MEX	July 29, 2026		Software Development	subsidiaries	label=team-global-audible		not_identified	preferred_only	none	cloud_infrastructure,database_search	https://www.amazon.jobs/en/jobs/10487147/software-development-engineer	dfb39fdab4a49c2d34f6f457232c79793a478a22842b5869b875a5ea2cd904e3
2026-09-16T15:57:53Z	10487278	e449be71-1639-4ce7-a154-e5ca024ef31d	Sr. Software Development Engineer AI/ML, Inference Model Enablement, AWS Neuron	US, CA, Cupertino	Cupertino	CA	USA	July 29, 2026		Software Development	aws	label=team-sde-primary		not_identified	preferred_only	mention_only	compiler_mention,machine_learning,cloud_infrastructure	https://www.amazon.jobs/en/jobs/10487278/sr-software-development-engineer-ai-ml-inference-model-enablement-aws-neuron	a7ed5a8505698cb896af4a4459949273b0313ce87594096d3c3431400440e37c
2026-09-16T15:57:53Z	10487368	adc52c38-7551-4d92-ae7e-7fbfe831fd90	Embedded Software Development Engineer, Ring	GB, Cambridge	Cambridge		GBR	July 29, 2026		Software Development	alexa-and-amazon-devices	label=team-ring-key-blink		not_identified	preferred_only	none	machine_learning,security_identity,embedded_systems,operations_observability	https://www.amazon.jobs/en/jobs/10487368/embedded-software-development-engineer-ring	b45336adfbefa389feba9bf87de1d0ba7b6a0ee746587dd5f9ef8f596a49b52c
2026-09-16T15:57:53Z	10487479	532ae8f8-599f-4735-95bc-46585cfc85f6	Software Development Engineer, AWS Config, AWS Config	US, WA, Seattle	Seattle	WA	USA	July 29, 2026		Software Development	aws	label=team-sde-primary		not_identified	basic_qualifications	none	distributed_systems,cloud_infrastructure,security_identity,embedded_systems,operations_observability	https://www.amazon.jobs/en/jobs/10487479/software-development-engineer-aws-config-aws-config	ddd897290f386ac0d5b5a9f78301768f34d59d817a317b3dfdc07bcc64b1ab5d
2026-09-16T15:57:53Z	10487480	c3d2dd08-aeee-4d32-b600-8485e8156415	Software Development Engineer, Amazon Customer Service	CA, ON, Toronto	Toronto	ON	CAN	July 29, 2026		Software Development	customer-service	label=technology		not_identified	preferred_only	none	machine_learning,security_identity,application_backend,operations_observability	https://www.amazon.jobs/en/jobs/10487480/software-development-engineer-amazon-customer-service	b96f92d59346193b61741ba65324ecade6b898cc21c0a9a55d2abe2c43e885a3
2026-09-16T15:57:53Z	10487481	6e8372c0-012e-4a77-acaf-0e73098339b5	Software Development Engineer, AWS Config, AWS Config	US, WA, Seattle	Seattle	WA	USA	July 29, 2026		Software Development	aws	label=team-sde-primary		not_identified	basic_qualifications	none	distributed_systems,cloud_infrastructure,security_identity,embedded_systems,operations_observability	https://www.amazon.jobs/en/jobs/10487481/software-development-engineer-aws-config-aws-config	dfe3cbbd3ab361068ae1e48e737c6f49106edfc6787b749b889439fa4817f0ed
2026-09-16T15:57:53Z	10487482	b537b44e-c7dc-494b-981f-0ba3228f576a	Software Development Engineer II, AWS Config	DE, BE, Berlin	Berlin	BE	DEU	July 29, 2026		Software Development	aws	label=team-sde-primary		not_identified	basic_qualifications	none	distributed_systems,cloud_infrastructure,database_search,security_identity,application_backend,operations_observability	https://www.amazon.jobs/en/jobs/10487482/software-development-engineer-ii-aws-config	5db05c2bef7c26dbe6c7e0a6893cd90d82edd8fc86343926337db4c52ebe942a
2026-09-16T15:57:53Z	10487545	7dd051e4-e4d5-4f08-bee3-82dd2b7feab0	Software Development Engineer, Amazon MSK	US, CA, Santa Monica	Santa Monica	CA	USA	July 29, 2026		Software Development	aws	label=team-sde-primary		not_identified	preferred_only	none	cloud_infrastructure,graphics_media,application_backend	https://www.amazon.jobs/en/jobs/10487545/software-development-engineer-amazon-msk	22c5790c88178fc7bf48347c62fa03ce1d842d9c56f68d3e47066346ed00fe30
2026-09-16T15:57:53Z	10487568	72ce67cc-4ee4-44cc-9560-6eabf4335dd2	Software Development Engineer, Amazon MSK	US, CA, Santa Monica	Santa Monica	CA	USA	July 29, 2026		Software Development	aws	label=team-sde-primary		not_identified	preferred_only	none	cloud_infrastructure,graphics_media,application_backend	https://www.amazon.jobs/en/jobs/10487568/software-development-engineer-amazon-msk	a5dfe9494907854fc7d82aed9a8c878797d195e4fc4b6326378a6711bdf3d1c8
2026-09-16T15:57:53Z	10487571	c26d5aa7-f624-472d-8c64-bcc5d59cf6b6	Sr. Software Development Engineer, Infrastructure Supply Chain Automation	US, VA, Arlington	Arlington	VA	USA	July 29, 2026		Software Development	aws	label=team-sde-primary		not_identified	preferred_only	none	distributed_systems,cloud_infrastructure,networking,database_search,security_identity	https://www.amazon.jobs/en/jobs/10487571/sr-software-development-engineer-infrastructure-supply-chain-automation	ee816c390d906c693c36bcfc770554407e08bb164f94a280b10d49b311d0ab98
2026-09-16T15:57:53Z	10487609	89103294-1b7d-430d-9ceb-66455025e8b3	Software Development Engineer, Amazon Publisher Monetization - Video Ads	US, WA, Seattle	Seattle	WA	USA	July 29, 2026		Software Development	advertising	label=team-amazon-ads		not_identified	basic_qualifications	none		https://www.amazon.jobs/en/jobs/10487609/software-development-engineer-amazon-publisher-monetization-video-ads	98e1c3eae9df586da716cc50465ce8c3fcfa5e0b0754e1106aa852b645481883
2026-09-16T15:57:53Z	10487617	48d115f9-4d24-47d7-83a8-de3c673808f0	Software Development Engineer, Fulfillment Planning and Execution	US, VA, Arlington	Arlington	VA	USA	July 29, 2026		Software Development	aws	label=team-sde-primary		not_identified	preferred_only	none	distributed_systems,cloud_infrastructure,networking,database_search,security_identity,embedded_systems	https://www.amazon.jobs/en/jobs/10487617/software-development-engineer-fulfillment-planning-and-execution	84030f6d8a04a706db0189f2487cc39616b418d019cbe9e588ec60088363d8d5
2026-09-16T15:57:53Z	10487621	a5ca78ca-4ee1-4177-b66c-6790e3d8aec3	Software Development Engineer - Apache Flink Engineer, Amazon Managed Service for Apache Flink	US, WA, Seattle	Seattle	WA	USA	July 29, 2026		Software Development	aws	label=team-sde-primary		not_identified	preferred_only	none	distributed_systems,cloud_infrastructure,database_search,security_identity,graphics_media,application_backend,operations_observability	https://www.amazon.jobs/en/jobs/10487621/software-development-engineer-apache-flink-engineer-amazon-managed-service-for-apache-flink	77135172c0e646f32de400f486bc4efff1260d01cd6714b28dc6ebea8f01742d
2026-09-16T15:57:53Z	10487676	12ed9cac-3362-4a4c-9057-6a1c727f6063	Senior Software Development Engineer, Data Center Builder Tools	GB, London	London		GBR	July 29, 2026		Software Development	aws	label=team-sde-primary		not_identified	preferred_only	none	distributed_systems,cloud_infrastructure,networking,database_search,security_identity,embedded_systems,frontend_mobile,application_backend	https://www.amazon.jobs/en/jobs/10487676/senior-software-development-engineer-data-center-builder-tools	afa3703ea55f031160dbe84c553c51e4c9bdb51fdbd7bd6dbb717017eb16e16c
2026-09-16T15:57:53Z	10487686	e1469627-d1c4-4160-977c-e68eede38f22	Software Development Engineer, AI Data Infrastructure	US, MA, N.reading	N.reading	MA	USA	July 29, 2026		Software Development	subsidiaries	label=team-amazon-robotics		not_identified	basic_qualifications	none	distributed_systems,cloud_infrastructure,database_search,embedded_systems,operations_observability	https://www.amazon.jobs/en/jobs/10487686/software-development-engineer-ai-data-infrastructure	1502e3a977dc7a7061a447048211d8f3a2ef5ac666d34da97a90beb6f542ea96
2026-09-16T15:57:53Z	10487718	6ae464a5-414b-4d80-86de-23b049e26ff6	Senior Software Engineer, Managed Streaming Kafka (MSK)	US, WA, Seattle	Seattle	WA	USA	July 29, 2026		Software Development	aws	label=team-sde-primary		not_identified	preferred_only	none	distributed_systems,cloud_infrastructure,database_search,security_identity,graphics_media,application_backend	https://www.amazon.jobs/en/jobs/10487718/senior-software-engineer-managed-streaming-kafka-msk	de71d6c4a3876519579d9501d421e985a7c8f21d45be0b42a3b7f854e4bfb06b
2026-09-16T15:57:53Z	10487728	c7b57612-4dbf-43e4-ac04-cbbe66e4b39e	Software Development Engineer, Amazon WorkSpaces	US, WA, Seattle	Seattle	WA	USA	July 29, 2026		Software Development	aws	label=team-sde-primary		not_identified	preferred_only	none	cloud_infrastructure,graphics_media,application_backend	https://www.amazon.jobs/en/jobs/10487728/software-development-engineer-amazon-workspaces	08a2aaf74e7c267564d932c2e5ea582e9f12c49a9214c32a317a22275d90f850
2026-09-16T15:57:53Z	10487732	b264c5dc-2b05-442c-ba71-e65985877868	Sr. Software Development Engineer, Amazon Quick	US, WA, Seattle	Seattle	WA	USA	July 29, 2026		Software Development	aws	label=team-sde-primary		not_identified	preferred_only	none	distributed_systems,database_search,security_identity	https://www.amazon.jobs/en/jobs/10487732/sr-software-development-engineer-amazon-quick	46c5a3419d345850dd15bdf68f23c3dda7ba5ec524ad2ff56e3b360ea9e0a425
2026-09-16T15:57:53Z	10487771	c0103a15-3987-4ffa-92ee-655a07f6a55d	Software Development Engineer III, AWS Sagemaker Lakehouse Catalog	US, CA, East Palo Alto	East Palo Alto	CA	USA	July 29, 2026		Software Development	aws	label=team-sde-primary		not_identified	preferred_only	none	distributed_systems,cloud_infrastructure,application_backend	https://www.amazon.jobs/en/jobs/10487771/software-development-engineer-iii-aws-sagemaker-lakehouse-catalog	1b790a903d37df8d90b10007157fa793753ae0ea896680435b8b41f9e9eac7a8
2026-09-16T15:57:53Z	10487919	30facab5-6bc8-465f-8828-20af9284654a	Software Development Engineer, ASP Core Enablement Shared Services (ESS)	BR, SP, Sao Paulo	Sao Paulo	SP	BRA	July 30, 2026		Software Development	aws	label=team-no-matching-primary-label-listed		not_identified	preferred_only	none	cloud_infrastructure,database_search,security_identity,frontend_mobile,application_backend,operations_observability	https://www.amazon.jobs/en/jobs/10487919/software-development-engineer-asp-core-enablement-shared-services-ess	3e9bce48ca07e78d9ebfc7e3fb5ee8af44271b3f2eaf44fa3eab5689ce90de2e
2026-09-16T15:57:53Z	10487991	4798c2de-41f7-4eae-b360-65db041a1109	Principal Software Engineer, Device Cloud Core Services	IN, KA, Bengaluru	Bengaluru	KA	IND	July 30, 2026		Software Development	alexa-and-amazon-devices	label=amazon-device-software-and-services		not_identified	not_stated	none	distributed_systems,cloud_infrastructure,security_identity,application_backend	https://www.amazon.jobs/en/jobs/10487991/principal-software-engineer-device-cloud-core-services	a1129882796dff34bc3cac4f3a1ed168798e78bbc6e91a4c530b0b5489b94f66
2026-09-16T15:57:53Z	10488049	600f97ec-1e98-484b-af1b-c6009f7b4c67	Software Development Engineer II, Affordability (Exchange)	IN, KA, Bengaluru	Bengaluru	KA	IND	July 30, 2026		Software Development	amazon-business	label=no-team-listed		not_identified	preferred_only	none		https://www.amazon.jobs/en/jobs/10488049/software-development-engineer-ii-affordability-exchange	4869108764abae13efe0f707292c65157ff808c31888018f3b0cd5e2e1c64cc5
2026-09-16T15:57:53Z	10488199	cfce388c-4ccb-46df-b90f-b594f48a939e	Software Development Engineer II , Amazon Cross Border Tech	IN, KA, Bengaluru	Bengaluru	KA	IND	July 30, 2026		Software Development	global-corporate	label=no-team-listed		not_identified	preferred_only	none	database_search,application_backend	https://www.amazon.jobs/en/jobs/10488199/software-development-engineer-ii-amazon-cross-border-tech	ce748054daee28f22c2b9f8132ae15ab39b201e9ca0ef4627bb4839625ad524d
2026-09-16T15:57:53Z	10488221	3a75f14a-b6d4-41b2-a696-1fcae07d42fd	Software Development Engineer	ZA, Cape Town	Cape Town		ZAF	July 30, 2026		Software Development	aws	label=team-sde-primary		not_identified	preferred_only	none	cloud_infrastructure,database_search,security_identity,frontend_mobile,application_backend,operations_observability	https://www.amazon.jobs/en/jobs/10488221/software-development-engineer	0f292cfa9f5710df03763d907ebd92b52c79bfbd1595be8d52852b209a15b032
2026-09-16T15:57:53Z	10488273	a517e44e-592a-430e-9e95-b526706c8a77	Software Development Engineer, Developer Agents and Experiences, Production Engineering	US, WA, Seattle	Seattle	WA	USA	July 30, 2026		Software Development	aws	label=team-sde-primary		not_identified	basic_qualifications	none	distributed_systems,security_identity,embedded_systems,operations_observability	https://www.amazon.jobs/en/jobs/10488273/software-development-engineer-developer-agents-and-experiences-production-engineering	6a2c82695bb009d241360de1a1b35255d2f79f792777cb519bf5cd4e3a09b087
2026-09-16T15:57:53Z	10488370	fcb4a781-009e-4c83-826b-959ad85f7eca	Software Dev Engineer, SSD Route Orchestration	US, WA, Bellevue	Bellevue	WA	USA	July 30, 2026		Software Development	transportation-and-logistics	label=team-last-mile-delivery-tech		not_identified	preferred_only	none	distributed_systems,database_search	https://www.amazon.jobs/en/jobs/10488370/software-dev-engineer-ssd-route-orchestration	2eca32543716e64cefb8b691c13623ef5df7f5cc48198c8852d06dc0f71a23a9
2026-09-16T15:57:53Z	10488415	7788a13b-87cd-4918-9121-3254f1110d49	Software Development Engineer, FSx for Lustre	US, MA, Boston	Boston	MA	USA	July 30, 2026		Software Development	aws	label=team-sde-primary		not_identified	preferred_only	none	machine_learning,distributed_systems,cloud_infrastructure,networking,database_search,security_identity,graphics_media,application_backend,operations_observability	https://www.amazon.jobs/en/jobs/10488415/software-development-engineer-fsx-for-lustre	1fefb3d0f59639fb398e078d71c27b4479d29c288f1e062507b26dd0c382947f
2026-09-16T15:57:53Z	10488471	d3278b4b-9dc7-49d5-b39a-5bc17bd0d258	Software Development Engineer , OpenSearch AI Search Team	US, WA, Bellevue	Bellevue	WA	USA	July 30, 2026		Software Development	aws	label=team-sde-primary		not_identified	preferred_only	none	distributed_systems,cloud_infrastructure,database_search,security_identity,application_backend	https://www.amazon.jobs/en/jobs/10488471/software-development-engineer-opensearch-ai-search-team	0cf1bd9397e817f8003ca63ba1f425b7395c68193835dff5aa11edd1084e968a
2026-09-16T15:57:53Z	10488478	1be32212-3422-4a05-99df-8d7be122e6fd	Senior Software Development Engineer, AZA	IN, TS, Hyderabad	Hyderabad	TS	IND	July 30, 2026		Software Development	amazon-business	label=no-team-listed		not_identified	basic_qualifications	none	machine_learning	https://www.amazon.jobs/en/jobs/10488478/senior-software-development-engineer-aza	f1e865e796efba791486583cd6219064a2ea5448624006f132e95fa56d204bc3
2026-09-16T15:57:53Z	10488639	d6f7262d-d34e-4188-be0f-7bf7fefbe7b9	Senior Software Development Engineer, PreStart Domain	US, MA, Boston	Boston	MA	USA	July 30, 2026		Software Development	pxt	label=no-sub-team-listed		not_identified	preferred_only	none	distributed_systems,cloud_infrastructure,application_backend	https://www.amazon.jobs/en/jobs/10488639/senior-software-development-engineer-prestart-domain	f52ab852fc0397b578a0521c59e6cd0f10a7414008b38551a4c3e5e93c859d34
2026-09-16T15:57:53Z	10488655	c2c0d967-f8aa-483f-bea4-4dcf6221463f	Software Development Engineer, Annapurna Labs	US, CA, Cupertino	Cupertino	CA	USA	July 30, 2026		Software Development	aws	label=team-machine-learning-primary		not_identified	basic_qualifications	none	cloud_infrastructure,networking,embedded_systems,operations_observability	https://www.amazon.jobs/en/jobs/10488655/software-development-engineer-annapurna-labs	95d277cabf9dea6fa3c2bc8178ce9ae4bece5ef22337120d74aadf1dd4a301d2
2026-09-16T15:57:53Z	10488694	328c2b70-fbd7-4240-9a74-ed102003bbbf	Embedded Software Development Engineer, Flight Computer Software	US, WA, Redmond	Redmond	WA	USA	July 30, 2026		Software Development	alexa-and-amazon-devices	label=team-project-kuiper		not_identified	preferred_only	none	embedded_systems	https://www.amazon.jobs/en/jobs/10488694/embedded-software-development-engineer-flight-computer-software	4d3509e3c76c85e8ea65c453698cb102555eab34b49e99b8ba4b302ca7055cca
2026-09-16T15:57:53Z	10488707	0e6e89bf-3a67-429e-a405-4a081b6afccf	Software Development Engineer, ML Systems, Annapurna Labs	US, NY, New York	New York	NY	USA	July 30, 2026		Software Development	aws	label=team-machine-learning-primary		not_identified	not_stated	mention_only	compiler_mention,machine_learning,distributed_systems,cloud_infrastructure,networking,security_identity,embedded_systems,application_backend	https://www.amazon.jobs/en/jobs/10488707/software-development-engineer-ml-systems-annapurna-labs	12c6e9f76ef7af465efeb66b4d4bcdbacdf8e77bbe2861740b36d259f7e4c354
2026-09-16T15:57:53Z	10488714	6d502ea5-8836-4770-9968-33c9b596de38	SDE - CPLD / FPGA	US, WA, Seattle	Seattle	WA	USA	July 30, 2026		Software Development	aws	label=team-sde-primary		not_identified	preferred_only	none	cloud_infrastructure,networking,database_search,security_identity,embedded_systems,application_backend,operations_observability	https://www.amazon.jobs/en/jobs/10488714/sde-cpld-fpga	238b3ebd65d490cdab8dd6a9270b5f6b09ebff3ba5fb55740b5a5746fd8d66df
2026-09-16T15:57:53Z	10488746	705ec282-4447-4adf-9635-f678452e2a22	Software Development Engineer, Amazon S3 Index	US, WA, Seattle	Seattle	WA	USA	July 30, 2026		Software Development	aws	label=team-sde-primary		not_identified	basic_qualifications	none	distributed_systems,cloud_infrastructure,database_search,security_identity,embedded_systems,graphics_media,application_backend,operations_observability	https://www.amazon.jobs/en/jobs/10488746/software-development-engineer-amazon-s3-index	681a316e848022dd9f9eccb3e27d1be6e0d8024197c7047da62720c02c2cfdfe
2026-09-16T15:57:53Z	10488832	10510d7d-1200-4c4e-a6bf-89506f80a679	Senior Software Development Engineer, New Security Service	US, CA, Santa Clara	Santa Clara	CA	USA	July 30, 2026		Software Development	aws	label=team-sde-primary		not_identified	preferred_only	none	distributed_systems,cloud_infrastructure,networking,database_search,security_identity,application_backend	https://www.amazon.jobs/en/jobs/10488832/senior-software-development-engineer-new-security-service	1c97123862102c7ad2c1bf9ad69df8b5d05c541bb1476c8c22cbccdb8ba118f6
2026-09-16T15:57:53Z	10488925	8fc0df4b-b861-4677-aad8-779696db375c	Lead Software Engineer, ML Network Stack - Annapurna Labs	US, CA, Cupertino	Cupertino	CA	USA	July 31, 2026		Software Development	aws	label=team-sde-primary		not_identified	preferred_only	none	cloud_infrastructure,networking,embedded_systems	https://www.amazon.jobs/en/jobs/10488925/lead-software-engineer-ml-network-stack-annapurna-labs	58ee5ed561dae70372588ca323ea6750cabb619c0b8ab6c317b3ddcbe00c9e65
2026-09-16T15:57:53Z	10488930	cd9fc7b8-fb7f-40db-be0a-fdc0a70b645e	Software Development Engineer, Ads Core Services	US, NY, New York	New York	NY	USA	July 31, 2026		Software Development	advertising	label=team-amazon-ads		not_identified	preferred_only	none	distributed_systems,frontend_mobile,application_backend	https://www.amazon.jobs/en/jobs/10488930/software-development-engineer-ads-core-services	7271ac6202e772610f5b197ff3f12c66d6650e06b953bc5aa0b9f76593c064d4
2026-09-16T15:57:53Z	10489389	c794ca72-b30c-4de3-9514-312328028cc8	Software Development Engineer, Alexa Connections	CA, ON, Toronto	Toronto	ON	CAN	July 31, 2026		Software Development	alexa-and-amazon-devices	label=team-alexa-echo-devices		not_identified	preferred_only	none	machine_learning,cloud_infrastructure,application_backend	https://www.amazon.jobs/en/jobs/10489389/software-development-engineer-alexa-connections	08716a57a1e11d33cddb79780b2fbb051850adbaf63a7da843a097818a0ad8dd
2026-09-16T15:57:53Z	10489397	eb38e414-df27-40df-a3dc-3bb37bd38d3f	Sr. Embedded Software Engineer, Mobile Robotics	US, MA, North Reading	North Reading	MA	USA	July 31, 2026		Software Development	subsidiaries	label=team-amazon-robotics		not_identified	preferred_only	none	cloud_infrastructure,embedded_systems,graphics_media,application_backend	https://www.amazon.jobs/en/jobs/10489397/sr-embedded-software-engineer-mobile-robotics	f5dcaa5f86f756cc89fac275454f91a8cbeea08553de95233f308c1c88fe510b
2026-09-16T15:57:53Z	10489410	57371584-1567-486a-9175-628b639ea8e3	Sr. Software Development Engineer, Fulfillment Planning and Execution	US, VA, Arlington	Arlington	VA	USA	July 31, 2026		Software Development	aws	label=team-sde-primary		not_identified	preferred_only	none	distributed_systems,cloud_infrastructure,networking,database_search,security_identity	https://www.amazon.jobs/en/jobs/10489410/sr-software-development-engineer-fulfillment-planning-and-execution	4c86dd545552c2e84d13903e7e9b037d4100499c8ff6dfff7738a39d844166b3
2026-09-16T15:57:53Z	10489640	0fce3069-65e5-4c48-b394-a923b8113cfc	Senior Software Development Engineer, AWS Infra Supply Chain Automation	US, CA, Sunnyvale	Sunnyvale	CA	USA	July 31, 2026		Software Development	aws	label=team-sde-primary		not_identified	basic_qualifications	none	distributed_systems,cloud_infrastructure,networking,database_search,security_identity,application_backend	https://www.amazon.jobs/en/jobs/10489640/senior-software-development-engineer-aws-infra-supply-chain-automation	f9ae53f2d0c093d4a9cf99f315dcc9e6f7be0998d1d112dd6b0b121a7f949951
2026-09-16T15:57:53Z	10489690	0d2fbc32-9e50-4f22-8395-4f280b8a9200	Senior Software Development Engineer, Consumer Domains	US, NJ, Newark	Newark	NJ	USA	July 31, 2026		Software Development	subsidiaries	label=team-global-audible		not_identified	preferred_only	none	application_backend	https://www.amazon.jobs/en/jobs/10489690/senior-software-development-engineer-consumer-domains	47935c964a2943cec07f190fb61bbf4c9c628dc04ae5fff2efe37e2f5902209c
2026-09-16T15:57:53Z	10489766	f7500a11-5696-4103-b771-29a38b27aff2	Senior Embedded Software Engineer, Applied Automation Controls/Embedded Software	US, MA, N.reading	N.reading	MA	USA	July 31, 2026		Software Development	subsidiaries	label=team-amazon-robotics		not_identified	basic_qualifications	none	networking,embedded_systems,application_backend,operations_observability	https://www.amazon.jobs/en/jobs/10489766/senior-embedded-software-engineer-applied-automation-controls-embedded-software	8bd2aeb6225c102d385387420b360e614c8110d404235b81ec4ff43e2206cddd
2026-09-16T15:57:53Z	10489782	8cb43c28-3551-498c-a019-8b0b2ec3366a	Software Development Engineer, RDS SQL Server	US, WA, Redmond	Redmond	WA	USA	July 31, 2026		Software Development	aws	label=team-sde-primary		not_identified	preferred_only	none	distributed_systems,cloud_infrastructure,database_search,security_identity,application_backend,operations_observability	https://www.amazon.jobs/en/jobs/10489782/software-development-engineer-rds-sql-server	60a851d409ad41f7bafdf5bdfd5625215c1380c5969c2cefcf2cb96345372644
2026-09-16T15:57:53Z	10489832	98100d56-5197-483f-b76b-373d86196223	Sr Software Development Engineer, Agentic AI DevOps	US, WA, Seattle	Seattle	WA	USA	July 31, 2026		Software Development	aws	label=team-sde-primary		not_identified	preferred_only	none	cloud_infrastructure,security_identity,operations_observability	https://www.amazon.jobs/en/jobs/10489832/sr-software-development-engineer-agentic-ai-devops	0ea4c5e48d566caf4a36837c28c82fc502b6cb6500b30183dd6f71242e663c5e
2026-09-16T15:57:53Z	10489835	a162a925-3237-4552-9f21-d09f23dd6d76	Senior Software Development Engineer, AWS Infrastructure Supply Chain	US, WA, Seattle	Seattle	WA	USA	July 31, 2026		Software Development	aws	label=team-sde-primary		not_identified	preferred_only	none	cloud_infrastructure,networking,database_search,security_identity,application_backend	https://www.amazon.jobs/en/jobs/10489835/senior-software-development-engineer-aws-infrastructure-supply-chain	15bc5bd06cba4d0894b07a7a7a2728abb94109a0e77d41bfff4cf82c80f6ecf1
2026-09-16T15:57:53Z	10489862	4584857f-12fb-4b21-8f12-78b5dd3d4ced	SDE II - Selling Partner Identity Verification and Registration, SPIV Tech	US, AZ, Tempe	Tempe	AZ	USA	August 1, 2026		Software Development	selling-partner-services	label=no-team-listed		not_identified	basic_qualifications	none	security_identity	https://www.amazon.jobs/en/jobs/10489862/sde-ii-selling-partner-identity-verification-and-registration-spiv-tech	f9a3d847345c9b480d836af093c04fccf2c53e028636a09ed8d8142ceac0fff9
2026-09-16T15:57:53Z	10489863	df784b28-0ec5-42f0-82b3-6eefb66b0f6e	SDE II - Selling Partner Identity Verification and Registration, SPIV Tech	US, AZ, Tempe	Tempe	AZ	USA	August 1, 2026		Software Development	selling-partner-services	label=no-team-listed		not_identified	basic_qualifications	none	security_identity	https://www.amazon.jobs/en/jobs/10489863/sde-ii-selling-partner-identity-verification-and-registration-spiv-tech	9472582d55e1dc79343ad5ecc9aa9701560e75925cac7434ccf249ee7ab66159
2026-09-16T15:57:53Z	10489920	7e1d8528-ed5f-4ebe-816f-e064c0fe2a97	Senior Software Development Engineer, AWS Mantle	US, WA, Seattle	Seattle	WA	USA	August 2, 2026		Software Development	aws	label=team-sde-primary		not_identified	basic_qualifications	none	machine_learning,distributed_systems,cloud_infrastructure,security_identity,application_backend	https://www.amazon.jobs/en/jobs/10489920/senior-software-development-engineer-aws-mantle	bc9a9b1f1086eddfd23cd9b8fea0e0e898870421a06e94aff967ef78456ffb9b
2026-09-16T15:57:53Z	10489940	7e8ade43-9133-440d-9f67-dff43d7d02fa	Software Development Engineer II, Customer Experience Infrastructure (CXI)	IN, KA, Bengaluru	Bengaluru	KA	IND	August 3, 2026		Software Development	operations	label=team-ops-it		not_identified	preferred_only	none	machine_learning,distributed_systems,cloud_infrastructure,networking,embedded_systems,frontend_mobile,application_backend	https://www.amazon.jobs/en/jobs/10489940/software-development-engineer-ii-customer-experience-infrastructure-cxi	626ae8f2becc312d7a7f867e1488140daad149425eb45596cc039c71416002e8
2026-09-16T15:57:53Z	10490514	90c85870-b7ea-4165-bb09-552b3f360a35	Software Development Engineer, AWS OpenSearch Service	US, TX, Austin	Austin	TX	USA	August 3, 2026		Software Development	aws	label=team-sde-primary		not_identified	basic_qualifications	none	distributed_systems,cloud_infrastructure,networking,database_search,security_identity,embedded_systems,operations_observability	https://www.amazon.jobs/en/jobs/10490514/software-development-engineer-aws-opensearch-service	1aaf760a4a503643587e01e7551e813882ab8ac9eb470abede5759f91b9e1a16
2026-09-16T15:57:53Z	10490542	af0797d6-b99a-4a3d-8969-bcf5239d2c62	Software Development Engineer II, CloudFront	US, WA, Seattle	Seattle	WA	USA	August 3, 2026		Software Development	aws	label=team-sde-primary		not_identified	basic_qualifications	none	machine_learning,distributed_systems,cloud_infrastructure,networking,database_search,security_identity,embedded_systems,operations_observability	https://www.amazon.jobs/en/jobs/10490542/software-development-engineer-ii-cloudfront	9a5469a366c7f72141caeb7a10b1f650ff3de148e82ff68a0b6b6d8ecbdd4696
2026-09-16T15:57:53Z	10490547	4148a118-3c57-4379-a6f4-faefd6659e2d	Software Development Engineer, Amazon Tax	CA, BC, Vancouver	Vancouver	BC	CAN	August 3, 2026		Software Development	ecp	label=team-tax-systems		not_identified	preferred_only	none	distributed_systems	https://www.amazon.jobs/en/jobs/10490547/software-development-engineer-amazon-tax	577fe5fa9e2afa0645fd82e68841688e096a34acba3a505f08b412fb66980c70
2026-09-16T15:57:53Z	10490591	0d362a62-dc8e-4a3e-8923-ae154ecfd410	Senior Software Development Engineer, Ads Core Infra (ACI)	US, NY, New York	New York	NY	USA	August 3, 2026		Software Development	advertising	label=team-amazon-ads		not_identified	preferred_only	none	machine_learning,distributed_systems,cloud_infrastructure,database_search,security_identity,graphics_media,application_backend,operations_observability	https://www.amazon.jobs/en/jobs/10490591/senior-software-development-engineer-ads-core-infra-aci	28b6c17b3502345c5b6d2e74fbb4e9b7094e95060a93a6d8b770b7f50c7f2065
2026-09-16T15:57:53Z	10490640	254edf49-88de-428b-96dc-367cba4859fa	Software Development Engineer, Kuiper Sim Foundations Team	US, WA, Redmond	Redmond	WA	USA	August 3, 2026		Software Development	alexa-and-amazon-devices	label=team-project-kuiper		not_identified	basic_qualifications	none	distributed_systems,cloud_infrastructure,embedded_systems,application_backend	https://www.amazon.jobs/en/jobs/10490640/software-development-engineer-kuiper-sim-foundations-team	08031f997fa145b135e2d08732d142db3fe9cfcd377cbf28fce39665127ccee5
2026-09-16T15:57:53Z	10490663	fd85aadc-2e12-4012-832a-82d9b364ab5b	Software Development Engineer II, Secure Connection Services (SCS)	US, VA, Herndon	Herndon	VA	USA	August 3, 2026		Software Development	aws	label=team-us-security-clearance-jobs-primary		not_identified	preferred_only	none	distributed_systems,cloud_infrastructure,networking,database_search,security_identity,embedded_systems,application_backend	https://www.amazon.jobs/en/jobs/10490663/software-development-engineer-ii-secure-connection-services-scs	fba0661b462ac460253d6089bfb98808578d24c49ec1ad6791c5a8579a5f47de
2026-09-16T15:57:53Z	10490666	7fa0c3f2-fab2-42eb-a220-c06657fa2722	Software Development Engineer II, Secure Connection Services (SCS)	US, VA, Herndon	Herndon	VA	USA	August 3, 2026		Software Development	aws	label=team-us-security-clearance-jobs-primary		not_identified	preferred_only	none	distributed_systems,cloud_infrastructure,networking,database_search,security_identity,embedded_systems,application_backend	https://www.amazon.jobs/en/jobs/10490666/software-development-engineer-ii-secure-connection-services-scs	8a18c10024ffe037ce1aadfca3c6cc6c72182f6c3b089f324c40cd7aadcf2471
2026-09-16T15:57:53Z	10490681	091a59f8-1502-4c12-a4c0-1fd9a49d9c64	Software Development Engineer II, Prime Air	US, WA, Seattle	Seattle	WA	USA	August 3, 2026		Software Development	retail	label=team-global-prime-air		not_identified	basic_qualifications	none	distributed_systems,cloud_infrastructure,operations_observability	https://www.amazon.jobs/en/jobs/10490681/software-development-engineer-ii-prime-air	9e84ac5ec139fc0c57af63578ef64ba40807889b96458556ee4e4aa0fea46f7e
2026-09-16T15:57:53Z	10490705	b5ba36ab-d7c3-4ada-bc35-a86694542271	Software Development Engineer II, AWS Healthcare AI	US, WA, Seattle	Seattle	WA	USA	August 3, 2026		Software Development	aws	label=team-sde-primary		not_identified	basic_qualifications	none	machine_learning,distributed_systems,cloud_infrastructure,embedded_systems,application_backend	https://www.amazon.jobs/en/jobs/10490705/software-development-engineer-ii-aws-healthcare-ai	9d13f8c48609fdda162795fead3706acb61edbab976e6143a7892c16e1fa1138
2026-09-16T15:57:53Z	10490731	aea242da-7481-4c49-a24f-d37e90e9b29a	Software Development Engineer II, Amazon Leo	US, WA, Redmond	Redmond	WA	USA	August 3, 2026		Software Development	alexa-and-amazon-devices	label=team-project-kuiper		not_identified	preferred_only	none	networking,security_identity,embedded_systems	https://www.amazon.jobs/en/jobs/10490731/software-development-engineer-ii-amazon-leo	8fbf4d81e5a8da504b14214e9285c975dbe88ebfebc103973bdd253d4c90ecad
2026-09-16T15:57:53Z	10490739	0baaf322-27a4-4864-8533-74c92cd303b4	Software Development Engineer, Kiro	US, WA, Seattle	Seattle	WA	USA	August 3, 2026		Software Development	aws	label=team-sde-primary		not_identified	preferred_only	none	machine_learning,cloud_infrastructure,security_identity,frontend_mobile	https://www.amazon.jobs/en/jobs/10490739/software-development-engineer-kiro	1385e6492e49d4464a9bd4bbffbd9fa8c765df5772cc0e0eb7151d05f569c50c
2026-09-16T15:57:53Z	10490741	d00ef73d-13ee-4e4d-ab3d-faf03fc51d76	Software Development Engineer I – AI/ML Network Infrastructure, Annapurna Labs	US, CA, Cupertino	Cupertino	CA	USA	August 3, 2026		Software Development	amazon-artificial-general-intelligence	label=no-team-listed		not_identified	basic_qualifications	none	machine_learning,distributed_systems,cloud_infrastructure,networking,embedded_systems,graphics_media	https://www.amazon.jobs/en/jobs/10490741/software-development-engineer-i-ai-ml-network-infrastructure-annapurna-labs	68da957e1e8b5830d15001083f1f617e5b7f3a22d4cec12401128af44b9787fd
2026-09-16T15:57:53Z	10490792	59ca1928-6311-46bf-ab14-8afe98816bb7	Senior Software Dev Engineer , Device Engagament Metrics	US, CO, Denver	Denver	CO	USA	August 3, 2026		Software Development	alexa-and-amazon-devices	label=amazon-device-software-and-services		not_identified	preferred_only	none	distributed_systems,cloud_infrastructure,embedded_systems,operations_observability	https://www.amazon.jobs/en/jobs/10490792/senior-software-dev-engineer-device-engagament-metrics	03ee7677448535ff88a5097dccfa72b506dfacf77106c8f239bd2097d891883b
2026-09-16T15:57:53Z	10490838	72d0024f-f1f2-42d6-bb2e-61549dfe43f7	Software Development Engineer, AWS Config, AWS Config	US, VA, Arlington	Arlington	VA	USA	August 3, 2026		Software Development	aws	label=team-sde-primary		not_identified	basic_qualifications	none	distributed_systems,cloud_infrastructure,database_search,security_identity,embedded_systems,operations_observability	https://www.amazon.jobs/en/jobs/10490838/software-development-engineer-aws-config-aws-config	cca72aad7e16c75c60d0a67bc88dcc6f09a956c2d1da5383114bbd746cdf9a3e
2026-09-16T15:57:53Z	10490840	5383406b-08ef-4306-a971-4c8682f1b533	Software Development Engineer, AWS Cognito	US, WA, Seattle	Seattle	WA	USA	August 3, 2026		Software Development	aws	label=team-sde-primary		not_identified	basic_qualifications	none	distributed_systems,cloud_infrastructure,database_search,embedded_systems	https://www.amazon.jobs/en/jobs/10490840/software-development-engineer-aws-cognito	549be18beacd222a0750439ac91f53f75c75f39d3ef5bf09f8380b33a016da7f
2026-09-16T15:57:53Z	10490900	11261be1-283a-4576-a15b-4beb4a33da25	Software Development Engineer III, Selection Economics Tech	US, WA, Seattle	Seattle	WA	USA	August 3, 2026		Software Development	kindlecontent	label=team-no-team-listed		not_identified	preferred_only	none	operations_observability	https://www.amazon.jobs/en/jobs/10490900/software-development-engineer-iii-selection-economics-tech	8795a6e133c6ff4ac5d7680e859aae12efbc133ae6d5d4998330b57eee6dd98d
2026-09-16T15:57:53Z	10490925	8eec89a0-aa9e-4931-944d-5237209eac7b	Sr. Software Development Engineer, MONA	US, CA, Santa Clara	Santa Clara	CA	USA	August 3, 2026		Software Development	aws	label=team-sde-primary		not_identified	preferred_only	none	distributed_systems,cloud_infrastructure,networking,operations_observability	https://www.amazon.jobs/en/jobs/10490925/sr-software-development-engineer-mona	66b45f943d41fbd2d91fede440949861b0370a1b0083384f0642d8d04ff0a836
2026-09-16T15:57:53Z	10490964	7dfbd371-4059-41ab-9f91-5e94544b4e32	Software Development Engineer - Amazon MSK, Managed Streaming for Kafka	US, WA, Seattle	Seattle	WA	USA	August 3, 2026		Software Development	aws	label=team-sde-primary		not_identified	preferred_only	none	cloud_infrastructure,database_search,security_identity,graphics_media,application_backend	https://www.amazon.jobs/en/jobs/10490964/software-development-engineer-amazon-msk-managed-streaming-for-kafka	3dcff3e4522786bdbdad92587424246f433f5e4dd3ccebf10c579d07e768e442
2026-09-16T15:57:53Z	10491037	7d65ab33-2c34-4fe0-ab6f-156654f8d9c1	Software Development Engineer - AWS OpenSearch, OpenSearch Dashboards	US, WA, Bellevue	Bellevue	WA	USA	August 3, 2026		Software Development	aws	label=team-sde-primary		not_identified	basic_qualifications	none	distributed_systems,cloud_infrastructure,database_search,security_identity,embedded_systems,application_backend,operations_observability	https://www.amazon.jobs/en/jobs/10491037/software-development-engineer-aws-opensearch-opensearch-dashboards	c0befa4184d7458c8b3b8af802d6474d4656f1906c5bfe5c737abbf96afc02ad
2026-09-16T15:57:53Z	10491102	10327dea-e710-4bd6-8fe1-6e5bc4435687	Software Development Engineer, Amazon S3 Index	US, WA, Seattle	Seattle	WA	USA	August 4, 2026		Software Development	aws	label=team-aws-cloud-management		not_identified	basic_qualifications	none	distributed_systems,cloud_infrastructure,database_search,security_identity,embedded_systems,graphics_media,application_backend,operations_observability	https://www.amazon.jobs/en/jobs/10491102/software-development-engineer-amazon-s3-index	19671aadaa93228983cdc685dd52f30112dfcca8daf6a7eaabfc4ec329d770b9
2026-09-16T15:57:53Z	10491136	0f3a02fd-b6a8-4921-8beb-9a9bd2e8191b	Software Development Engineer, AWS Config	US, WA, Seattle	Seattle	WA	USA	August 4, 2026		Software Development	aws	label=team-sde-primary		not_identified	basic_qualifications	none	distributed_systems,cloud_infrastructure,security_identity,embedded_systems,application_backend,operations_observability	https://www.amazon.jobs/en/jobs/10491136/software-development-engineer-aws-config	b52c7f6ac114115fc0712857d3c584f94ccc6ac392b076e0aecab918a301c424
2026-09-16T15:57:53Z	10491139	0df0c0fd-e17c-40e9-9b33-10a8e1d37cfe	Software Development Engineer, AWS Config	US, WA, Seattle	Seattle	WA	USA	August 4, 2026		Software Development	aws	label=team-sde-primary		not_identified	basic_qualifications	none	distributed_systems,cloud_infrastructure,security_identity,embedded_systems,application_backend,operations_observability	https://www.amazon.jobs/en/jobs/10491139/software-development-engineer-aws-config	0a5a3a326eadfeab9f2a0f21c01892e4401ef194c6dcd05a0e7baad25123d72a
2026-09-16T15:57:53Z	10491191	d1ab328f-0fc4-4247-ab5e-685c36a42c1f	ML Software Engineer, Data Plane	US, CA, Cupertino	Cupertino	CA	USA	August 4, 2026		Software Development	aws	label=team-sde-primary		not_identified	basic_qualifications	mention_only	compiler_mention,machine_learning,distributed_systems,cloud_infrastructure,networking,embedded_systems,graphics_media	https://www.amazon.jobs/en/jobs/10491191/ml-software-engineer-data-plane	ac5e94cabe9cbdbe8d4e578148cc8c87711fdaf612df96011020e8c73db1f733
2026-09-16T15:57:53Z	10491192	287de850-c5a4-444d-b6bf-2a9f27b67adf	Senior ML Software Engineer, Data Plane	US, CA, Cupertino	Cupertino	CA	USA	August 4, 2026		Software Development	aws	label=team-sde-primary		not_identified	basic_qualifications	mention_only	compiler_mention,machine_learning,distributed_systems,cloud_infrastructure,networking,embedded_systems,graphics_media	https://www.amazon.jobs/en/jobs/10491192/senior-ml-software-engineer-data-plane	0bb4618f0bc8ccb503f6020aff5cf5aea116e4cbdcfb1355be6f234afb0b0588
2026-09-16T15:57:53Z	10491197	6260d1e5-daf0-4213-9b1f-60d3761aa0c7	Software Development Engineer, FinTech General Ledger	IN, TS, Hyderabad	Hyderabad	TS	IND	August 4, 2026		Software Development	finance	label=team-fintech		not_identified	preferred_only	none	distributed_systems,cloud_infrastructure,security_identity	https://www.amazon.jobs/en/jobs/10491197/software-development-engineer-fintech-general-ledger	c97dfbdc9c04e85434d076262dc0d30cc5606052fc92ae91c14e46aa556d925f
2026-09-16T15:57:53Z	10491309	2e804d7c-ce7d-429b-a8a3-80ab1fd3bc4c	2026 Graduate Software Dev Engineer	IL, Tel Aviv	Tel Aviv		ISR	August 4, 2026		Software Development	studentprograms	label=team-jobs-for-grads		not_identified	basic_qualifications	none	distributed_systems,cloud_infrastructure,database_search,frontend_mobile,application_backend,operations_observability	https://www.amazon.jobs/en/jobs/10491309/2026-graduate-software-dev-engineer	410edc9975af7ff2cc6b1594ffa63aa8ff37422c32cf17bda035f221e0a0ad67
2026-09-16T15:57:53Z	10491483	4fc46bc8-ed5a-4bfe-8d51-ead551836e29	Senior Software Development Engineer,NextGen Security, ZeroFriction	GB, London	London		GBR	August 4, 2026		Software Development	amazon-security	label=team-store-security		not_identified	preferred_only	none	cloud_infrastructure,security_identity,application_backend	https://www.amazon.jobs/en/jobs/10491483/senior-software-development-engineer-nextgen-security-zerofriction	47c409ba0fb3c3fd82b172c6418e947df6b18a4ef28b01871690532b552d5234
2026-09-16T15:57:53Z	10491560	e62a926e-09b0-444f-a4e0-3202dc325cc0	Senior Software Dev Engineer, Enrollment Experience - Benefits Experience & Technology (BXT)	US, WA, Seattle	Seattle	WA	USA	August 4, 2026		Software Development	pxt	label=team-aet		not_identified	preferred_only	none	machine_learning,cloud_infrastructure,database_search,security_identity,frontend_mobile,application_backend,operations_observability	https://www.amazon.jobs/en/jobs/10491560/senior-software-dev-engineer-enrollment-experience-benefits-experience-technology-bxt	f8d14e9528185e35743c099dd89a8bebfba687d18001283e9779199e91950745
2026-09-16T15:57:53Z	10491670	cdb7c7fb-94e1-46be-9c55-2bd773a611a3	Software Dev Engineer II	IN, TS, Hyderabad	Hyderabad	TS	IND	August 4, 2026		Software Development	selling-partner-services	label=no-team-listed		not_identified	preferred_only	none	distributed_systems,frontend_mobile,application_backend	https://www.amazon.jobs/en/jobs/10491670/software-dev-engineer-ii	8d55ee5c1871627b258c179e7d29fa7da8713f6fb45977b471fa2ed0d20c3a76
2026-09-16T15:57:53Z	10491671	fad044b0-8c9d-4c1c-9158-c8263cd4f3a8	Software Dev Engineer II	IN, TS, Hyderabad	Hyderabad	TS	IND	August 4, 2026		Software Development	selling-partner-services	label=no-team-listed		not_identified	preferred_only	none	distributed_systems,frontend_mobile,application_backend	https://www.amazon.jobs/en/jobs/10491671/software-dev-engineer-ii	32cde48a5ac2c5eb9b4231479c7e31b2f22557345ae98381bb249180cceba3a0
2026-09-16T15:57:53Z	10491870	779105e1-28f5-464a-8f9b-598a803fe3f3	Software Development Engineer, Kiro Web	US, WA, Seattle	Seattle	WA	USA	August 4, 2026		Software Development	aws	label=team-sde-primary		not_identified	basic_qualifications	none	distributed_systems,cloud_infrastructure,networking,security_identity,embedded_systems,frontend_mobile,application_backend,operations_observability	https://www.amazon.jobs/en/jobs/10491870/software-development-engineer-kiro-web	9438935fcd696c252663db880a9f468066711c933b2bcd049620f0bc0ed7431e
2026-09-16T15:57:53Z	10491871	983f91bb-2e1c-4255-b56d-626cff8e9495	Software Development Engineer, Kiro Web	US, WA, Seattle	Seattle	WA	USA	August 4, 2026		Software Development	aws	label=team-sde-primary		not_identified	basic_qualifications	none	distributed_systems,cloud_infrastructure,networking,security_identity,embedded_systems,frontend_mobile,application_backend,operations_observability	https://www.amazon.jobs/en/jobs/10491871/software-development-engineer-kiro-web	892e2d6e8dca50b697b33e179ca54d842700eb003f3b1a8300665a82cb12356b
2026-09-16T15:57:53Z	10491873	659c8df8-733e-42e9-82db-73b4835f5fb4	Software Development Engineer, Kiro Web	US, OR, Portland	Portland	OR	USA	August 4, 2026		Software Development	aws	label=team-sde-primary		not_identified	basic_qualifications	none	distributed_systems,cloud_infrastructure,networking,security_identity,embedded_systems,frontend_mobile,application_backend,operations_observability	https://www.amazon.jobs/en/jobs/10491873/software-development-engineer-kiro-web	8c0919c2d4d9125cefedc6448733f704bf81a2db1d4959dd7219e53a26edab05
2026-09-16T15:57:53Z	10491933	e301a80d-bec3-4514-bd30-e7610b8e9d5b	Software Dev Engineer II, Amazon Interactive Video Service (IVS), Stream Management	US, WA, Seattle	Seattle	WA	USA	August 4, 2026		Software Development	aws	label=team-sde-primary		not_identified	basic_qualifications	none	distributed_systems,cloud_infrastructure,embedded_systems,graphics_media,application_backend,operations_observability	https://www.amazon.jobs/en/jobs/10491933/software-dev-engineer-ii-amazon-interactive-video-service-ivs-stream-management	0c0b97355b8ba3d8e2f572a2305eb7445ccb85254faa8604f688c9cdf1360e58
2026-09-16T15:57:53Z	10491934	9cab7a8d-2ec5-4ce8-98ab-efa42ea5e7b0	Software Dev Engineer II, Amazon Interactive Video Service (IVS), Stream Management	US, WA, Seattle	Seattle	WA	USA	August 4, 2026		Software Development	aws	label=team-sde-primary		not_identified	basic_qualifications	none	distributed_systems,cloud_infrastructure,embedded_systems,graphics_media,application_backend,operations_observability	https://www.amazon.jobs/en/jobs/10491934/software-dev-engineer-ii-amazon-interactive-video-service-ivs-stream-management	524794d2e41fd1c62a5c52758806cba862a1c84ccb1cd5e9d95a3cad8ec7ca3f
2026-09-16T15:57:53Z	10491960	4f3c31bb-18e9-4d73-a9f9-1d28de9ccf63	Sr SDE - AFX, AFX	US, TX, Dallas	Dallas	TX	USA	August 4, 2026		Software Development	aws	label=team-sales-primary		not_identified	preferred_only	none	machine_learning,cloud_infrastructure,database_search,application_backend,operations_observability	https://www.amazon.jobs/en/jobs/10491960/sr-sde-afx-afx	86135a34b1cc8ca215659121318a16a6949481a5be993544647ca1857a222c3a
2026-09-16T15:57:53Z	10491966	805f0cc4-51cd-4069-b59b-87df67816cdf	Software Development Engineer, Customer Experience and Business Trends	IN, KA, Bengaluru	Bengaluru	KA	IND	August 4, 2026		Software Development	cx-and-business-trends	label=team-cxbt		not_identified	preferred_only	none	cloud_infrastructure,graphics_media	https://www.amazon.jobs/en/jobs/10491966/software-development-engineer-customer-experience-and-business-trends	2c3433e257fc26b5f72c39f0b9ae12637b3e884ffd051a46b7668abe244937d9
2026-09-16T15:57:53Z	10492038	bfa27ac1-7916-4a19-93d4-9e247cda293e	Senior Software Engineer, Bottlerocket	US, WA, Seattle	Seattle	WA	USA	August 4, 2026		Software Development	aws	label=team-sde-primary		not_identified	not_stated	none	cloud_infrastructure,security_identity,application_backend	https://www.amazon.jobs/en/jobs/10492038/senior-software-engineer-bottlerocket	66a826651a963446ed3814e1aee7c9f2074a37e1c8552a35023f7eaa4aec3e42
2026-09-16T15:57:53Z	10492042	2896f58f-24c4-427e-a4b6-c4ede3089250	Senior Software Engineer, Bottlerocket	US, WA, Seattle	Seattle	WA	USA	August 4, 2026		Software Development	aws	label=team-sde-primary		not_identified	not_stated	none	cloud_infrastructure,security_identity,application_backend	https://www.amazon.jobs/en/jobs/10492042/senior-software-engineer-bottlerocket	cc6b7cc63356a3168c8700250a335f9335933aad034b8894749ac2c8e8fff8fd
2026-09-16T15:57:53Z	10492043	2924ba33-e32c-4f61-b3d3-42e551c93b7b	Software Development Engineer, Bottlerocket	US, WA, Seattle	Seattle	WA	USA	August 4, 2026		Software Development	aws	label=team-sde-primary		not_identified	basic_qualifications	none	distributed_systems,cloud_infrastructure,security_identity,embedded_systems,application_backend,operations_observability	https://www.amazon.jobs/en/jobs/10492043/software-development-engineer-bottlerocket	d1b306d5b3026857b75c73e3a0e7bfe49c0b0957652078235db0f48458f0153c
2026-09-16T15:57:53Z	10492044	d625866b-711d-4bcf-992a-2d3fa6688846	Software Development Engineer, Bottlerocket	US, WA, Seattle	Seattle	WA	USA	August 4, 2026		Software Development	aws	label=team-sde-primary		not_identified	basic_qualifications	none	distributed_systems,cloud_infrastructure,security_identity,embedded_systems,application_backend,operations_observability	https://www.amazon.jobs/en/jobs/10492044/software-development-engineer-bottlerocket	6a544c6d1f9ed48fa6b4b511fe7af8c0e489fd7b704595416bb42cb4e0243143
2026-09-16T15:57:53Z	10492047	2ea49c4f-6916-43cf-a59e-5d658aaebc6f	Software Development Engineer, Bottlerocket	US, WA, Seattle	Seattle	WA	USA	August 4, 2026		Software Development	aws	label=team-sde-primary		not_identified	basic_qualifications	none	distributed_systems,cloud_infrastructure,security_identity,embedded_systems,application_backend,operations_observability	https://www.amazon.jobs/en/jobs/10492047/software-development-engineer-bottlerocket	fc863bdbf78c45348c7fae783c54b7bd8ee75a4ab348887445da36cb072173cf
2026-09-16T15:57:53Z	10492048	0d8ac72f-2a41-4b86-9f89-6113f497c353	Software Development Engineer, Bottlerocket	US, WA, Seattle	Seattle	WA	USA	August 4, 2026		Software Development	aws	label=team-sde-primary		not_identified	basic_qualifications	none	distributed_systems,cloud_infrastructure,security_identity,embedded_systems,application_backend,operations_observability	https://www.amazon.jobs/en/jobs/10492048/software-development-engineer-bottlerocket	c98280ba818497a85fe98309259a47b82d81f51f61a7ec77e280b3af34c067e1
2026-09-16T15:57:53Z	10492049	9f282659-d4c9-4061-8132-5b600069bd39	Software Development Engineer, Bottlerocket	US, WA, Seattle	Seattle	WA	USA	August 4, 2026		Software Development	aws	label=team-sde-primary		not_identified	basic_qualifications	none	distributed_systems,cloud_infrastructure,security_identity,embedded_systems,application_backend,operations_observability	https://www.amazon.jobs/en/jobs/10492049/software-development-engineer-bottlerocket	cef5fb22c0cf48f146440edc4014ebb11c02cb71ffe224fcf8369b7442a1f963
2026-09-16T15:57:53Z	10492194	dc55e571-a044-49ef-b2d7-978157fa669b	Software Engineer - MSE, Manufacturing Systems Engineering	US, WA, Redmond	Redmond	WA	USA	August 4, 2026		Software Development	alexa-and-amazon-devices	label=team-project-kuiper		not_identified	preferred_only	none	cloud_infrastructure,networking,security_identity,frontend_mobile	https://www.amazon.jobs/en/jobs/10492194/software-engineer-mse-manufacturing-systems-engineering	42ebcab51a2c995348555f7c62757ef1be5d9ce8d386f9155eb9df7815f808bc
2026-09-16T15:57:53Z	10492339	e2aeac32-cdff-4c7a-a3fd-299aeeaa89bf	Software Development Engineer, Alexa Communications	US, CA, Sunnyvale	Sunnyvale	CA	USA	August 4, 2026		Software Development	alexa-and-amazon-devices	label=team-alexa-echo-devices		not_identified	preferred_only	none	cloud_infrastructure,application_backend	https://www.amazon.jobs/en/jobs/10492339/software-development-engineer-alexa-communications	b3012797c0020298d4c771eb0b1d6301cef03ef7dbeb78a1b4d09f0ef59f5a22
2026-09-16T15:57:53Z	10492341	fb70c80c-3430-432e-83fd-7cf60c213eec	Software Development Engineer, Alexa Connections	CA, BC, Vancouver	Vancouver	BC	CAN	August 4, 2026		Software Development	alexa-and-amazon-devices	label=devices-and-services-teams		not_identified	preferred_only	none	machine_learning,security_identity	https://www.amazon.jobs/en/jobs/10492341/software-development-engineer-alexa-connections	c509133182c683dc296dd1e8daa5c0f4d60e1a4b4343f023fde83afff4bd9296
2026-09-16T15:57:53Z	10492391	e9735aec-43e6-4a5b-b41c-aa2c728148f8	Software Development Engineer II, AWS SageMaker AI	US, WA, Bellevue	Bellevue	WA	USA	August 5, 2026		Software Development	aws	label=team-sde-primary		not_identified	basic_qualifications	none	machine_learning,distributed_systems,cloud_infrastructure,embedded_systems,graphics_media,application_backend,operations_observability	https://www.amazon.jobs/en/jobs/10492391/software-development-engineer-ii-aws-sagemaker-ai	3b0da049970972ea2cf8eea717cafa4d94079bd2462c6c3813762aa541fcb6e8
2026-09-16T15:57:53Z	10492392	dae8da54-e302-492b-a8ef-b06adb73ddb1	Software Development Engineer II, AWS SageMaker AI	US, WA, Bellevue	Bellevue	WA	USA	August 5, 2026		Software Development	aws	label=team-sde-primary		not_identified	basic_qualifications	none	machine_learning,distributed_systems,cloud_infrastructure,embedded_systems,graphics_media,application_backend,operations_observability	https://www.amazon.jobs/en/jobs/10492392/software-development-engineer-ii-aws-sagemaker-ai	fbee2793c7eab655da53ef506a7a41a42c15afeabc4d1db5c1e4f6a5b9ace191
2026-09-16T15:57:53Z	10492651	1f06475b-83bf-4061-8cd7-d8382d4ecfae	Software Dev Engineer - Embedded Development (Linux), Amazon Linux	DE, Dresden	Dresden		DEU	August 5, 2026		Software Development	studentprograms	label=team-jobs-for-grads		not_identified	basic_qualifications	none	distributed_systems,cloud_infrastructure,networking,database_search,security_identity,embedded_systems,application_backend,operations_observability	https://www.amazon.jobs/en/jobs/10492651/software-dev-engineer-embedded-development-linux-amazon-linux	f4bb2f0f4a858b3ff53d5cbe9888cbe4446afabb3d12884df78fa9f4f56cf524
2026-09-16T15:57:53Z	10492675	42586351-0f88-4aaa-9678-124255ff5232	Software Development Engineer , Annapurna Labs	IL, Tel Aviv	Tel Aviv		ISR	August 5, 2026		Software Development	aws	label=team-sde-primary		not_identified	basic_qualifications	none	machine_learning,distributed_systems,cloud_infrastructure,security_identity,embedded_systems,application_backend	https://www.amazon.jobs/en/jobs/10492675/software-development-engineer-annapurna-labs	1813ce9f479919729be2a39b5e02c779b3c95c91e5c2e7ee4dc85f751e5b7e0d
2026-09-16T15:57:53Z	10492686	f44edc24-1c6d-44a6-839c-24da98242223	Software Development Engineer - II, Verification Services-Fixed	IN, TS, Hyderabad	Hyderabad	TS	IND	August 5, 2026		Software Development	selling-partner-services	label=no-team-listed		not_identified	preferred_only	none	distributed_systems,security_identity,application_backend	https://www.amazon.jobs/en/jobs/10492686/software-development-engineer-ii-verification-services-fixed	9a162e31b56c0d4398c97c8cf435d1cc93390fc7648debec07d6995b3a0f64f5
2026-09-16T15:57:53Z	10492700	9ad9be49-3dd8-4c40-84f6-7bb844a02fc7	Software Dev Engineer - Embedded Development	DE, BE, Berlin	Berlin	BE	DEU	August 5, 2026		Software Development	studentprograms	label=team-jobs-for-grads		not_identified	basic_qualifications	none	distributed_systems,cloud_infrastructure,database_search,security_identity,embedded_systems,application_backend,operations_observability	https://www.amazon.jobs/en/jobs/10492700/software-dev-engineer-embedded-development	303cf95fe59ed24eeff639648d87f828357e27c153f74feb189f8532bd41a2ca
2026-09-16T15:57:53Z	10492728	98b47834-af59-4bdb-8f9d-e5079ed52669	Software Development Engineer, Open Data Analytics - Engines	US, WA, Redmond	Redmond	WA	USA	August 5, 2026		Software Development	aws	label=team-sde-primary		not_identified	basic_qualifications	mention_only	compiler_mention,distributed_systems,cloud_infrastructure,database_search,security_identity,embedded_systems,application_backend	https://www.amazon.jobs/en/jobs/10492728/software-development-engineer-open-data-analytics-engines	0fd4cd1bcf21109c9a4b3f86f1a5f78780f200812f66926974467c6a130d2d48
2026-09-16T15:57:53Z	10492771	34fb4c63-8c86-4dd5-825c-54c2d45fb13a	Software Development Engineer (Fixed Term Contract), International FBA Tech	IN, KA, Bengaluru	Bengaluru	KA	IND	August 5, 2026		Software Development	aws	label=team-sde-primary		not_identified	preferred_only	none	distributed_systems,database_search	https://www.amazon.jobs/en/jobs/10492771/software-development-engineer-fixed-term-contract-international-fba-tech	7b86191c64ca9b19b3a236f8b92d607b0a36956a99e591f3060d44efbbaba8ff
2026-09-16T15:57:53Z	10493014	39f7bcf4-9dee-404a-861d-07e768b53847	Software Development Engineer - Amazon OpenSearch, OpenSearch Core and Serverless	US, WA, Bellevue	Bellevue	WA	USA	August 5, 2026		Software Development	aws	label=team-sde-primary		not_identified	basic_qualifications	none	distributed_systems,cloud_infrastructure,database_search,embedded_systems,operations_observability	https://www.amazon.jobs/en/jobs/10493014/software-development-engineer-amazon-opensearch-opensearch-core-and-serverless	cbf0094c8f6df9538f3994d621fe53e728f87adde6bae72da3739b530b6cd22d
2026-09-16T15:57:53Z	10493047	e3620136-6385-4c83-9a75-fbfb516e053a	Senior Embedded Software Engineer, Amazon Leo	US, TX, Austin	Austin	TX	USA	August 5, 2026		Software Development	alexa-and-amazon-devices	label=team-project-kuiper		not_identified	basic_qualifications	none	networking,embedded_systems	https://www.amazon.jobs/en/jobs/10493047/senior-embedded-software-engineer-amazon-leo	2e27b3c9a02f9ba7783c64c1b46ac86e4f241c3906fff83d27af958ced6b39e3
2026-09-16T15:57:53Z	10493057	da9a45f9-af8c-4636-8b75-bfd30065cb02	Senior Software Engineer, Network Connectivity Services	US, VA, Arlington	Arlington	VA	USA	August 5, 2026		Software Development	aws	label=team-sde-primary		not_identified	preferred_only	none	distributed_systems,cloud_infrastructure,networking,database_search,security_identity,application_backend,operations_observability	https://www.amazon.jobs/en/jobs/10493057/senior-software-engineer-network-connectivity-services	952e676b5948c4964eb7fb03840e67740159e7873a02981436ac7e188f685237
2026-09-16T15:57:53Z	10493068	e0b196ba-55fd-472f-854e-31f1df386473	Sr. SDE, MLA hardware/software co-design, Annapurna Labs Machine Learning Acceleration	US, TX, Austin	Austin	TX	USA	August 5, 2026		Software Development	aws	label=team-machine-learning-primary		not_identified	preferred_only	none	machine_learning,cloud_infrastructure,database_search,security_identity,embedded_systems,application_backend	https://www.amazon.jobs/en/jobs/10493068/sr-sde-mla-hardware-software-co-design-annapurna-labs-machine-learning-acceleration	87e4a8ec99299ecafd770f3515cc5da2873e4e947e40046d42f3cd07b3b1212e
2026-09-16T15:57:53Z	10493182	2340a8c5-5d97-4013-a56b-408a62715832	Software Development Engineer, AWS Database Migration Service	IE, D, Dublin	Dublin	D	IRL	August 5, 2026		Software Development	aws	label=team-sde-primary		not_identified	preferred_only	none	machine_learning,cloud_infrastructure,database_search,security_identity,application_backend,operations_observability	https://www.amazon.jobs/en/jobs/10493182/software-development-engineer-aws-database-migration-service	a24141d54913702686c0d39ba6e349c2af04c3c1a6a91ce96800b1a986b072cb
2026-09-16T15:57:53Z	10493183	a1dfcaf4-38a8-4483-b055-1c69bdad787f	Software Development Engineer, AWS Database Migration Service	IE, D, Dublin	Dublin	D	IRL	August 5, 2026		Software Development	aws	label=team-sde-primary		not_identified	preferred_only	none	machine_learning,cloud_infrastructure,database_search,security_identity,application_backend,operations_observability	https://www.amazon.jobs/en/jobs/10493183/software-development-engineer-aws-database-migration-service	ef0c9e95093d99a23a783409fd8f32412f24f4d63b22f245d999a8cbcce69e89
2026-09-16T15:57:53Z	10493185	9f91368c-294b-45b2-a37c-272308e21631	Software Development Engineer, AWS Database Migration Service	IE, D, Dublin	Dublin	D	IRL	August 5, 2026		Software Development	aws	label=team-sde-primary		not_identified	preferred_only	none	machine_learning,cloud_infrastructure,database_search,security_identity,application_backend,operations_observability	https://www.amazon.jobs/en/jobs/10493185/software-development-engineer-aws-database-migration-service	93d15f57ea786f40014295140394c9b2276fd66fb99f76162a24d8140bb0aa81
2026-09-16T15:57:53Z	10493189	f20f8031-2796-403c-849b-81c0d983f4de	Software Development Engineer, AWS Database Migration Service	IE, D, Dublin	Dublin	D	IRL	August 5, 2026		Software Development	aws	label=team-sde-primary		not_identified	preferred_only	none	machine_learning,distributed_systems,cloud_infrastructure,database_search,security_identity,application_backend,operations_observability	https://www.amazon.jobs/en/jobs/10493189/software-development-engineer-aws-database-migration-service	5d462e7b70957d5ffa7493ae1d780c4421b486f8dbf83fd62f3a8ea655cc9182
2026-09-16T15:57:53Z	10493266	2d334ec6-cdf2-4b0f-812a-5a03ce0ba2c7	Senior Software Development Engineer	US, NJ, Newark	Newark	NJ	USA	August 5, 2026		Software Development	subsidiaries	label=team-global-audible		not_identified	basic_qualifications	none		https://www.amazon.jobs/en/jobs/10493266/senior-software-development-engineer	35ccba163cc17b22d7a03ffdcc66d15c6dca1e28fda1150f5a86e5cacd7a667f
2026-09-16T15:57:53Z	10493307	863cc69e-ca7b-405b-9c1f-4b458e930d2f	Senior Software Development Engineer, Consumer Domains	US, NJ, Newark	Newark	NJ	USA	August 5, 2026		Software Development	subsidiaries	label=team-global-audible		not_identified	basic_qualifications	none	application_backend	https://www.amazon.jobs/en/jobs/10493307/senior-software-development-engineer-consumer-domains	36c6f5e4d4dbec887018d71bf02f1454ece48a5dd67097a4004c389ebb8c84f4
2026-09-16T15:57:53Z	10493477	8c279161-3156-4c76-be67-288247fdd751	Software Development Engineer III, Annapurna Labs	US, NY, New York	New York	NY	USA	August 5, 2026		Software Development	aws	label=team-machine-learning-primary		not_identified	preferred_only	mention_only	compiler_mention,machine_learning,distributed_systems,cloud_infrastructure,networking,database_search,security_identity,application_backend	https://www.amazon.jobs/en/jobs/10493477/software-development-engineer-iii-annapurna-labs	0c5a664e75f374630916ba4bbbab197d6f3fd5b9890b274c23f2659a003bd4e6
2026-09-16T15:57:53Z	10493497	8528a0a5-ea40-4952-9242-027d419d6e0e	Embedded Software Development Engineer II, AWS Hardware Engineering Services	US, TX, Austin	Austin	TX	USA	August 5, 2026		Software Development	aws	label=team-sde-primary		not_identified	basic_qualifications	none	cloud_infrastructure,networking,database_search,security_identity,embedded_systems,application_backend	https://www.amazon.jobs/en/jobs/10493497/embedded-software-development-engineer-ii-aws-hardware-engineering-services	0c8e2e57f9060948248e907737e64db1573fa8631ee92248b84cd9b9b59c5857
2026-09-16T15:57:53Z	10493498	2d44c8eb-91ff-47ea-9e93-9ee178a23212	Embedded Software Development Engineer II, AWS Hardware Engineering Services	US, TX, Austin	Austin	TX	USA	August 5, 2026		Software Development	aws	label=team-sde-primary		not_identified	basic_qualifications	none	cloud_infrastructure,networking,database_search,security_identity,embedded_systems,application_backend	https://www.amazon.jobs/en/jobs/10493498/embedded-software-development-engineer-ii-aws-hardware-engineering-services	8cbd64291d536788ebdf435ba26d76f7182a32adaa56987ba7afed740fb5328d
2026-09-16T15:57:53Z	10493500	e3a849fc-6d1e-4f20-9f38-3cbfbdee0180	Software Development Engineer - BIOS/UEFI, AWS Hardware Engineering, Firmware Development	US, CA, Cupertino	Cupertino	CA	USA	August 5, 2026		Software Development	aws	label=team-hardware-development-primary		not_identified	preferred_only	none	cloud_infrastructure,embedded_systems,application_backend	https://www.amazon.jobs/en/jobs/10493500/software-development-engineer-bios-uefi-aws-hardware-engineering-firmware-development	aebeafe9806481b5e22ba06e80aa833498edd67bad5df4025f93523005af4879
2026-09-16T15:57:53Z	10493531	57f50b1f-6b45-4435-92e4-be6999f7283b	Software Development Engineer II, Analytics ADC	US, VA, Arlington	Arlington	VA	USA	August 5, 2026		Software Development	aws	label=team-us-security-clearance-jobs-primary		not_identified	basic_qualifications	none	distributed_systems,cloud_infrastructure,networking,database_search,security_identity,embedded_systems,application_backend	https://www.amazon.jobs/en/jobs/10493531/software-development-engineer-ii-analytics-adc	1cb603d9260f9a0cf7e85f93dbf10eecfc220a27d8c848ecc2caa44842a9505b
2026-09-16T15:57:53Z	10493595	376dc596-248d-4551-87b3-cc8d5acec83e	Sr Software Dev Engineer , S3 Foundation	US, VA, Arlington	Arlington	VA	USA	August 5, 2026		Software Development	aws	label=team-aws-cloud-management		not_identified	preferred_only	none	distributed_systems,cloud_infrastructure,networking,database_search,application_backend	https://www.amazon.jobs/en/jobs/10493595/sr-software-dev-engineer-s3-foundation	8f5cdc721dbbe22531a3eaebc428a6c10f103f19dc0f78103dea51406ef5fa3d
2026-09-16T15:57:53Z	10493689	02641eca-c359-4fc2-849b-f4bfa54c3229	Software Development Engineer, Sponsored Products Autonomous Campaigns	US, NY, New York	New York	NY	USA	August 5, 2026		Software Development	advertising	label=team-amazon-ads		not_identified	preferred_only	none	machine_learning,distributed_systems,cloud_infrastructure,application_backend,operations_observability	https://www.amazon.jobs/en/jobs/10493689/software-development-engineer-sponsored-products-autonomous-campaigns	a7ac17f5fea8faac3e3ed9e71f3e1ada3c316b864d8b6e8871cf1b5448b9a343
2026-09-16T15:57:53Z	10493715	9dd28250-c076-48db-b297-2140f6241de7	Software Development Engineer , Software Defined Network Control Plane, Amazon LEO	US, WA, Redmond	Redmond	WA	USA	August 5, 2026		Software Development	alexa-and-amazon-devices	label=team-project-kuiper		not_identified	preferred_only	none	cloud_infrastructure,networking,operations_observability	https://www.amazon.jobs/en/jobs/10493715/software-development-engineer-software-defined-network-control-plane-amazon-leo	b2cd8da65a0bd8f1dd84e0daebe2cff4fd66e803f6c5633c1c6ecc2ccc0037fa
2026-09-16T15:57:53Z	10493791	85a80df6-19c5-42b3-a78d-cb78bb1c7212	Software Dev Engineer II, UTR Tech, UTR Tech	IN, HR, Gurugram	Gurugram	HR	IND	August 6, 2026		Software Development	operations	label=team-last-mile-tech		not_identified	preferred_only	none	distributed_systems,cloud_infrastructure,networking	https://www.amazon.jobs/en/jobs/10493791/software-dev-engineer-ii-utr-tech-utr-tech	6c1439d96f54641a25cf00aea704d337ae5e93fd0cef6754f9543f246fa4b605
2026-09-16T15:57:53Z	10493846	11998cbf-155f-4d1e-9742-ce9dacdeef70	Software Development Engineer, ADSP	GB, MLN, Edinburgh	Edinburgh	MLN	GBR	August 6, 2026		Software Development	advertising	label=team-amazon-ads		not_identified	preferred_only	none	security_identity,application_backend	https://www.amazon.jobs/en/jobs/10493846/software-development-engineer-adsp	0868fdd019e163c90f7d36fc0a2154041009f0c67c66b6ce2bb2e09582b0934e
2026-09-16T15:57:53Z	10493864	34c4ea50-6a58-48aa-a498-5754697ef919	Software Development Engineer, Early Career - 2027, Beijing	CN, 11, Beijing	Beijing	11	CHN	August 6, 2026		Software Development	studentprograms	label=team-jobs-for-grads		not_identified	basic_qualifications	none	distributed_systems,cloud_infrastructure,database_search,frontend_mobile,application_backend,operations_observability	https://www.amazon.jobs/en/jobs/10493864/software-development-engineer-early-career-2027-beijing	24177a77d12d184c8c6969c58935e8863b1c1303d9852dd54c0a50f25feb996c
2026-09-16T15:57:53Z	10494566	c8765ff9-5dc9-46a2-96df-a2e05f3a2e36	Senior Software Development Engineer, Prime Video Sports	IN, KA, Bengaluru	Bengaluru	KA	IND	August 6, 2026		Software Development	entertainment	label=team-primevideo		not_identified	preferred_only	none	distributed_systems,cloud_infrastructure,graphics_media,operations_observability	https://www.amazon.jobs/en/jobs/10494566/senior-software-development-engineer-prime-video-sports	8bf177c7ab8870099e5c5ac73d8c652e2096363b02ec5ede22629a0502d41cf7
2026-09-16T15:57:53Z	10494569	37af2fc5-42f1-43ca-8151-6cded17011ba	Software Development Engineer II, AWS AI & Strategic Partner Engineering	US, WA, Seattle	Seattle	WA	USA	August 6, 2026		Software Development	aws	label=team-sde-primary		not_identified	basic_qualifications	none	machine_learning,distributed_systems,cloud_infrastructure,database_search,security_identity,application_backend	https://www.amazon.jobs/en/jobs/10494569/software-development-engineer-ii-aws-ai-strategic-partner-engineering	f085c4b40071fcb5b049f1735bc3ec6d1571ddcf3bab9e4b8a0d62455f35b348
2026-09-16T15:57:53Z	10494570	b977d889-57ff-45c0-b0c9-5fb99524a85a	Senior Software Engineer, AWS Commercial Application Services	US, CA, Santa Clara	Santa Clara	CA	USA	August 6, 2026		Software Development	aws	label=team-sde-primary		not_identified	preferred_only	none	machine_learning,distributed_systems,cloud_infrastructure,database_search,security_identity,application_backend	https://www.amazon.jobs/en/jobs/10494570/senior-software-engineer-aws-commercial-application-services	ba9b530f0d2f5b75cbce105c09bec086a52a9e1c440522e4ebd688f49b66b6e8
2026-09-16T15:57:53Z	10494586	ae2e6d0b-62a2-441b-8999-9164e1f2b0c7	Senior Software Development Engineer, AWS Fintech	US, WA, Seattle	Seattle	WA	USA	August 6, 2026		Software Development	aws	label=team-fintech-aws		not_identified	preferred_only	none	cloud_infrastructure,operations_observability	https://www.amazon.jobs/en/jobs/10494586/senior-software-development-engineer-aws-fintech	5143dad1e9385565206da6458cda3496c37e6bdac0e06661e32b6f3887c7cb5c
2026-09-16T15:57:53Z	10494773	119d6438-e01b-4e7d-9fbc-fa8951c8c8a1	Software Dev Engineer II, Business Data Technology	IN, KA, Bengaluru	Bengaluru	KA	IND	August 6, 2026		Software Development	ecp	label=team-business-data-technologies		not_identified	preferred_only	none	machine_learning,distributed_systems,cloud_infrastructure,database_search,application_backend	https://www.amazon.jobs/en/jobs/10494773/software-dev-engineer-ii-business-data-technology	53ff2feb79b2017aefc3d033b145726dc57c1d75dbe720d59c56f0f6b7296da4
2026-09-16T15:57:53Z	10494774	4d026db8-ee72-4e54-b3df-2c83c1fc5af9	Software Dev Engineer II, Business Data Technology	IN, KA, Bengaluru	Bengaluru	KA	IND	August 6, 2026		Software Development	ecp	label=team-business-data-technologies		not_identified	preferred_only	none	machine_learning,distributed_systems,cloud_infrastructure,database_search,application_backend	https://www.amazon.jobs/en/jobs/10494774/software-dev-engineer-ii-business-data-technology	e1f14109808363e808b0362b824e09a65dfcb45cb004891e2e062dd434f9ff18
2026-09-16T15:57:53Z	10494838	00b28b39-339a-44cb-84aa-ffe2b1bb68f5	Sr. Software Development Engineer, Aurora Storage	US, WA, Redmond	Redmond	WA	USA	August 6, 2026		Software Development	aws	label=team-sde-primary		not_identified	preferred_only	none	distributed_systems,cloud_infrastructure,database_search,security_identity,application_backend	https://www.amazon.jobs/en/jobs/10494838/sr-software-development-engineer-aurora-storage	47d00c335230a4a18b7bfa1525b41193d14f91a5a2a296efa1d6fc282f6c4556
2026-09-16T15:57:53Z	10494842	0739d45d-1d4b-4d03-9ddd-3a200da28412	Software Development Engineer, Amazon Device Observability & Troubleshooting Team	IN, KA, Bengaluru	Bengaluru	KA	IND	August 6, 2026		Software Development	alexa-and-amazon-devices	label=devices-and-services-teams		not_identified	preferred_only	none	distributed_systems,operations_observability	https://www.amazon.jobs/en/jobs/10494842/software-development-engineer-amazon-device-observability-troubleshooting-team	853f97eff7ddc1acb51d45dbb204df71cb203bd26fed10015232bbd2541b8fc0
2026-09-16T15:57:53Z	10494945	6c1d56de-dfc1-4e1f-b368-8723cbdc5814	Senior Software Engineer, AWS Container Registry	US, NY, New York	New York	NY	USA	August 6, 2026		Software Development	aws	label=team-sde-primary		not_identified	preferred_only	none	cloud_infrastructure,networking,security_identity,application_backend	https://www.amazon.jobs/en/jobs/10494945/senior-software-engineer-aws-container-registry	7fd8299471c17b22037b0aed1d273ced0807c0628f85e9f3b252fd5697e8c8f4
2026-09-16T15:57:53Z	10495033	9fe35d9b-2893-428a-8215-542515bf26bb	Software Development Engineer II, Network Platform Development	US, WA, Seattle	Seattle	WA	USA	August 6, 2026		Software Development	aws	label=team-sde-primary		not_identified	basic_qualifications	none	distributed_systems,cloud_infrastructure,networking,database_search,security_identity,embedded_systems,application_backend	https://www.amazon.jobs/en/jobs/10495033/software-development-engineer-ii-network-platform-development	2b9b85e48fff89ab19c6e06b7f08f9d863ae9794354d4dd9e63c03dcf0835ab2
2026-09-16T15:57:53Z	10495036	8dd46b07-119b-4129-8e06-9ec98fb8d8c9	Software Development Engineer (Embedded), AWS Platforms	US, WA, Seattle	Seattle	WA	USA	August 6, 2026		Software Development	aws	label=team-sde-primary		not_identified	preferred_only	none	cloud_infrastructure,networking,database_search,security_identity,embedded_systems,application_backend	https://www.amazon.jobs/en/jobs/10495036/software-development-engineer-embedded-aws-platforms	a215258383745b981268f48a50d07b69f46052d8754a27f496ea999eb284574e
2026-09-16T15:57:53Z	10495277	ecc41d5b-8a92-492a-ab76-4b2d23eda89f	Software Dev Engineer II	IN, KA, Bengaluru	Bengaluru	KA	IND	August 6, 2026		Software Development	selling-partner-services	label=no-team-listed		not_identified	preferred_only	none	machine_learning,distributed_systems,cloud_infrastructure,frontend_mobile,application_backend	https://www.amazon.jobs/en/jobs/10495277/software-dev-engineer-ii	aa1d8cef9676a5d6ba1b8e503adc690432bd23f9de90d27f04ca4b871b4d4ffc
2026-09-16T15:57:53Z	10495361	2a43e9dc-1249-49f8-a541-5f48d04c3a3f	Robot Embedded Senior Software Engineer	US, MA, North Reading	North Reading	MA	USA	August 6, 2026		Software Development	subsidiaries	label=team-amazon-robotics		not_identified	basic_qualifications	none	embedded_systems,graphics_media	https://www.amazon.jobs/en/jobs/10495361/robot-embedded-senior-software-engineer	73b74867a560594924f702737f5df1391da799c0d99a5f21cb7defb1d86d88fb
2026-09-16T15:57:53Z	10495378	347e456e-e692-411c-866c-94d46401ba5e	Software Development Engineer, Billing Data Services	US, WA, Seattle	Seattle	WA	USA	August 6, 2026		Software Development	aws	label=team-sde-primary		not_identified	basic_qualifications	none	distributed_systems,cloud_infrastructure,database_search,embedded_systems,operations_observability	https://www.amazon.jobs/en/jobs/10495378/software-development-engineer-billing-data-services	a0d4ecdfa30a571ee78f1a1830697b45d5cd6659d533b96dd7c157ec652da3aa
2026-09-16T15:57:53Z	10495388	a0f3872c-d654-4836-a42b-56e557aed429	Lead SDE C/C++ Hardware/Software Co-Design, Machine Learning Acceleration Systems	US, CA, Cupertino	Cupertino	CA	USA	August 6, 2026		Software Development	aws	label=team-sde-primary		not_identified	preferred_only	none	machine_learning,cloud_infrastructure,networking,embedded_systems,application_backend	https://www.amazon.jobs/en/jobs/10495388/lead-sde-c-c-hardware-software-co-design-machine-learning-acceleration-systems	ae55857c22acc2ec4267c9afc98aeb15cafcb9aaabb9f7412987425a544c5c38
2026-09-16T15:57:53Z	10495487	b5f41933-48be-4d8b-acfb-a816b144191e	ML Software Engineer, Data Plane	IL, Tel Aviv	Tel Aviv		ISR	August 7, 2026		Software Development	aws	label=team-sde-primary		not_identified	basic_qualifications	mention_only	compiler_mention,machine_learning,distributed_systems,cloud_infrastructure,networking,embedded_systems,graphics_media	https://www.amazon.jobs/en/jobs/10495487/ml-software-engineer-data-plane	b51198b2723bac7d8c073cf93ef0bcc9dc5db97743d85651cc6c46123ed05648
2026-09-16T15:57:53Z	10495532	633e393e-ca7d-470e-b5a1-50207671724f	SDE	IN, KA, Bengaluru	Bengaluru	KA	IND	August 7, 2026		Software Development	no-business-category	label=no-team-listed		not_identified	basic_qualifications	none		https://www.amazon.jobs/en/jobs/10495532/sde	1fdfdc4d88513066727bf86acfd07741d513054340df9b56c3276ab9236be779
2026-09-16T15:57:53Z	10495766	89ba28e6-5e80-4b83-8cce-66833fc69db7	Software Development Engineer, Amazon Quick	US, CA, Santa Clara	Santa Clara	CA	USA	August 7, 2026		Software Development	aws	label=team-sde-primary		not_identified	basic_qualifications	none	machine_learning,distributed_systems,cloud_infrastructure,embedded_systems	https://www.amazon.jobs/en/jobs/10495766/software-development-engineer-amazon-quick	b99359feb9b437e1d3a5ae356ee81b326221827cee4c3be2e3f3c608c2bd9909
2026-09-16T15:57:53Z	10495807	9928a321-4e3b-4868-9789-64662bdbddfb	Software Development Engineer II - Threat Intelligence Systems, ACTI Engineering	US, VA, Herndon	Herndon	VA	USA	August 7, 2026		Software Development	amazon-security	label=amazon-integrated-security		not_identified	basic_qualifications	none	distributed_systems,cloud_infrastructure,database_search,security_identity,embedded_systems,frontend_mobile,application_backend,operations_observability	https://www.amazon.jobs/en/jobs/10495807/software-development-engineer-ii-threat-intelligence-systems-acti-engineering	749ed0270037a4d9f5e11a670fe702776322da07a53d9df4c27f846336a7d62d
2026-09-16T15:57:53Z	10496038	4ad47d2c-db17-42e9-bce4-663cb2e48228	Software Development Engineer, Kiro	US, OR, Portland	Portland	OR	USA	August 7, 2026		Software Development	aws	label=team-sde-primary		not_identified	basic_qualifications	none	machine_learning,distributed_systems,cloud_infrastructure,security_identity,embedded_systems	https://www.amazon.jobs/en/jobs/10496038/software-development-engineer-kiro	a6bcf554df155ef353b5883f4f416404fc001058a53243cdc8fe3f72167704e4
2026-09-16T15:57:53Z	10496059	7faca3e1-bcf3-4fab-9902-d44eced0b640	Software Development Engineer, AWS Route 53 Global Resolver, AWS Route 53 Global Resolver	US, VA, Herndon	Herndon	VA	USA	August 7, 2026		Software Development	aws	label=team-sde-primary		not_identified	preferred_only	none	distributed_systems,cloud_infrastructure,networking,database_search,security_identity,application_backend	https://www.amazon.jobs/en/jobs/10496059/software-development-engineer-aws-route-53-global-resolver-aws-route-53-global-resolver	6bbdbec9f1557f6be66c185d8421df88830d7922ff0eaf661ca19a78a2e255f2
2026-09-16T15:57:53Z	10496060	cf75eaff-660e-49d8-9bc3-f8c6da6c70b3	Software Development Engineer, AWS Route 53 Global Resolver, AWS Route 53 Global Resolver	US, VA, Herndon	Herndon	VA	USA	August 7, 2026		Software Development	aws	label=team-sde-primary		not_identified	preferred_only	none	distributed_systems,cloud_infrastructure,networking,database_search,security_identity,application_backend	https://www.amazon.jobs/en/jobs/10496060/software-development-engineer-aws-route-53-global-resolver-aws-route-53-global-resolver	a06befdeb1b5dd9ee30c32737ff8cadac1956440c5635ada842d7d627a93a64d
2026-09-16T15:57:53Z	10496073	a76cf39d-81b3-4c1e-8eec-f2404da4229d	Software Development Engineer II, AWS Compliance & Security Assurance, Denied Party Screening, Denied Party Screening	IN, KA, Bengaluru	Bengaluru	KA	IND	August 7, 2026		Software Development	amazon-security	label=team-aws-security		not_identified	preferred_only	none	machine_learning,distributed_systems,cloud_infrastructure,security_identity	https://www.amazon.jobs/en/jobs/10496073/software-development-engineer-ii-aws-compliance-security-assurance-denied-party-screening-denied-party-screening	0720294f9ba9d57dbc18269786fbba122097fef5af09b29e18ad2e049a900b9e
2026-09-16T15:57:53Z	10496075	3249b217-5437-46c7-b73f-01a692ac7fda	Software Development Engineer II, AWS Compliance & Security Assurance, Denied Party Screening	IN, KA, Bengaluru	Bengaluru	KA	IND	August 7, 2026		Software Development	amazon-security	label=team-aws-security		not_identified	preferred_only	none	machine_learning,distributed_systems,cloud_infrastructure,security_identity	https://www.amazon.jobs/en/jobs/10496075/software-development-engineer-ii-aws-compliance-security-assurance-denied-party-screening	cac3546d86e654f225437a67f8cd01d647578ce57cea47a968822d53d441b01c
2026-09-16T15:57:53Z	10496096	0ed0a8bf-9cb7-4c24-827b-dac7479dcd7f	Software Development Engineer – Big Data, AWS Elastic MapReduce (EMR), EMR EKS	US, CA, East Palo Alto	East Palo Alto	CA	USA	August 7, 2026		Software Development	aws	label=team-sde-primary		not_identified	preferred_only	none	distributed_systems,cloud_infrastructure,database_search,security_identity,application_backend,operations_observability	https://www.amazon.jobs/en/jobs/10496096/software-development-engineer-big-data-aws-elastic-mapreduce-emr-emr-eks	2d8dd52aecd8b36697c70f66d7846f1ed2974df4f3b5684466cd258d48c000e6
2026-09-16T15:57:53Z	10496148	4e579101-3ff8-4663-a4be-b4f3dc9e95a9	Sr. Software Development Engineer, AWS Marketplace Buyer Fulfillment	US, NY, New York	New York	NY	USA	August 7, 2026		Software Development	aws	label=team-sde-primary		not_identified	preferred_only	none	distributed_systems,cloud_infrastructure,database_search,frontend_mobile,application_backend	https://www.amazon.jobs/en/jobs/10496148/sr-software-development-engineer-aws-marketplace-buyer-fulfillment	ca5d0884dc7930dbd2dfa26b17bb1fde371a6c397267a20b98d0237674cc0114
2026-09-16T15:57:53Z	10496156	f54b8523-8bb8-444d-845c-e172cf0fe219	Device Software Engineer, Amazon Leo Government	US, CA, El Segundo	El Segundo	CA	USA	August 7, 2026		Software Development	alexa-and-amazon-devices	label=team-project-kuiper		not_identified	preferred_only	none	distributed_systems,networking,embedded_systems	https://www.amazon.jobs/en/jobs/10496156/device-software-engineer-amazon-leo-government	9ee14fe21619d233b43e699c8be5e0a8247bfb2be2a12abeeba39816dfcbef89
2026-09-16T15:57:53Z	10496187	c3a5b9e3-a570-44bb-b1f2-62fb24be0f2c	SDE II - Financial Risk Mitigation, Reserve Auditing and Disbursement	US, WA, Seattle	Seattle	WA	USA	August 7, 2026		Software Development	selling-partner-services	label=no-team-listed		not_identified	basic_qualifications	none	cloud_infrastructure	https://www.amazon.jobs/en/jobs/10496187/sde-ii-financial-risk-mitigation-reserve-auditing-and-disbursement	3b6a9c296315259420d87133acb71c9a185b3d1d698908a028639ba1a802552f
2026-09-16T15:57:53Z	10496190	e33e58bc-0063-4f99-9085-292668da0840	Software Development Engineer, Amazon Leo GBO Engineering	US, WA, Bellevue	Bellevue	WA	USA	August 7, 2026		Software Development	alexa-and-amazon-devices	label=team-project-kuiper		not_identified	preferred_only	none	cloud_infrastructure,networking	https://www.amazon.jobs/en/jobs/10496190/software-development-engineer-amazon-leo-gbo-engineering	800d976187cdc16d85dcfe86b68b89d96d86940ab51dfda4eb5f0c1cdcf47d4a
2026-09-16T15:57:53Z	10496215	2caecde1-2911-4a17-a81a-037961682751	Software Development Engineer II, AWS Catalog	US, WA, Bellevue	Bellevue	WA	USA	August 7, 2026		Software Development	aws	label=team-sde-primary		not_identified	basic_qualifications	none	distributed_systems,cloud_infrastructure,networking,database_search,embedded_systems,application_backend	https://www.amazon.jobs/en/jobs/10496215/software-development-engineer-ii-aws-catalog	6511389b9b6982efa31c1daa2dd0025ac1fe6f476e6a310591dfbc673300b892
2026-09-16T15:57:53Z	10496234	4ef4e51b-af4e-4a09-9533-452e138abd8d	Software Development Engineer, S3 Index Control Plane	CA, BC, Vancouver	Vancouver	BC	CAN	August 7, 2026		Software Development	aws	label=team-sde-primary		not_identified	preferred_only	none	distributed_systems,cloud_infrastructure,database_search,security_identity,graphics_media,application_backend,operations_observability	https://www.amazon.jobs/en/jobs/10496234/software-development-engineer-s3-index-control-plane	2372a6985a8368e1cae7e51ddfe56328873cce46af5c6f5e6e18dec94bc1b2f0
2026-09-16T15:57:53Z	10496235	7bfca5a5-4518-4508-81c8-dff0d14c9227	Software Development Engineer II, AWS Catalog	US, WA, Bellevue	Bellevue	WA	USA	August 7, 2026		Software Development	aws	label=team-sde-primary		not_identified	basic_qualifications	none	distributed_systems,cloud_infrastructure,networking,database_search,embedded_systems,application_backend	https://www.amazon.jobs/en/jobs/10496235/software-development-engineer-ii-aws-catalog	275e2ada7905b1f2e48d4a18cec21171e914fc39c1d856b0aa6d605e5cabae0f
2026-09-16T15:57:53Z	10496263	49bd2c00-8d3c-436c-ae09-b462ea7bc7ed	Software Dev Engineer II	US, WA, Seattle	Seattle	WA	USA	August 7, 2026		Software Development	amazon-business	label=no-team-listed		not_identified	basic_qualifications	none	distributed_systems,embedded_systems,frontend_mobile,application_backend	https://www.amazon.jobs/en/jobs/10496263/software-dev-engineer-ii	e1fa64f6f5a18b23671f23c73f1b987978a6e176d2da2e53107ff0dbec14525e
2026-09-16T15:57:53Z	10496268	e244708f-58e7-4578-8852-2167a8bbe055	Software Development Engineer II, AWS EKS	US, WA, Seattle	Seattle	WA	USA	August 7, 2026		Software Development	aws	label=team-sde-primary		not_identified	basic_qualifications	none	distributed_systems,cloud_infrastructure,networking,database_search,application_backend,operations_observability	https://www.amazon.jobs/en/jobs/10496268/software-development-engineer-ii-aws-eks	f2bb4ab36e4c1ae7664f3352b560f16ebc219122565e91b95bedeed4214b440a
2026-09-16T15:57:53Z	10496348	f27c445e-532f-4068-b664-6100fbc7cb8f	Embedded Software Engineer, Leo Autopilot	US, WA, Redmond	Redmond	WA	USA	August 7, 2026		Software Development	alexa-and-amazon-devices	label=team-project-kuiper		not_identified	preferred_only	none	cloud_infrastructure,embedded_systems	https://www.amazon.jobs/en/jobs/10496348/embedded-software-engineer-leo-autopilot	c56e67f40348fac54c2b1b7b7c40ec54ba7efaac9285e1cc738ed51384cd3c10
2026-09-16T15:57:53Z	10496425	b5c9e5d0-6f92-4ac1-8399-19923ffb9026	Sr Software Engineer, AWS Managed Backend Services	US, WA, Seattle	Seattle	WA	USA	August 7, 2026		Software Development	aws	label=team-sde-primary		not_identified	preferred_only	none	cloud_infrastructure,database_search,security_identity,frontend_mobile,application_backend	https://www.amazon.jobs/en/jobs/10496425/sr-software-engineer-aws-managed-backend-services	233139a0ffae5140f777442b12132de4caa8994199282bae9ca85523f3b99ec8
2026-09-16T15:57:53Z	10496432	5e9e0b06-66be-4490-aea5-1b3d48ebfada	Software Development Engineer, AI/ML, AWS Neuron, Model Inference	US, CA, Cupertino	Cupertino	CA	USA	August 7, 2026		Software Development	aws	label=team-machine-learning-primary		not_identified	basic_qualifications	mention_only	compiler_mention,machine_learning,distributed_systems,cloud_infrastructure,embedded_systems,application_backend	https://www.amazon.jobs/en/jobs/10496432/software-development-engineer-ai-ml-aws-neuron-model-inference	c4f6ec61cd79c76c03b778033c37364859b3c6051808e913d42ca7675bd212b8
2026-09-16T15:57:53Z	10496451	8d710ea6-bcbb-4082-a2bf-7abf5fd1610c	Software Dev Engineer - AI Agents, IES LATech	BR, SP, Sao Paulo	Sao Paulo	SP	BRA	August 8, 2026		Software Development	retail	label=team-intech		not_identified	preferred_only	none	machine_learning	https://www.amazon.jobs/en/jobs/10496451/software-dev-engineer-ai-agents-ies-latech	43f37dcb1a037a27f82584d8bf97096507a8f3c3810b8dd13cb66ad898f7739e
2026-09-16T15:57:53Z	10496454	814953c4-a5b1-48a1-acad-457674b1df76	Software Dev Engineer - AI Agents, IES LATech	BR, SP, Sao Paulo	Sao Paulo	SP	BRA	August 8, 2026		Software Development	retail	label=team-intech		not_identified	preferred_only	none	machine_learning	https://www.amazon.jobs/en/jobs/10496454/software-dev-engineer-ai-agents-ies-latech	c70d3bb8c13ba8b415fadccf72b86b677063a750421c4a413994adf7a9aac037
2026-09-16T15:57:53Z	10496455	cfe519cb-d5af-4aa3-9148-22c325dcf2d9	Software Dev Engineer - AI Agents, IES LATech	BR, SP, Sao Paulo	Sao Paulo	SP	BRA	August 8, 2026		Software Development	retail	label=team-intech		not_identified	preferred_only	none	machine_learning	https://www.amazon.jobs/en/jobs/10496455/software-dev-engineer-ai-agents-ies-latech	a82cf322f40006066e2b60c02fa3e04aa29e9ae4339f6a9b967180c5e656f7a5
2026-09-16T15:57:53Z	10496467	3bc2b8de-04ec-495a-8bf8-30ccd35f0115	Software Development Engineer, Amazon Lists	US, WA, Seattle	Seattle	WA	USA	August 8, 2026		Software Development	consumer_engagement	label=no-team-listed		not_identified	basic_qualifications	none	machine_learning,distributed_systems,embedded_systems,application_backend	https://www.amazon.jobs/en/jobs/10496467/software-development-engineer-amazon-lists	82264303dfb0b28a9967d4e3a4f40e5ce098832a7f3db40a674f5475651509a2
2026-09-16T15:57:53Z	10496494	91aa78e5-cfa5-432f-9621-83dcf0591690	Sr. Software Dev Engineer, SageMaker AI	US, WA, Seattle	Seattle	WA	USA	August 8, 2026		Software Development	aws	label=team-aws-sdm		not_identified	preferred_only	none	machine_learning,distributed_systems,cloud_infrastructure,application_backend	https://www.amazon.jobs/en/jobs/10496494/sr-software-dev-engineer-sagemaker-ai	895c63b4535d1f1ca0436e20ae61843dfaee02802c54b0703cd6f08cb39f7930
2026-09-16T15:57:53Z	10496495	1aa8e8db-0c36-4737-8b74-40e252c15ffb	Sr. Software Dev Engineer, SageMaker AI	US, WA, Seattle	Seattle	WA	USA	August 8, 2026		Software Development	aws	label=team-aws-sdm		not_identified	preferred_only	none	machine_learning,distributed_systems,cloud_infrastructure,application_backend	https://www.amazon.jobs/en/jobs/10496495/sr-software-dev-engineer-sagemaker-ai	816a5c0f3f2fe60c71a92b1b6ad56018c0182d147b19bca81a3bfffdf9b7febf
2026-09-16T15:57:53Z	10496496	7302fa63-c6ea-4381-afdc-5dc8a2ed8648	Sr. Software Dev Engineer, SageMaker AI	US, WA, Seattle	Seattle	WA	USA	August 8, 2026		Software Development	aws	label=team-aws-sdm		not_identified	preferred_only	none	machine_learning,distributed_systems,cloud_infrastructure,application_backend	https://www.amazon.jobs/en/jobs/10496496/sr-software-dev-engineer-sagemaker-ai	a709e8eb8403e432d038f06f43090b7457af169b5610bd45e1d161b0c224b81e
2026-09-16T15:57:53Z	10496564	1c6d45cc-e749-4e6e-8638-d6c44afe8c03	Software Development Engineer, Early Career - 2027, Shanghai	CN, 31, Shanghai	Shanghai	31	CHN	August 10, 2026		Software Development	studentprograms	label=team-jobs-for-grads		not_identified	basic_qualifications	none	distributed_systems,cloud_infrastructure,database_search,application_backend,operations_observability	https://www.amazon.jobs/en/jobs/10496564/software-development-engineer-early-career-2027-shanghai	5dabb3e1d69dab0a3feea222253b23b6a54bb5ce2f6f9caacef334bf68e245dd
2026-09-16T15:57:53Z	10496580	9a9ec553-5ddd-4ad0-aa17-875a14d669af	Software Development Engineer, Ring Persistent Connection Service (PCS)	CA, ON, Toronto	Toronto	ON	CAN	August 10, 2026		Software Development	alexa-and-amazon-devices	label=team-ring-key-blink		not_identified	preferred_only	none	machine_learning,distributed_systems,cloud_infrastructure,security_identity,embedded_systems,frontend_mobile,application_backend,operations_observability	https://www.amazon.jobs/en/jobs/10496580/software-development-engineer-ring-persistent-connection-service-pcs	40a935fe58a6cb8b25f4ef7d7c6e74234f762c4032cf40df6e3c1b7cd54e5f3d
2026-09-16T15:57:53Z	10496608	fcea7bf6-abfe-4c32-a1f7-b5b4a1212af7	Software Development Engineer - Prime Video Linear, Prime Video	IN, KA, Bengaluru	Bengaluru	KA	IND	August 10, 2026		Software Development	entertainment	label=team-pv-linear		not_identified	preferred_only	none	cloud_infrastructure,database_search,graphics_media,application_backend,operations_observability	https://www.amazon.jobs/en/jobs/10496608/software-development-engineer-prime-video-linear-prime-video	d74d81e5b6a828f01f3f99f4a3972190058c43ac0744d59c9040ebb246586424
2026-09-16T15:57:53Z	10496976	4ceb5142-4e48-4adf-83f0-aa16363a5c84	Software Development Engineer - Security Automation, AWS Security Epoxy	FR, Courbevoie	Courbevoie		FRA	August 10, 2026		Software Development	amazon-security	label=team-aws-security		not_identified	basic_qualifications	none	cloud_infrastructure,database_search,security_identity,frontend_mobile,operations_observability	https://www.amazon.jobs/en/jobs/10496976/software-development-engineer-security-automation-aws-security-epoxy	868f1a4712823a523d64fc38be9629b8acdc9c9af48397db73ad498d15928cd5
2026-09-16T15:57:53Z	10496986	9a4cc9a4-6dbd-4d8c-83d6-3d8db800db60	Software Development Engineer, AWS Security, HawkEye	US, MD, Annapolis Junction	Annapolis Junction	MD	USA	August 10, 2026		Software Development	amazon-security	label=team-aws-security		not_identified	preferred_only	none	distributed_systems,cloud_infrastructure,security_identity,operations_observability	https://www.amazon.jobs/en/jobs/10496986/software-development-engineer-aws-security-hawkeye	79d2b486db219c5485c2a847f967689a70b608ed6aa27801449a790871e70865
2026-09-16T15:57:53Z	10497019	7d0c20c7-22ee-4aff-a6c1-178fb9c2b0f9	Software Development Engineer, AWS Marketplace Catalog Search	US, WA, Seattle	Seattle	WA	USA	August 10, 2026		Software Development	aws	label=team-sde-primary		not_identified	basic_qualifications	none	machine_learning,distributed_systems,cloud_infrastructure,networking,database_search,embedded_systems,application_backend,operations_observability	https://www.amazon.jobs/en/jobs/10497019/software-development-engineer-aws-marketplace-catalog-search	571029af04a8cc5ba3c2dd7e9fbd8c8896c11905407098ce0f691ebf7cb5e065
2026-09-16T15:57:53Z	10497034	2dd1b1a2-c738-4677-9180-8ad37bd9828d	Software Development Engineer, Amazon S3 Index	US, WA, Seattle	Seattle	WA	USA	August 10, 2026		Software Development	aws	label=team-sde-primary		not_identified	basic_qualifications	none	distributed_systems,cloud_infrastructure,database_search,security_identity,embedded_systems,graphics_media,application_backend,operations_observability	https://www.amazon.jobs/en/jobs/10497034/software-development-engineer-amazon-s3-index	a158d52510f7573cade1801c9a0c7f08c6253773ad2b1397866da6d95d9b2a44
2026-09-16T15:57:53Z	10497126	50c6b4a4-c70a-461a-b601-c4ca11578385	Software Dev Engineer II , Selection Management - Subscribe & Save	IN, KA, Bengaluru	Bengaluru	KA	IND	August 10, 2026		Software Development	no-business-category	label=no-team-listed		not_identified	basic_qualifications	none	distributed_systems,database_search	https://www.amazon.jobs/en/jobs/10497126/software-dev-engineer-ii-selection-management-subscribe-save	2cec1a1cca49b9f822b115b24fd095e6356bf70e4e351a2f0211a67570a623e4
2026-09-16T15:57:53Z	10497172	8f8e944d-026c-492d-b625-52e9525779f2	Software Development Engineer, S3 Index Control Plane	CA, BC, Vancouver	Vancouver	BC	CAN	August 10, 2026		Software Development	aws	label=team-sde-primary		not_identified	preferred_only	none	distributed_systems,cloud_infrastructure,database_search,security_identity,graphics_media,application_backend,operations_observability	https://www.amazon.jobs/en/jobs/10497172/software-development-engineer-s3-index-control-plane	1e9555c304bdb5786c11999b4fa9487c868c38efef14d5b23991d7ccf0d0ec9d
2026-09-16T15:57:53Z	10497173	b62856f8-e0f9-4de6-b550-f1f525b3d2ec	Software Development Engineer, Amazon Integrated Security	US, WA, Seattle	Seattle	WA	USA	August 10, 2026		Software Development	amazon-security	label=no-team-list		not_identified	preferred_only	none	cloud_infrastructure,security_identity,operations_observability	https://www.amazon.jobs/en/jobs/10497173/software-development-engineer-amazon-integrated-security	591925e859cae6f65b2548e6f7ad5a9043b8042f206828cd029d75ba802fc14c
2026-09-16T15:57:53Z	10497178	082d5b06-a699-4376-9a90-7a50b5c84db4	Software Development Engineer, S3 Index Control Plane	CA, BC, Vancouver	Vancouver	BC	CAN	August 10, 2026		Software Development	aws	label=team-sde-primary		not_identified	preferred_only	none	distributed_systems,cloud_infrastructure,database_search,security_identity,graphics_media,application_backend,operations_observability	https://www.amazon.jobs/en/jobs/10497178/software-development-engineer-s3-index-control-plane	c051605c00ecafc76b40c313e2d14bb047ffd8362116ffb75ab8d15c3eedae04
2026-09-16T15:57:53Z	10497180	604df850-4a4e-4c2e-abfa-e460618cff36	Software Development Engineer, S3 Index Control Plane	CA, BC, Vancouver	Vancouver	BC	CAN	August 10, 2026		Software Development	aws	label=team-sde-primary		not_identified	preferred_only	none	distributed_systems,cloud_infrastructure,database_search,security_identity,graphics_media,application_backend,operations_observability	https://www.amazon.jobs/en/jobs/10497180/software-development-engineer-s3-index-control-plane	0356d2508e6d81ac63189df915cb44ecceeefe90dd23bc839b978ec3bed6251a
2026-09-16T15:57:53Z	10497203	0059d868-56de-49d6-9228-2a79b94a50d2	Software Development Engineer, Amazon OpenSearch Service - Control Plane	IN, KA, Bengaluru	Bengaluru	KA	IND	August 10, 2026		Software Development	aws	label=team-sde-primary		not_identified	preferred_only	none	distributed_systems,cloud_infrastructure,database_search,security_identity,application_backend	https://www.amazon.jobs/en/jobs/10497203/software-development-engineer-amazon-opensearch-service-control-plane	786ed86548639be5f61ea8ea2df064d0b1379e5a76b8420892a44a259d7fa48d
2026-09-16T15:57:53Z	10497206	1bdf3e52-f83f-444c-abb7-8167ee125189	Software Development Engineer, Amazon OpenSearch Service - Control Plane	IN, KA, Bengaluru	Bengaluru	KA	IND	August 10, 2026		Software Development	aws	label=team-sde-primary		not_identified	preferred_only	none	distributed_systems,cloud_infrastructure,database_search,security_identity,application_backend	https://www.amazon.jobs/en/jobs/10497206/software-development-engineer-amazon-opensearch-service-control-plane	d1bf9f0a46d2a53de4579d1d99a74cec0ad8ef576874afab03928d5419bfef3b
2026-09-16T15:57:53Z	10497224	9093c5d0-9569-4f80-b6b8-b7217016800f	Sr. Software Engineer- AI/ML, AWS Neuron Distributed Training	US, CA, Cupertino	Cupertino	CA	USA	August 10, 2026		Software Development	aws	label=team-sde-primary		not_identified	basic_qualifications	mention_only	compiler_mention,machine_learning,distributed_systems,cloud_infrastructure,database_search,application_backend	https://www.amazon.jobs/en/jobs/10497224/sr-software-engineer-ai-ml-aws-neuron-distributed-training	a043667941b4ef44111b3cc469cfa23d396154d967f96c12cddcf3037c9baf76
2026-09-16T15:57:53Z	10497270	b402326e-3af4-4e2d-a9c3-87713373570a	Software Development Engineer, AWS - Amazon EKS	US, WA, Seattle	Seattle	WA	USA	August 10, 2026		Software Development	aws	label=team-sde-primary		not_identified	basic_qualifications	none	distributed_systems,cloud_infrastructure,embedded_systems,application_backend,operations_observability	https://www.amazon.jobs/en/jobs/10497270/software-development-engineer-aws-amazon-eks	d45483079a4866449cbe419107c804c8fc284d5bfea165bc64b903c80a94437c
2026-09-16T15:57:53Z	10497291	28b405ab-03e5-4af9-b4ba-6e93debbec5f	Senior Software Engineer, Athena Engine Front End	US, NY, New York	New York	NY	USA	August 10, 2026		Software Development	aws	label=team-sde-primary		not_identified	preferred_only	none	distributed_systems,cloud_infrastructure,networking,database_search,frontend_mobile,application_backend	https://www.amazon.jobs/en/jobs/10497291/senior-software-engineer-athena-engine-front-end	5644cf3fdb0d1639e5d09806a80e10c97a73152da8dcde869d15ad232f74d1eb
2026-09-16T15:57:53Z	10497369	1b6e324e-e1ef-4a00-92f8-9e5ceec032e3	Embedded Software Engineer II, Autonomy Platform, Data and Tools	US, MA, North Reading	North Reading	MA	USA	August 10, 2026		Software Development	subsidiaries	label=team-amazon-robotics		not_identified	basic_qualifications	none	cloud_infrastructure,networking,embedded_systems,graphics_media,application_backend	https://www.amazon.jobs/en/jobs/10497369/embedded-software-engineer-ii-autonomy-platform-data-and-tools	aa610f8a2ffddb6bac296c4ac5d4e5455b918539b38d8906af2421ca4ac5b9e4
2026-09-16T15:57:53Z	10497376	86f6934e-877b-4f46-8766-f80b911130c3	Software Development Engineer, Amazon Leo for Government - Leo Modem Module Software Team	US, WA, Redmond	Redmond	WA	USA	August 10, 2026		Software Development	alexa-and-amazon-devices	label=team-project-kuiper		not_identified	basic_qualifications	none	distributed_systems,networking,embedded_systems	https://www.amazon.jobs/en/jobs/10497376/software-development-engineer-amazon-leo-for-government-leo-modem-module-software-team	635fd18d0395a9280cee078c09bb3664af587a3a04dc54734177e74241d7ea30
2026-09-16T15:57:53Z	10497690	5d288648-a764-4959-96a4-3ccb2a2cd7b8	Sr. Software Dev Engineer, EBS	US, MA, Boston	Boston	MA	USA	August 10, 2026		Software Development	aws	label=team-sde-primary		not_identified	preferred_only	none	distributed_systems,cloud_infrastructure,networking,database_search,graphics_media,operations_observability	https://www.amazon.jobs/en/jobs/10497690/sr-software-dev-engineer-ebs	c828b51b0ddd31b19189c72d95fa6964e86fb7930c7d3f6d31045c8b6fa9d898
2026-09-16T15:57:53Z	10497704	7b4330f5-80fd-4c79-81ab-d9b11bacccf5	Software Development Engineer II, Amazon Music Search	IN, KA, Bengaluru	Bengaluru	KA	IND	August 10, 2026		Software Development	entertainment	label=team-music		not_identified	preferred_only	none	distributed_systems,database_search	https://www.amazon.jobs/en/jobs/10497704/software-development-engineer-ii-amazon-music-search	1f1b4f46c374d3edaba01b6e5ea5d678742ca0e140b8b1c6ee86777ed9595b45
2026-09-16T15:57:53Z	10497714	3f18781b-f05b-47ba-b1fd-20fd54eff747	Software Dev Engineer II, Brazil Payments	BR, SP, Sao Paulo	Sao Paulo	SP	BRA	August 10, 2026		Software Development	consumer-payments	label=team-digital-emerging-payments		not_identified	preferred_only	none	distributed_systems,operations_observability	https://www.amazon.jobs/en/jobs/10497714/software-dev-engineer-ii-brazil-payments	6906ab43e807194168c20c4a27e725ae9cb0ea44ca9d57ca204bd6f24f2f87ca
2026-09-16T15:57:53Z	10497769	0b808d68-de02-4be7-b060-f4c0c4fad4a5	Sr. Software Dev Engineer, Healthcare AI	US, WA, Seattle	Seattle	WA	USA	August 10, 2026		Software Development	aws	label=team-sde-primary		not_identified	preferred_only	none	distributed_systems,cloud_infrastructure,application_backend	https://www.amazon.jobs/en/jobs/10497769/sr-software-dev-engineer-healthcare-ai	04f2bb47fd5a0d2631fc135535a6c798b8973681bf44fd2d81784003ad1f6f6d
2026-09-16T15:57:53Z	10497857	62a9c79a-a406-4c79-9829-067ae80d7f6d	Software Development Engineer, Chronicle	US, WA, Seattle	Seattle	WA	USA	August 10, 2026		Software Development	selling-partner-services	label=no-team-listed		not_identified	basic_qualifications	none	machine_learning,distributed_systems,cloud_infrastructure,database_search,embedded_systems,application_backend	https://www.amazon.jobs/en/jobs/10497857/software-development-engineer-chronicle	a586f9458d3b377ea985eeaafe39ad6fd05d298a142a4758de46cb14eb0c65b4
2026-09-16T15:57:53Z	10497914	d884a9aa-27bb-44ca-a456-49ce78f6c8e4	Software Development Engineer, Customer Service	US, TX, Austin	Austin	TX	USA	August 10, 2026		Software Development	customer-service	label=technology		not_identified	preferred_only	none	frontend_mobile	https://www.amazon.jobs/en/jobs/10497914/software-development-engineer-customer-service	c8123e7b466ef87ecf9b1afee877058d6589cb726bab6b8f1ef16d16a6b1e873
2026-09-16T15:57:53Z	10497918	b9b6ef28-2c41-4ced-b7d0-99136f283b86	Software Development Engineer II	IN, KA, Bengaluru	Bengaluru	KA	IND	August 10, 2026		Software Development	selling-partner-services	label=no-team-listed		not_identified	preferred_only	none	distributed_systems,cloud_infrastructure,networking,database_search,security_identity,application_backend	https://www.amazon.jobs/en/jobs/10497918/software-development-engineer-ii	9e0ed79b33506c4c83f261c1216ba11d98c31cad0c452bd01087d6b198639129
2026-09-16T15:57:53Z	10497991	8834deb3-99cd-4523-833c-fadfdac67958	Software Development Engineer, Product Knowledge	US, WA, Seattle	Seattle	WA	USA	August 10, 2026		Software Development	ecp	label=team-ascs		not_identified	preferred_only	none	security_identity	https://www.amazon.jobs/en/jobs/10497991/software-development-engineer-product-knowledge	d04c8bdf514599f690990359a0a795ca4661420596f6e521891a1e850be66fe6
2026-09-16T15:57:53Z	10498051	934896c2-27d0-40fe-b876-81a9d966ac4b	Software Development Engineer, Advanced Analytics - LLD	US, WA, Seattle	Seattle	WA	USA	August 11, 2026		Software Development	advertising	label=team-ad-serving-and-measurement		not_identified	preferred_only	none	distributed_systems,cloud_infrastructure,database_search,embedded_systems,application_backend,operations_observability	https://www.amazon.jobs/en/jobs/10498051/software-development-engineer-advanced-analytics-lld	190a1a757e24995f81f67b3578a9e0ff5c0268bd2793862c02fb3eff6e37d82b
2026-09-16T15:57:53Z	10498176	544bf5d6-caeb-4e87-8e85-2348e13f996b	Software Development Engineer 2, Amazon Kids, Amazon Kids	CA, ON, Toronto	Toronto	ON	CAN	August 11, 2026		Software Development	alexa-and-amazon-devices	label=amazon-device-software-and-services		not_identified	preferred_only	none	frontend_mobile,application_backend,operations_observability	https://www.amazon.jobs/en/jobs/10498176/software-development-engineer-2-amazon-kids-amazon-kids	1c98c416a19124b201c3f1950fffba47c9fb8532647d6422bf396e149cd84952
2026-09-16T15:57:53Z	10498234	bfa3c6ce-a563-4d63-94bb-016cefc007fb	Software Dev Engineer-II, Infra Supply Chain Automation	IN, KA, Bengaluru	Bengaluru	KA	IND	August 11, 2026		Software Development	aws	label=team-sde-primary		not_identified	preferred_only	none	cloud_infrastructure,networking,database_search,security_identity,application_backend	https://www.amazon.jobs/en/jobs/10498234/software-dev-engineer-ii-infra-supply-chain-automation	e96be4a8588e5145b864f4d723a6775d3363e3cf58c1a69d23e11636cdfe0ae8
2026-09-16T15:57:53Z	10498377	4f04fb68-38d9-40aa-a8db-cb476d5409f7	Software Development Engineer II, Account Compliance Tech	IN, KA, Bengaluru	Bengaluru	KA	IND	August 11, 2026		Software Development	selling-partner-services	label=no-team-listed		not_identified	preferred_only	none	distributed_systems,application_backend	https://www.amazon.jobs/en/jobs/10498377/software-development-engineer-ii-account-compliance-tech	36402836376b8c5e136e0426a8b25c5ad937eb0014977886df3e65b6070aa14f
2026-09-16T15:57:53Z	10498379	267b69e8-de9c-4bac-a50d-f4ca042a6fb4	Software Development Engineer II, Account Compliance Tech	IN, KA, Bengaluru	Bengaluru	KA	IND	August 11, 2026		Software Development	selling-partner-services	label=no-team-listed		not_identified	preferred_only	none	distributed_systems,application_backend	https://www.amazon.jobs/en/jobs/10498379/software-development-engineer-ii-account-compliance-tech	23458ea0b5b412b43a6b3b07154f3b9c2712dd86099d478306f170a38170e5fa
2026-09-16T15:57:53Z	10498444	5c981fd2-b37f-4af8-9872-0495f539a0ee	Software Dev Engineer, Amazon Security Automation	GB, London	London		GBR	August 11, 2026		Software Development	amazon-security	label=team-store-security		not_identified	preferred_only	none	cloud_infrastructure,security_identity	https://www.amazon.jobs/en/jobs/10498444/software-dev-engineer-amazon-security-automation	4bcab0266b55aca335bbc20f32c92ea462dbbdd35873ee05e7f99b64c4e5dcc8
2026-09-16T15:57:53Z	10498468	404a5af2-9791-478e-abbb-5710de75b053	Software Development Engineer , Inventory Accounting	US, WA, Redmond	Redmond	WA	USA	August 11, 2026		Software Development	alexa-and-amazon-devices	label=team-project-kuiper		not_identified	basic_qualifications	none	machine_learning,distributed_systems,cloud_infrastructure,networking,embedded_systems	https://www.amazon.jobs/en/jobs/10498468/software-development-engineer-inventory-accounting	a6f38747e200946300869a1224a4044963a89eeab38da3137be490088ffb46d9
2026-09-16T15:57:53Z	10498486	aa239ea0-b595-476c-9114-917b1fa5e64e	Sr. SDE, Amazon OpenSearch Service	US, CA, Santa Clara	Santa Clara	CA	USA	August 11, 2026		Software Development	aws	label=team-sde-primary		not_identified	preferred_only	none	machine_learning,distributed_systems,cloud_infrastructure,database_search,operations_observability	https://www.amazon.jobs/en/jobs/10498486/sr-sde-amazon-opensearch-service	67b0cfa989d4c565fce5cf07ef78288ce440e8c71cf6e1ee024654271b741c6c
2026-09-16T15:57:53Z	10498487	b14b4a03-2db1-486a-bf9e-7d7ec7587a22	SDE-II, Amazon OpenSearch Service	US, CA, Santa Clara	Santa Clara	CA	USA	August 11, 2026		Software Development	aws	label=team-sde-primary		not_identified	basic_qualifications	none	machine_learning,distributed_systems,cloud_infrastructure,database_search,embedded_systems,operations_observability	https://www.amazon.jobs/en/jobs/10498487/sde-ii-amazon-opensearch-service	c1505c0de142ec8ba91837ea760207fdc2150808bbc4d298be521bd377349b61
2026-09-16T15:57:53Z	10498492	62f48daf-82c4-4e5d-8a60-4040d27586e6	SDE-II, Amazon OpenSearch Service	US, CA, Santa Clara	Santa Clara	CA	USA	August 11, 2026		Software Development	aws	label=team-sde-primary		not_identified	basic_qualifications	none	machine_learning,distributed_systems,cloud_infrastructure,database_search,embedded_systems,operations_observability	https://www.amazon.jobs/en/jobs/10498492/sde-ii-amazon-opensearch-service	07d094641a6fd609629aa50c3af8cb89c80ad54ba41a5b29c19c2968cc3904f8
2026-09-16T15:57:53Z	10498498	e6afc1ea-18e9-4177-9344-b39c7d03427c	Software Dev Engineer (DevOps), Amazon Prime Air	AT, Graz	Graz		AUT	August 11, 2026		Software Development	studentprograms	label=team-jobs-for-grads		not_identified	basic_qualifications	none	distributed_systems,cloud_infrastructure,database_search,security_identity,frontend_mobile,application_backend,operations_observability	https://www.amazon.jobs/en/jobs/10498498/software-dev-engineer-devops-amazon-prime-air	28ab34cfd52c9e6c1f0fafd6e1f7eb0ed3b5e5edf17b92151bdd5c321521bfd4
2026-09-16T15:57:53Z	10498606	76a8e230-a899-4b09-a5ef-41500928c583	Embedded Software Engineer, Amazon Leo	US, TX, Austin	Austin	TX	USA	August 11, 2026		Software Development	alexa-and-amazon-devices	label=team-project-kuiper		not_identified	preferred_only	none	networking,embedded_systems	https://www.amazon.jobs/en/jobs/10498606/embedded-software-engineer-amazon-leo	62f996ae12ad5e9c7d7d7b8ae85a3b2934abff2fcb680975ff463b7666c318c1
2026-09-16T15:57:53Z	10498614	349e645e-9474-4f1d-9f49-6c6a945a5190	Software Development Engineer , Concessions Tech	IN, TS, Hyderabad	Hyderabad	TS	IND	August 11, 2026		Software Development	cx-and-business-trends	label=team-cxbt		not_identified	preferred_only	none	cloud_infrastructure,database_search,frontend_mobile,application_backend	https://www.amazon.jobs/en/jobs/10498614/software-development-engineer-concessions-tech	a2bbf2c865ac94367cc5397570ef83a464a1a244dd2a1b10a8ddd20a311a0eaf
2026-09-16T15:57:53Z	10498844	a002a37e-7eb3-4a55-b071-4708e3810f89	Software Development Engineer, APM Insights	US, CA, Palo Alto	Palo Alto	CA	USA	August 11, 2026		Software Development	advertising	label=team-amazon-ads		not_identified	basic_qualifications	none	distributed_systems,networking,embedded_systems,frontend_mobile,graphics_media,application_backend,operations_observability	https://www.amazon.jobs/en/jobs/10498844/software-development-engineer-apm-insights	7a8ce901d3ac6104bcaac426ecaf8bd13f1ead1d7596d61764bd3d54eb817bc4
2026-09-16T15:57:53Z	10498955	bd4ccb38-9afe-48c7-9191-0c9f0f4dd4b4	Software Development Engineer, AWS OpenSearch	US, TX, Austin	Austin	TX	USA	August 11, 2026		Software Development	aws	label=team-sde-primary		not_identified	preferred_only	none	machine_learning,distributed_systems,cloud_infrastructure,database_search,security_identity,application_backend,operations_observability	https://www.amazon.jobs/en/jobs/10498955/software-development-engineer-aws-opensearch	389756debfa2726bb6f8eb3b7c9c96ad75113993c5f5a520cb50510d896a2ff2
2026-09-16T15:57:53Z	10498986	081176ce-16e1-4301-9819-0a91b4bd5bf0	Software Engineer III, Inventory Accounting	US, WA, Redmond	Redmond	WA	USA	August 11, 2026		Software Development	alexa-and-amazon-devices	label=team-project-kuiper		not_identified	preferred_only	none	machine_learning,distributed_systems,cloud_infrastructure,networking	https://www.amazon.jobs/en/jobs/10498986/software-engineer-iii-inventory-accounting	e6fc389a7eb524023776b56ca11077e6e015991aa2830ccefc0e033052195f09
2026-09-16T15:57:53Z	10499019	9df530c5-e976-4d3d-b9f4-2cabd9c4d7a8	Software Dev Engineer, Shield	US, WA, Seattle	Seattle	WA	USA	August 11, 2026		Software Development	aws	label=team-sde-primary		not_identified	basic_qualifications	none	distributed_systems,cloud_infrastructure,networking,database_search,security_identity,embedded_systems	https://www.amazon.jobs/en/jobs/10499019/software-dev-engineer-shield	cfc923fe36ad981d881256c9d21928197b162071175cb9c5ba0d529425d778ec
2026-09-16T15:57:53Z	10499020	675c4e21-03bb-4544-a7fe-077f5cc0c714	Sr Software Development Engineer, Shield (Anti-DDoS)	US, WA, Seattle	Seattle	WA	USA	August 11, 2026		Software Development	aws	label=team-sde-primary		not_identified	preferred_only	none	distributed_systems,cloud_infrastructure,networking,database_search,security_identity	https://www.amazon.jobs/en/jobs/10499020/sr-software-development-engineer-shield-anti-ddos	61d098d7cded2b6deb49e57cabe6178c160784232ab21f9b35898ee8419dcddf
2026-09-16T15:57:53Z	10499025	5a78aa28-48ce-4f5b-84f8-de10decfadc0	Software Dev Engineer, Shield	US, WA, Seattle	Seattle	WA	USA	August 11, 2026		Software Development	aws	label=team-sde-primary		not_identified	basic_qualifications	none	distributed_systems,cloud_infrastructure,networking,database_search,security_identity,embedded_systems	https://www.amazon.jobs/en/jobs/10499025/software-dev-engineer-shield	fd3de25893777662de01243ace92d35b03f1232eebf1bf48f0a4c141e5fd23ba
2026-09-16T15:57:53Z	10499046	bfacb8a1-49ca-4b83-a113-9dea018f26b3	Software Development Engineer, PXT ESTech	US, WA, Bellevue	Bellevue	WA	USA	August 11, 2026		Software Development	pxt	label=no-sub-team-listed		not_identified	preferred_only	none	machine_learning,cloud_infrastructure,security_identity,operations_observability	https://www.amazon.jobs/en/jobs/10499046/software-development-engineer-pxt-estech	1e57c2abe976a53cb4b66318895b22bdeeff44934d17ee416109f7582ad4ef14
2026-09-16T15:57:53Z	10499057	c765d74d-1334-4b03-83a1-3b244f169f39	Software Development Engineer, Ads DTx Bifröst	US, NY, New York	New York	NY	USA	August 11, 2026		Software Development	advertising	label=team-amazon-ads		not_identified	preferred_only	none	networking,security_identity	https://www.amazon.jobs/en/jobs/10499057/software-development-engineer-ads-dtx-bifrost	8c0d2b3ede1f1f30b9bd795b9343e03b01c50b6ecea921a79680dcaf51fde1a2
2026-09-16T15:57:53Z	10499059	7b8d779b-5d28-4914-a1cf-c451acff337b	Software Development Engineer II, Campaign Management	CA, ON, Toronto	Toronto	ON	CAN	August 11, 2026		Software Development	advertising	label=team-amazon-ads		not_identified	preferred_only	none	security_identity,frontend_mobile,application_backend	https://www.amazon.jobs/en/jobs/10499059/software-development-engineer-ii-campaign-management	3ad875b79ec3135b74e12fe278b9b1060fcb1a702846f3a1cd2cbe2599c48a44
2026-09-16T15:57:53Z	10499062	5b232d2c-60a9-49a2-87c7-2592ead0f469	Sr. Software Dev Engineer, Benefits Experience and Technology (BXT)	US, TX, Dallas	Dallas	TX	USA	August 11, 2026		Software Development	pxt	label=team-aet		not_identified	preferred_only	none	cloud_infrastructure,networking,security_identity,operations_observability	https://www.amazon.jobs/en/jobs/10499062/sr-software-dev-engineer-benefits-experience-and-technology-bxt	026863babdcb21b7c9bff6bc25d295f48e5f698f167af95d234744f64d26f233
2026-09-16T15:57:53Z	10499066	d03ea14b-2f20-4e8b-b760-9b6a625e365f	Software Development Engineer, AWS AI Agentic Automated Reasoning (AR)	US, WA, Seattle	Seattle	WA	USA	August 11, 2026		Software Development	aws	label=team-sde-primary		not_identified	basic_qualifications	none	distributed_systems,cloud_infrastructure,networking,database_search,embedded_systems,application_backend,operations_observability	https://www.amazon.jobs/en/jobs/10499066/software-development-engineer-aws-ai-agentic-automated-reasoning-ar	fe5e321d9237170cec4e402480e3a5b31a93ef1e1b46ecc119a128c6838fff28
2026-09-16T15:57:53Z	10499084	f18fa571-3b65-4945-ac01-1894be01385f	Sr. Software Development Engineer, AWS AI Agentic Automated Reasoning (AR)	US, WA, Seattle	Seattle	WA	USA	August 11, 2026		Software Development	aws	label=team-sde-primary		not_identified	preferred_only	none	distributed_systems,cloud_infrastructure,networking,database_search,application_backend,operations_observability	https://www.amazon.jobs/en/jobs/10499084/sr-software-development-engineer-aws-ai-agentic-automated-reasoning-ar	19b2c5b903a6ce7389d24094ffeac00970177e96d2bba7c4cfb8c789ad664391
2026-09-16T15:57:53Z	10499101	fc81e678-e2db-4f9f-b60e-d8fda98f7615	Sr. SDE - Embedded, Flight Software	US, WA, Redmond	Redmond	WA	USA	August 11, 2026		Software Development	alexa-and-amazon-devices	label=team-project-kuiper		not_identified	preferred_only	none	networking,embedded_systems	https://www.amazon.jobs/en/jobs/10499101/sr-sde-embedded-flight-software	706baec533c446c9f643cac36015b73db0f45fb7c577a0fc6dbc1091e4d15a37
2026-09-16T15:57:53Z	10499104	9360a907-564b-4834-acfb-8ecee4fc5ca7	Software Development Engineer, Amazon Customer Service	US, WA, Seattle	Seattle	WA	USA	August 11, 2026		Software Development	customer-service	label=technology		not_identified	preferred_only	none	machine_learning,distributed_systems,networking,operations_observability	https://www.amazon.jobs/en/jobs/10499104/software-development-engineer-amazon-customer-service	336e3ae535f262c6148ee5cfe0aaf00ed228b178304f82d7fb68df10e728c7ce
2026-09-16T15:57:53Z	10499126	3e390ade-f068-4d5c-8b39-315a2d526c08	SDE- MES, Amazon Leo, Manufacturing Execution Systems	US, WA, Bellevue	Bellevue	WA	USA	August 11, 2026		Software Development	alexa-and-amazon-devices	label=team-project-kuiper		not_identified	basic_qualifications	none	distributed_systems,networking,embedded_systems,application_backend,operations_observability	https://www.amazon.jobs/en/jobs/10499126/sde-mes-amazon-leo-manufacturing-execution-systems	05128f1485e5c76ee41ed49e7010b9e3c3e33e2da7728a0446c3b580d8461253
2026-09-16T15:57:53Z	10499160	c87c8fe7-a173-48db-a924-9226db260efa	Software Development Engineer, Fleet Management	US, MA, North Reading	North Reading	MA	USA	August 11, 2026		Software Development	subsidiaries	label=team-amazon-robotics		not_identified	basic_qualifications	none	distributed_systems,cloud_infrastructure,networking,embedded_systems,graphics_media	https://www.amazon.jobs/en/jobs/10499160/software-development-engineer-fleet-management	77b5a7cbceec0642ae19bace3b1d9d045e05f075feb921bd08d0588d28fcf372
2026-09-16T15:57:53Z	10499191	9456ecfe-ea7e-4a47-ab59-aefd3b5fec63	Software Development Engineer, AWS Bill Generation Fulfillment Tracking	US, NY, New York	New York	NY	USA	August 11, 2026		Software Development	aws	label=team-sde-primary		not_identified	basic_qualifications	none	distributed_systems,cloud_infrastructure,database_search,embedded_systems	https://www.amazon.jobs/en/jobs/10499191/software-development-engineer-aws-bill-generation-fulfillment-tracking	037a261d930d62c9af242469ddf8f807652660f5af5d4d9d9096e5d026212dd1
2026-09-16T15:57:53Z	10499263	f41b83cc-a0fc-44b3-bd86-dcf7f6a5b723	Senior Software Engineer, SageMaker AI Studio	US, WA, Bellevue	Bellevue	WA	USA	August 11, 2026		Software Development	aws	label=team-sde-primary		not_identified	preferred_only	none	machine_learning,distributed_systems,cloud_infrastructure,frontend_mobile,application_backend,operations_observability	https://www.amazon.jobs/en/jobs/10499263/senior-software-engineer-sagemaker-ai-studio	8c4b75ded998205d54fe30b3301510618d1ab716d64244162b5ec054bcd77c17
2026-09-16T15:57:53Z	10499294	7dcece38-4336-4714-80c7-e1d41d413c77	Software Development Engineer, Security Foundations, Stores Security	US, WA, Seattle	Seattle	WA	USA	August 11, 2026		Software Development	amazon-security	label=team-store-security		not_identified	basic_qualifications	none	machine_learning,distributed_systems,cloud_infrastructure,security_identity,embedded_systems,application_backend,operations_observability	https://www.amazon.jobs/en/jobs/10499294/software-development-engineer-security-foundations-stores-security	98eb4f26add10cabf6c31751ed273ca473cc8ff67d09589990af4c06dae5733d
2026-09-16T15:57:53Z	10499299	fd4fe91a-009d-4a60-a215-7431d20be757	Software Development Engineer II, FBA	IN, KA, Bengaluru	Bengaluru	KA	IND	August 11, 2026		Software Development	selling-partner-services	label=no-team-listed		not_identified	preferred_only	none	machine_learning,cloud_infrastructure,database_search,operations_observability	https://www.amazon.jobs/en/jobs/10499299/software-development-engineer-ii-fba	7662f5ac955809f3f6b9ef0cffdfbd74acbf960071f2a73dad7778bcd17cd162
2026-09-16T15:57:53Z	10499373	bf42c0cc-0e91-4026-8327-426c32dd5b60	Software Development Engineer, Internet Edge Engineering	US, WA, Seattle	Seattle	WA	USA	August 12, 2026		Software Development	aws	label=team-sde-primary		not_identified	basic_qualifications	none	distributed_systems,cloud_infrastructure,networking,database_search,security_identity,embedded_systems,graphics_media,application_backend	https://www.amazon.jobs/en/jobs/10499373/software-development-engineer-internet-edge-engineering	80b5d156cbb1aeadd3210e9a6e1542552f27f8184277e64d48c149d4b2b453ff
2026-09-16T15:57:53Z	10499375	dee3c386-7cbb-4021-b8de-90635635329b	Software Development Engineer, Ads Campaign Management	US, NY, New York	New York	NY	USA	August 12, 2026		Software Development	advertising	label=team-amazon-ads		not_identified	basic_qualifications	none	machine_learning,distributed_systems,cloud_infrastructure,database_search,embedded_systems,graphics_media,application_backend,operations_observability	https://www.amazon.jobs/en/jobs/10499375/software-development-engineer-ads-campaign-management	4e0be1a3841bf05d8c6f7deeca72a616e1d14b060d48418882d98364a9ced351
2026-09-16T15:57:53Z	10499383	145e421e-3ee9-4cb7-9bb7-72f4f6a12e3b	Software Engineer - Robot Learning, Amazon Robotics - Vulcan Stow	US, WA, Seattle	Seattle	WA	USA	August 12, 2026		Software Development	subsidiaries	label=team-amazon-robotics		not_identified	basic_qualifications	none	machine_learning,cloud_infrastructure,graphics_media,application_backend	https://www.amazon.jobs/en/jobs/10499383/software-engineer-robot-learning-amazon-robotics-vulcan-stow	6589d6c08fd02286ed9fcc50af5e85ce23361f8ad0c1e122766d4c40ecbe2597
2026-09-16T15:57:53Z	10499415	205051c2-3964-4b87-ab48-7b46ed5209a6	Sr Software Engineer - BIOS, AWS Hardware Engineering, Firmware Development	US, CA, Cupertino	Cupertino	CA	USA	August 12, 2026		Software Development	aws	label=team-sde-primary		not_identified	preferred_only	none	cloud_infrastructure,security_identity,embedded_systems,graphics_media,application_backend	https://www.amazon.jobs/en/jobs/10499415/sr-software-engineer-bios-aws-hardware-engineering-firmware-development	68752fedc36fb0cabd0495fbd674a8e2380a7aa61e18a6a74532032312707656
2026-09-16T15:57:53Z	10499417	63727f8c-be14-4efd-ad87-c22d2e955ef9	Software Development Engineer, Amazon 1P Credito	BR, SP, Sao Paulo	Sao Paulo	SP	BRA	August 12, 2026		Software Development	consumerpayments	label=team-paymentstech		not_identified	preferred_only	none	distributed_systems,frontend_mobile,application_backend,operations_observability	https://www.amazon.jobs/en/jobs/10499417/software-development-engineer-amazon-1p-credito	4eaac2392b6906ccfbdb237874ab30c0442dc536adfe3e80c1f515b1b7422b0f
2026-09-16T15:57:53Z	10499419	22a1ed25-b6f8-43d9-9df7-5c476c1a005a	Software Development Engineer, Amazon 1P Credito	BR, SP, Sao Paulo	Sao Paulo	SP	BRA	August 12, 2026		Software Development	consumerpayments	label=team-b2b-payments-lending		not_identified	preferred_only	none	distributed_systems,frontend_mobile,application_backend,operations_observability	https://www.amazon.jobs/en/jobs/10499419/software-development-engineer-amazon-1p-credito	be22314003b5d0ecca629b006ce3121ad234da4d59d672558e79a952ce36c5b3
2026-09-16T15:57:53Z	10499422	aed40fb0-dfa3-4211-abca-a24cc81c739e	Software Development Engineer, Amazon 1P Credito	BR, SP, Sao Paulo	Sao Paulo	SP	BRA	August 12, 2026		Software Development	consumerpayments	label=team-b2b-payments-lending		not_identified	preferred_only	none	distributed_systems,frontend_mobile,application_backend,operations_observability	https://www.amazon.jobs/en/jobs/10499422/software-development-engineer-amazon-1p-credito	c266e53e0733f1dd5bf239f9c9105c15677593623140313d7ba73785557cff87
2026-09-16T15:57:53Z	10499423	7223b57a-e8d2-4197-995f-ae18d3689f5f	Software Development Engineer, Amazon 1P Credito	BR, SP, Sao Paulo	Sao Paulo	SP	BRA	August 12, 2026		Software Development	consumerpayments	label=team-b2b-payments-lending		not_identified	preferred_only	none	distributed_systems,frontend_mobile,application_backend,operations_observability	https://www.amazon.jobs/en/jobs/10499423/software-development-engineer-amazon-1p-credito	207720f5e4563fb512f4aad84353ee152e0c917ba6405f062e3d5d2949a7fd78
2026-09-16T15:57:53Z	10499437	d7d0cf6b-6c3e-410f-b475-74dd9f25013b	Software Dev Engineer II, Personal Devices	US, CA, Sunnyvale	Sunnyvale	CA	USA	August 12, 2026		Software Development	alexa-and-amazon-devices	label=team-alexa-echo-devices		not_identified	basic_qualifications	none	distributed_systems,cloud_infrastructure,embedded_systems,application_backend,operations_observability	https://www.amazon.jobs/en/jobs/10499437/software-dev-engineer-ii-personal-devices	c6bf8e10995a97febf532a995bd4ee80f60d103d7d1ca70e5fc86758b19ca7d3
2026-09-16T15:57:53Z	10499438	8d1f8f4b-4145-4f53-8c0a-713dbe867e27	Software Dev Engineer II, Personal Devices	US, CA, Sunnyvale	Sunnyvale	CA	USA	August 12, 2026		Software Development	alexa-and-amazon-devices	label=team-alexa-echo-devices		not_identified	basic_qualifications	none	distributed_systems,cloud_infrastructure,embedded_systems,application_backend,operations_observability	https://www.amazon.jobs/en/jobs/10499438/software-dev-engineer-ii-personal-devices	d663508352176fd3a70adff3ebbe16687096fc7112835880ad6da2616d9e9bce
2026-09-16T15:57:53Z	10499455	2d21af11-1552-4cd1-8eda-8182af097b55	Software Development Engineer II, Fintelligence Workplace	IN, TS, Hyderabad	Hyderabad	TS	IND	August 12, 2026		Software Development	finance	label=team-fintech		not_identified	preferred_only	none	machine_learning,distributed_systems,cloud_infrastructure,security_identity,application_backend	https://www.amazon.jobs/en/jobs/10499455/software-development-engineer-ii-fintelligence-workplace	ce7e3f0d6134c6ffcc3d81266cb7992f16156097211d5fa77e82f61324a7bc4b
2026-09-16T15:57:53Z	10499456	03752e0d-a0be-41fc-a4a8-3af8a8287e28	Software Development Engineer II, Fintelligence Workplace	IN, TS, Hyderabad	Hyderabad	TS	IND	August 12, 2026		Software Development	finance	label=team-fintech		not_identified	preferred_only	none	machine_learning,distributed_systems,cloud_infrastructure,security_identity,application_backend	https://www.amazon.jobs/en/jobs/10499456/software-development-engineer-ii-fintelligence-workplace	1079ecd405b2dfdfc356412180b35c9e8d549da0b750b347317530c829829ce1
2026-09-16T15:57:53Z	10499507	dc711bbf-6606-467a-9308-881a440ffa18	Software Development Engineer II, Fintech TAX - RoW Compliance	IN, TS, Hyderabad	Hyderabad	TS	IND	August 12, 2026		Software Development	finance	label=team-fintech		not_identified	preferred_only	none	distributed_systems,cloud_infrastructure,database_search,frontend_mobile,application_backend	https://www.amazon.jobs/en/jobs/10499507/software-development-engineer-ii-fintech-tax-row-compliance	d844fdf586250f4aa3aed1355188783c8672ebdc2675fbd120a718af1e80ca1c
2026-09-16T15:57:53Z	10499784	94a22970-d174-490d-8e97-79f216f80976	Software Development Engineer, Open Data Analytics - Engines	US, VA, Arlington	Arlington	VA	USA	August 12, 2026		Software Development	aws	label=team-sde-primary		not_identified	basic_qualifications	none	distributed_systems,cloud_infrastructure,database_search,application_backend	https://www.amazon.jobs/en/jobs/10499784/software-development-engineer-open-data-analytics-engines	5a624e7fcdc515b58372a2799504d59e5c4f644f3163f4320ee67b11eaeaa808
2026-09-16T15:57:53Z	10499806	f39584e1-22ea-4632-9823-d6d96b9318a6	Senior SDE, AWS SageMaker Data Preparation	US, WA, Bellevue	Bellevue	WA	USA	August 12, 2026		Software Development	aws	label=team-sde-primary		not_identified	preferred_only	none	machine_learning,distributed_systems,cloud_infrastructure,application_backend,operations_observability	https://www.amazon.jobs/en/jobs/10499806/senior-sde-aws-sagemaker-data-preparation	d74577199e899bc39e474423862aa97566f43e6e982e0439681a8a9ae9bc9e3e
2026-09-16T15:57:53Z	10499857	7ffee139-c5bc-404e-a6eb-abb164492e55	Software Development Engineer, Amazon Fulfilment Tech	IN, KA, Bengaluru	Bengaluru	KA	IND	August 12, 2026		Software Development	operations	label=team-amazon-fulfillment-technology		not_identified	preferred_only	none	distributed_systems,database_search,application_backend	https://www.amazon.jobs/en/jobs/10499857/software-development-engineer-amazon-fulfilment-tech	8404ac631a4ba2da57a197d8ea0e34a77f5cdb8da5e161dbe78b50e1bc938c83
2026-09-16T15:57:53Z	10499858	6042fcad-37dc-4138-8ba2-3a906280b03e	Software Development Engineer, Amazon Fulfilment Tech	IN, KA, Bengaluru	Bengaluru	KA	IND	August 12, 2026		Software Development	operations	label=team-amazon-fulfillment-technology		not_identified	preferred_only	none	distributed_systems,database_search,application_backend	https://www.amazon.jobs/en/jobs/10499858/software-development-engineer-amazon-fulfilment-tech	04e95ef054d160316c4bf91c73974884f96330fb895e86ded9120a3d993d003d
2026-09-16T15:57:53Z	10499920	b5503a56-f2bc-4cae-8e97-e4efe83be69c	Software Development Engineer	IE, D, Dublin	Dublin	D	IRL	August 12, 2026		Software Development	pxt	label=team-connections		not_identified	preferred_only	none	distributed_systems,cloud_infrastructure,database_search,security_identity,application_backend,operations_observability	https://www.amazon.jobs/en/jobs/10499920/software-development-engineer	9c1479d518dc0a190fd8f1baecc15a9d3324e2d4646292bcc6ff75cfb045d7d3
2026-09-16T15:57:53Z	10499932	d904fe86-0d78-447e-bd98-8811de8249c0	Software Dev Engineer II, Amazon 1P Credito, Payments	BR, SP, Sao Paulo	Sao Paulo	SP	BRA	August 12, 2026		Software Development	consumer-payments	label=team-digital-emerging-payments		not_identified	preferred_only	none	distributed_systems,frontend_mobile,application_backend,operations_observability	https://www.amazon.jobs/en/jobs/10499932/software-dev-engineer-ii-amazon-1p-credito-payments	68129889d0774bce0c9ec900b6fb04b722569dfb14e5cb0c03244a04047543f6
2026-09-16T15:57:53Z	10500005	18d800f2-8271-4f39-8405-da4be234b01b	Software Development Engineer, Amazon Fuse	US, WA, Seattle	Seattle	WA	USA	August 12, 2026		Software Development	business-and-corporate-development	label=team-amazon-fuse		not_identified	preferred_only	none	cloud_infrastructure,frontend_mobile,application_backend	https://www.amazon.jobs/en/jobs/10500005/software-development-engineer-amazon-fuse	42cfa4557575fd68a49a5f818e52853d3657504b0f0e964fdad3ca9dd52e2e4c
2026-09-16T15:57:53Z	10500076	888f33de-ef8e-4128-979d-3f1bf6a091c4	Senior Software Development Engineer	US, MA, N.reading	N.reading	MA	USA	August 12, 2026		Software Development	subsidiaries	label=team-amazon-robotics		not_identified	basic_qualifications	none	networking,embedded_systems,graphics_media	https://www.amazon.jobs/en/jobs/10500076/senior-software-development-engineer	b950b9a73143028495770c549d945d81402646f014bcea1a1c9ba18ecc45e609
2026-09-16T15:57:53Z	10500088	bc555669-86b6-49ff-b62b-56dd32c5f816	Software Dev Engineer, Career Choice	US, WA, Seattle	Seattle	WA	USA	August 12, 2026		Software Development	pxt	label=team-aet		not_identified	basic_qualifications	none	machine_learning,distributed_systems,cloud_infrastructure,embedded_systems,application_backend,operations_observability	https://www.amazon.jobs/en/jobs/10500088/software-dev-engineer-career-choice	2495ad8db64663947901ff6225342b4964082ceed7acc4d334bc2dfadb7389a4
2026-09-16T15:57:53Z	10500154	5df768dc-71f5-43c1-8a20-272ffd9e14a3	Senior Software Development Engineer, Amazon Leo Optical Inter-Satellite Link	US, WA, Redmond	Redmond	WA	USA	August 12, 2026		Software Development	alexa-and-amazon-devices	label=team-project-kuiper		not_identified	not_stated	none	distributed_systems,cloud_infrastructure,networking,embedded_systems,operations_observability	https://www.amazon.jobs/en/jobs/10500154/senior-software-development-engineer-amazon-leo-optical-inter-satellite-link	c8dd8b236157672c2de8e954ddd16c192700bdbf663fd4e2056b935c88ea5baf
2026-09-16T15:57:53Z	10500157	6e8a4bf7-b975-44f8-b704-bbe9e7782a38	Software Development Engineer, Amazon Route 53, Route 53 Resolver Firewall & Profiles	US, VA, Arlington	Arlington	VA	USA	August 12, 2026		Software Development	aws	label=team-sde-primary		not_identified	preferred_only	none	distributed_systems,cloud_infrastructure,networking,security_identity,application_backend	https://www.amazon.jobs/en/jobs/10500157/software-development-engineer-amazon-route-53-route-53-resolver-firewall-profiles	4e83d1aba4291b6873c334639e468050496649d4f1b562f00de04c1b8bb45afa
2026-09-16T15:57:53Z	10500192	9db164df-7304-4817-9db0-0b0c559eda62	Software Development Engineer, AWS Simple Notification Service (SNS)	CA, BC, Vancouver	Vancouver	BC	CAN	August 12, 2026		Software Development	aws	label=team-aws-cloud-management		not_identified	preferred_only	none	distributed_systems,cloud_infrastructure,embedded_systems,application_backend	https://www.amazon.jobs/en/jobs/10500192/software-development-engineer-aws-simple-notification-service-sns	4e1da37eb8d256fba01a438d053d50c23f1b27489418356f7cf162fd1e20425d
2026-09-16T15:57:53Z	10500224	5fab7ad9-ad15-4898-91c2-845ad8f571a2	Software Development Engineer - Amazon Leo Network Services, LEO Pop DataPlane	US, CA, Sunnyvale	Sunnyvale	CA	USA	August 12, 2026		Software Development	alexa-and-amazon-devices	label=team-project-kuiper		not_identified	not_stated	none	cloud_infrastructure,networking,security_identity,operations_observability	https://www.amazon.jobs/en/jobs/10500224/software-development-engineer-amazon-leo-network-services-leo-pop-dataplane	5abf8155564115bb5897f92f2bae6e692b252d972514125dbb163f2ea6c08e2f
2026-09-16T15:57:53Z	10500248	9cda482b-4fb5-4631-8f63-fb9b62a19aa5	Software Development Engineer, Amazon Kids	CA, ON, Toronto	Toronto	ON	CAN	August 12, 2026		Software Development	alexa-and-amazon-devices	label=amazon-device-software-and-services		not_identified	preferred_only	none	frontend_mobile,application_backend,operations_observability	https://www.amazon.jobs/en/jobs/10500248/software-development-engineer-amazon-kids	b6022572ce25bbecb7a9be10ce46d92ca41acfce279b786b5d120879b7967d0b
2026-09-16T15:57:53Z	10500260	7dacfb8c-a0ce-4d67-a817-4a89417c1e28	Software Development Engineer, Amazon Leo Optical Inter-Satellite Link	US, WA, Redmond	Redmond	WA	USA	August 12, 2026		Software Development	alexa-and-amazon-devices	label=team-project-kuiper		not_identified	basic_qualifications	none	distributed_systems,cloud_infrastructure,networking,embedded_systems,operations_observability	https://www.amazon.jobs/en/jobs/10500260/software-development-engineer-amazon-leo-optical-inter-satellite-link	e9900c1e5e3d1f72a472a411198c741d355e489f404aa20381aa0443c16182b9
2026-09-16T15:57:53Z	10500289	2c250547-fb50-42f4-8c92-44586aca6c58	Software Development Engineer	US, WA, Seattle	Seattle	WA	USA	August 12, 2026		Software Development	aws	label=team-sde-primary		not_identified	basic_qualifications	none	distributed_systems,cloud_infrastructure,networking,database_search,security_identity,embedded_systems,application_backend	https://www.amazon.jobs/en/jobs/10500289/software-development-engineer	ac569d6f46130742cf4bc67955628ec428ebefd15e1a05673b8babe20d6c738b
2026-09-16T15:57:53Z	10500349	1d070754-354a-4a51-bda4-1a83bfe2149c	Software Development Engineer II, Selling Partner Identity Verification	IN, KA, Bengaluru	Bengaluru	KA	IND	August 12, 2026		Software Development	no-business-category	label=no-team-listed		not_identified	preferred_only	none	distributed_systems,cloud_infrastructure,database_search,security_identity,application_backend	https://www.amazon.jobs/en/jobs/10500349/software-development-engineer-ii-selling-partner-identity-verification	98b9b8cda95a905e67e3592f748fbd2cfb4a45e14f3cb1a78a0c127b480ee066
2026-09-16T15:57:53Z	10500358	8d45aab1-1131-443f-88bc-e1d73fcd4870	Software Development Engineer II - Amazon MSK, Managed Streaming Kafka (MSK)	US, WA, Seattle	Seattle	WA	USA	August 12, 2026		Software Development	aws	label=team-sde-primary		not_identified	preferred_only	none	cloud_infrastructure,database_search,security_identity,graphics_media,application_backend	https://www.amazon.jobs/en/jobs/10500358/software-development-engineer-ii-amazon-msk-managed-streaming-kafka-msk	1ecabf6c16fd6a3d78f147e2cbe5e7c9d911eaaf64e3c9c5d5f899d1861948ab
2026-09-16T15:57:53Z	10500379	ea4df3b7-70bc-4975-a9e7-7a4821e0c4fe	Software Development Engineer, Network Fabric Engineering, MONA	AU, NSW, Sydney	Sydney	NSW	AUS	August 12, 2026		Software Development	aws	label=team-sde-primary		not_identified	preferred_only	none	distributed_systems,cloud_infrastructure,networking,database_search,security_identity,operations_observability	https://www.amazon.jobs/en/jobs/10500379/software-development-engineer-network-fabric-engineering-mona	a22211893f01c105b99ca0e685f0909bae9223a52a3abcd52b17c22ee3f0b609
2026-09-16T15:57:53Z	10500462	18000a50-00da-4e3d-bdbf-4eaa0924e7fe	Software Engineer, S3 Load Balancing	CA, BC, Vancouver	Vancouver	BC	CAN	August 13, 2026		Software Development	aws	label=team-sde-primary		not_identified	preferred_only	none	distributed_systems,cloud_infrastructure,networking,database_search,security_identity,graphics_media,application_backend,operations_observability	https://www.amazon.jobs/en/jobs/10500462/software-engineer-s3-load-balancing	0e133e46f9b262d381dbb40b1bd587af79801eeec34cd0f6de22b2f4bf05212e
2026-09-16T15:57:53Z	10500464	34fff728-d219-4650-abcb-c2f9469adb6d	Software Engineer, S3 Discovery	CA, BC, Vancouver	Vancouver	BC	CAN	August 13, 2026		Software Development	aws	label=team-sde-primary		not_identified	preferred_only	none	distributed_systems,cloud_infrastructure,networking,database_search,security_identity,graphics_media,operations_observability	https://www.amazon.jobs/en/jobs/10500464/software-engineer-s3-discovery	8d5e2b0b9b4e4dfa1c7cb79361d0206b801f587e83f6911d03e4d23af52eeed9
2026-09-16T15:57:53Z	10500481	bca68a1e-b84c-4a58-85bf-15c5a73f93f5	Software Development Engineer II, Amazon WorkSpaces Applications	US, WA, Seattle	Seattle	WA	USA	August 13, 2026		Software Development	aws	label=team-sde-primary		not_identified	basic_qualifications	none	distributed_systems,cloud_infrastructure,database_search,embedded_systems,graphics_media,application_backend	https://www.amazon.jobs/en/jobs/10500481/software-development-engineer-ii-amazon-workspaces-applications	5bce078847972315ed0e6a1445a899cf5fb56cd85a725c0c9badc04e08a74cc9
2026-09-16T15:57:53Z	10500649	380ba41d-ddcc-4921-a45e-39c5df509646	Software Dev Engineer II, Amazon Payment Products	IN, KA, Bengaluru	Bengaluru	KA	IND	August 13, 2026		Software Development	international-stores	label=team-amazon-payments		not_identified	preferred_only	none	distributed_systems,application_backend	https://www.amazon.jobs/en/jobs/10500649/software-dev-engineer-ii-amazon-payment-products	8fb565fe214059ec041a7ef76ee09015c6dcfd3e5708f1136488784e02de0e56
2026-09-16T15:57:53Z	10500656	91dc8277-5b5f-4133-a742-731aef27bccd	Software Development Engineer II, FBA Capacity and Inventory Health Management	IN, KA, Bengaluru	Bengaluru	KA	IND	August 13, 2026		Software Development	selling-partner-services	label=no-team-listed		not_identified	preferred_only	none	distributed_systems,cloud_infrastructure,networking,database_search,security_identity,application_backend	https://www.amazon.jobs/en/jobs/10500656/software-development-engineer-ii-fba-capacity-and-inventory-health-management	ebd59177988462702123f36ac73a27256c3b2195389a02418c0c951e35ff7923
2026-09-16T15:57:53Z	10500766	d45a3a75-e7b4-40ab-bf34-e125dbd98801	Software Development Engineer, STRADA	US, MN, Minneapolis	Minneapolis	MN	USA	August 13, 2026		Software Development	aws	label=team-sde-primary		not_identified	basic_qualifications	none	distributed_systems,cloud_infrastructure,networking,database_search,security_identity,embedded_systems,application_backend,operations_observability	https://www.amazon.jobs/en/jobs/10500766/software-development-engineer-strada	3f52dc269ae11d3d457deb86342c1ac71f2b2e7f43c277c95e4280316efa7ff9
2026-09-16T15:57:53Z	10500767	b73a6a38-c039-4e0c-afe2-6424bb94ab7a	Software Development Engineer, STRADA	US, MN, Minneapolis	Minneapolis	MN	USA	August 13, 2026		Software Development	aws	label=team-sde-primary		not_identified	basic_qualifications	none	distributed_systems,cloud_infrastructure,networking,database_search,security_identity,embedded_systems,application_backend,operations_observability	https://www.amazon.jobs/en/jobs/10500767/software-development-engineer-strada	ec1cd8aea06d19630376ec48a065f37fa758d4d3ca275f1d9271f3e7159c258f
2026-09-16T15:57:53Z	10500803	e72af786-caee-4848-9191-9af40a50dbf7	Software Development Engineer, Leo Security	US, VA, Arlington	Arlington	VA	USA	August 13, 2026		Software Development	amazon-security	label=no-team-list		not_identified	basic_qualifications	none	machine_learning,distributed_systems,cloud_infrastructure,networking,database_search,security_identity,embedded_systems,graphics_media,application_backend,operations_observability	https://www.amazon.jobs/en/jobs/10500803/software-development-engineer-leo-security	97ac731c6f96777c05969e3fc2f4b5225e248e0af5b88f3124f30eae311f578a
2026-09-16T15:57:53Z	10500968	31fd492f-6ceb-4953-86f5-095ab7d2050f	Software Development Engineer, EC2 VPC	US, VA, Herndon	Herndon	VA	USA	August 13, 2026		Software Development	aws	label=team-sde-primary		not_identified	preferred_only	none	distributed_systems,cloud_infrastructure,networking,database_search,security_identity,application_backend,operations_observability	https://www.amazon.jobs/en/jobs/10500968/software-development-engineer-ec2-vpc	9d229afff4da60ac2ebb45e0f83f969401ff1bf1818dbefe7fc63174d4ee0287
2026-09-16T15:57:53Z	10500976	76379cc7-ef7d-4498-8e50-092de6f80a9e	SDE, MLA hardware/software co-design, Annapurna Labs Machine Learning Acceleration	US, TX, Austin	Austin	TX	USA	August 13, 2026		Software Development	aws	label=team-machine-learning-primary		not_identified	preferred_only	none	machine_learning,cloud_infrastructure,database_search,security_identity,embedded_systems	https://www.amazon.jobs/en/jobs/10500976/sde-mla-hardware-software-co-design-annapurna-labs-machine-learning-acceleration	5e633b35b372ae1ed373555bdd543ab4ec58f9757b711ef33211cd4559ba3186
2026-09-16T15:57:53Z	10501090	a6b13dd7-4717-48f5-87e8-a2f442ee1814	Senior Software Development Engineer	MX, Mexico City	Mexico City		MEX	August 13, 2026		Software Development	subsidiaries	label=team-global-audible		not_identified	basic_qualifications	none	distributed_systems,cloud_infrastructure,database_search,security_identity,embedded_systems,graphics_media	https://www.amazon.jobs/en/jobs/10501090/senior-software-development-engineer	730da9b89b6df66f0d592d707c49ce62641baeb977efb4a8cd9f5265a3b7f6aa
2026-09-16T15:57:53Z	10501122	926032fe-b214-47b0-883f-d9c5e2ab2c3a	Software Dev Engineer, Antenna Calibration, Amazon Leo	US, WA, Redmond	Redmond	WA	USA	August 13, 2026		Software Development	alexa-and-amazon-devices	label=team-project-kuiper		not_identified	basic_qualifications	none	distributed_systems,networking,database_search,embedded_systems	https://www.amazon.jobs/en/jobs/10501122/software-dev-engineer-antenna-calibration-amazon-leo	c77b41157c4e9245a6e4a30d31ba264648ee742cdb72f01653e060df004918da
2026-09-16T15:57:53Z	10501189	7a4bd55e-9d98-4a87-834f-2ca66b85dc23	Sr. Software Development Engineer, Fitness & Fandom	US, WA, Seattle	Seattle	WA	USA	August 13, 2026		Software Development	north-america-stores	label=fashion		not_identified	basic_qualifications	none	machine_learning,cloud_infrastructure,database_search,application_backend	https://www.amazon.jobs/en/jobs/10501189/sr-software-development-engineer-fitness-fandom	d592ca5ef61f38e7de98ba6d24814f73a8c4a998d466544e5069eb51d31b5e11
2026-09-16T15:57:53Z	10501192	089e78ca-a0c5-433d-ac64-ae3fbbfa5321	Software Dev Engineer, Device OS Connectivity	US, CA, Sunnyvale	Sunnyvale	CA	USA	August 13, 2026		Software Development	alexa-and-amazon-devices	label=amazon-device-software-and-services		not_identified	basic_qualifications	none	cloud_infrastructure,networking,frontend_mobile,application_backend	https://www.amazon.jobs/en/jobs/10501192/software-dev-engineer-device-os-connectivity	b5e3444ebf7cb62790a32e819eb6f93c72df2b9e4e7f2b649ee995a25e73dc91
2026-09-16T15:57:53Z	10501194	b39fd45d-0d99-49d4-aca8-057c4bc19b4d	Software Development Engineer , Enterprise Billing Experience	CA, BC, Vancouver	Vancouver	BC	CAN	August 13, 2026		Software Development	aws	label=team-sde-primary		not_identified	preferred_only	none	distributed_systems,cloud_infrastructure,application_backend	https://www.amazon.jobs/en/jobs/10501194/software-development-engineer-enterprise-billing-experience	d1cbfd7b3527bbe0541ce51279b0aa808093a3f13ecc761b7b0e045e373ab6b4
2026-09-16T15:57:53Z	10501211	3cc3f571-3073-42d9-bf30-a88dd22fceb3	Sr Software Engineer, WW Deals and Promotions	US, WA, Seattle	Seattle	WA	USA	August 13, 2026		Software Development	north-america-stores	label=promotions		not_identified	preferred_only	none		https://www.amazon.jobs/en/jobs/10501211/sr-software-engineer-ww-deals-and-promotions	2a0ddcd9e4cfb76b1f57846e1c86e07ddbebc767ac9ca5e9d2f69941d68fb9bd
2026-09-16T15:57:53Z	10501317	00b9b39d-61ac-4932-b137-beae12774e05	Software Development Engineer, Agentic Workspaces	US, WA, Seattle	Seattle	WA	USA	August 13, 2026		Software Development	aws	label=team-sde-primary		not_identified	basic_qualifications	none	distributed_systems,cloud_infrastructure,security_identity,embedded_systems,application_backend	https://www.amazon.jobs/en/jobs/10501317/software-development-engineer-agentic-workspaces	8c290ab5bad7a226499756abb6b8cdd4db5084af7e0f4e4eca865389e63b5ee6
2026-09-16T15:57:53Z	10501320	5f83bf9f-414f-4781-bac6-de629b68ca88	Software Development Engineer, Agentic Workspaces	US, WA, Seattle	Seattle	WA	USA	August 13, 2026		Software Development	aws	label=team-sde-primary		not_identified	basic_qualifications	none	distributed_systems,cloud_infrastructure,security_identity,embedded_systems,application_backend	https://www.amazon.jobs/en/jobs/10501320/software-development-engineer-agentic-workspaces	2ecb49b570f82d9bbb86f941c8a93646b79b48586db6a88993afb1b470071b68
2026-09-16T15:57:53Z	10501321	e60ae967-07d5-4ff1-8cf5-60cf08469749	Software Development Engineer, Agentic Workspaces	US, WA, Seattle	Seattle	WA	USA	August 13, 2026		Software Development	aws	label=team-sde-primary		not_identified	basic_qualifications	none	distributed_systems,cloud_infrastructure,security_identity,embedded_systems,application_backend	https://www.amazon.jobs/en/jobs/10501321/software-development-engineer-agentic-workspaces	5effa3f00c203566cc0d5dbfc55e4be14599cb886235b91fd9b6fcf1eaa67a12
2026-09-16T15:57:53Z	10501323	11f799a1-d604-40b1-b3ea-d800ab82dccc	Software Development Engineer, Agentic Workspaces	US, WA, Seattle	Seattle	WA	USA	August 13, 2026		Software Development	aws	label=team-sde-primary		not_identified	basic_qualifications	none	distributed_systems,cloud_infrastructure,security_identity,embedded_systems,application_backend	https://www.amazon.jobs/en/jobs/10501323/software-development-engineer-agentic-workspaces	493dfdb9b3b880504c29cdb83ff29a0bcd884cb5ec3fc3aa6d1ef3ade27a7bcb
2026-09-16T15:57:53Z	10501325	3fdcdbb5-a144-4ae7-82cd-841b41204710	Software Development Engineer, Agentic Workspace	US, WA, Seattle	Seattle	WA	USA	August 13, 2026		Software Development	aws	label=team-sde-primary		not_identified	basic_qualifications	none	distributed_systems,cloud_infrastructure,embedded_systems,frontend_mobile,graphics_media,application_backend	https://www.amazon.jobs/en/jobs/10501325/software-development-engineer-agentic-workspace	98f7c3e45f395e7b22fb4c7ed14b739be9137465219b1c8638281be618f0451c
2026-09-16T15:57:53Z	10501331	fc5b1096-c1a8-4a80-b78c-5d5bdbc09ae5	Software Development Engineer, Agentic Workspaces	US, WA, Seattle	Seattle	WA	USA	August 13, 2026		Software Development	aws	label=team-sde-primary		not_identified	basic_qualifications	none	distributed_systems,cloud_infrastructure,security_identity,embedded_systems,application_backend	https://www.amazon.jobs/en/jobs/10501331/software-development-engineer-agentic-workspaces	398d2962f9e88989c3fffefd7af982dd75e885eb27ab108117b6009e9fe388d6
2026-09-16T15:57:53Z	10501341	58ac5bac-a24b-4a2a-96f3-001cd23ceea1	Software Dev Engineer II, Offers Platform, Catalog Systems, ASCS	CA, BC, Vancouver	Vancouver	BC	CAN	August 13, 2026		Software Development	ecp	label=team-ascs		not_identified	preferred_only	none	machine_learning,distributed_systems,database_search,application_backend	https://www.amazon.jobs/en/jobs/10501341/software-dev-engineer-ii-offers-platform-catalog-systems-ascs	49f6ffde282fcaef423b5a5a673344fcf8edc6f3755a1f5e980591229f5b2923
2026-09-16T15:57:53Z	10501348	de2f1e37-a80f-401b-88e9-b889eea3126b	Software Dev Engineer II, Offers Platform, Catalog Systems, ASCS	CA, BC, Vancouver	Vancouver	BC	CAN	August 13, 2026		Software Development	ecp	label=team-ascs		not_identified	preferred_only	none	machine_learning,distributed_systems,database_search,application_backend	https://www.amazon.jobs/en/jobs/10501348/software-dev-engineer-ii-offers-platform-catalog-systems-ascs	420ad10c1a8a2c6079e50c633136845ed9cc33471d6a26407122705e68c2df9f
2026-09-16T15:57:53Z	10501404	d50f224a-a839-47c8-8d37-622f2787f0f3	Software Development Engineer, AWS OpenSearch	US, CA, Santa Clara	Santa Clara	CA	USA	August 13, 2026		Software Development	aws	label=team-sde-primary		not_identified	preferred_only	none	machine_learning,distributed_systems,cloud_infrastructure,database_search,security_identity,application_backend,operations_observability	https://www.amazon.jobs/en/jobs/10501404/software-development-engineer-aws-opensearch	9bb3b9c84601504d89a5f0ac5853e84495c065931c111d8c72112f196592a990
2026-09-16T15:57:53Z	10501405	47e0351a-4fb2-428c-ae69-9f88ac94864a	Software Dev Engineer II, AWS OpenSearch	US, CA, Santa Clara	Santa Clara	CA	USA	August 13, 2026		Software Development	aws	label=team-sde-primary		not_identified	preferred_only	none	machine_learning,distributed_systems,cloud_infrastructure,database_search,security_identity,application_backend,operations_observability	https://www.amazon.jobs/en/jobs/10501405/software-dev-engineer-ii-aws-opensearch	e8c95c80588b539c6489b24456a644e9f370f1525138aa3a4e3d8f7a1cfdcf4f
2026-09-16T15:57:53Z	10501454	d005f659-52c0-4208-a0ac-2948bd83edd2	Software Engineer- AI/ML, Amazon Neuron Training	US, WA, Seattle	Seattle	WA	USA	August 13, 2026		Software Development	aws	label=team-sde-primary		not_identified	preferred_only	mention_only	compiler_mention,machine_learning,distributed_systems,cloud_infrastructure,application_backend	https://www.amazon.jobs/en/jobs/10501454/software-engineer-ai-ml-amazon-neuron-training	128237fa52d9ff13e9338f6499a440bec088d059a18f09d21e6d6c6ea6324ccf
2026-09-16T15:57:53Z	10501477	5ff94441-d7de-4b16-a9d0-404000510014	Software Development Engineer II, AWS WorkSpaces	US, WA, Seattle	Seattle	WA	USA	August 13, 2026		Software Development	aws	label=team-sde-primary		not_identified	preferred_only	none	distributed_systems,cloud_infrastructure,networking,security_identity,graphics_media,application_backend,operations_observability	https://www.amazon.jobs/en/jobs/10501477/software-development-engineer-ii-aws-workspaces	768fd2577dcee0ea34fd9a1f57c3b3f4ff6938ebc49b2640aa6f00e2cc3900a4
2026-09-16T15:57:53Z	10501529	ae02d9ab-30e1-4045-950d-c01f26662cd6	Software Development Engineer II, Amazon WorkSpaces Applications	US, WA, Seattle	Seattle	WA	USA	August 13, 2026		Software Development	aws	label=team-sde-primary		not_identified	basic_qualifications	none	distributed_systems,cloud_infrastructure,database_search,embedded_systems,graphics_media,application_backend	https://www.amazon.jobs/en/jobs/10501529/software-development-engineer-ii-amazon-workspaces-applications	b1ea5c8bb74228b978aa13bcc18554ff802bc2013ca81ca365efbf15748eacc6
2026-09-16T15:57:53Z	10501770	313fac3a-4137-45f3-859a-aa8e1f389546	Software Development Engineer - Mobile Shopping, Builder Acceleration	CA, BC, Vancouver	Vancouver	BC	CAN	August 13, 2026		Software Development	ecp	label=builder-works		not_identified	preferred_only	none	security_identity,frontend_mobile	https://www.amazon.jobs/en/jobs/10501770/software-development-engineer-mobile-shopping-builder-acceleration	4ebcd38d10fcbdc756e3da267025dcc489603961c7129736bfe791745dd47902
2026-09-16T15:57:53Z	10501774	2a702ce5-9491-432a-92dd-63cc1a6bf1e8	Software Development Engineer II - Amazon MSK, Managed Streaming Kafka (MSK)	US, WA, Seattle	Seattle	WA	USA	August 13, 2026		Software Development	aws	label=team-sde-primary		not_identified	preferred_only	none	cloud_infrastructure,database_search,security_identity,graphics_media,application_backend	https://www.amazon.jobs/en/jobs/10501774/software-development-engineer-ii-amazon-msk-managed-streaming-kafka-msk	cb76cf4a189dd1a982202836600a3fb2465be49c600e0d3d96641047e8bb2ddc
2026-09-16T15:57:53Z	10501776	cb0acbff-6830-4a76-95bc-bee67473796d	Software Development Engineer II - Amazon MSK, Managed Streaming Kafka (MSK)	US, WA, Seattle	Seattle	WA	USA	August 13, 2026		Software Development	aws	label=team-sde-primary		not_identified	preferred_only	none	cloud_infrastructure,database_search,security_identity,graphics_media,application_backend	https://www.amazon.jobs/en/jobs/10501776/software-development-engineer-ii-amazon-msk-managed-streaming-kafka-msk	d87943d0be27334f14b2973ed4b27ca386265cc0a7381a17bbe7dd00388f95ea
2026-09-16T15:57:53Z	10501818	d4bfc15a-3a4c-47e5-8453-c3d4e559f0b6	Software Dev Engineer II, AWS Container Registry	US, WA, Seattle	Seattle	WA	USA	August 13, 2026		Software Development	aws	label=team-sde-primary		not_identified	preferred_only	none	distributed_systems,cloud_infrastructure,networking,security_identity,operations_observability	https://www.amazon.jobs/en/jobs/10501818/software-dev-engineer-ii-aws-container-registry	ee70fbd325ec56f7b6843023b949b3924754c3555ef9b3285d5b7813fcad51de
2026-09-16T15:57:53Z	10501875	6112c9f8-8e6d-42d3-93e2-7943ed568fab	Software Development Engineer, Early Career - 2027, Device - Shenzhen	CN, 44, Shenzhen	Shenzhen	44	CHN	August 14, 2026		Software Development	studentprograms	label=team-jobs-for-grads		not_identified	basic_qualifications	none	distributed_systems,cloud_infrastructure,database_search,application_backend,operations_observability	https://www.amazon.jobs/en/jobs/10501875/software-development-engineer-early-career-2027-device-shenzhen	8e2bfc60f246d5e50f6e35c606524828fb0de48af114594d738c25a67e0c3c59
2026-09-16T15:57:53Z	10501918	3a593a62-be18-4513-b737-41a869aafa7e	Software Development Engineer, Ring AI (Edge AI), RBKS AI	TW, TPE, Taipei	Taipei	TPE	TWN	August 14, 2026		Software Development	alexa-and-amazon-devices	label=team-ring-key-blink		not_identified	basic_qualifications	none	machine_learning,cloud_infrastructure,networking,security_identity,embedded_systems,graphics_media	https://www.amazon.jobs/en/jobs/10501918/software-development-engineer-ring-ai-edge-ai-rbks-ai	f9a1cf5b686f47aa7b4c4eaf20f593b38358b38f1be4658402095223b465a7ac
2026-09-16T15:57:53Z	10501919	f2c844b1-c7cf-4037-8395-532d1f782572	Software Development Engineer, Ring AI (Edge AI), RBKS AI	TW, TPE, Taipei	Taipei	TPE	TWN	August 14, 2026		Software Development	alexa-and-amazon-devices	label=team-ring-key-blink		not_identified	basic_qualifications	none	machine_learning,cloud_infrastructure,networking,security_identity,embedded_systems,graphics_media	https://www.amazon.jobs/en/jobs/10501919/software-development-engineer-ring-ai-edge-ai-rbks-ai	733f6a623c7bd6706b6aec50acc96dac61e8f7f4fb6a9e0aa4289ed5152295c9
2026-09-16T15:57:53Z	10502055	29fb6799-bbd8-44c7-a497-0f23cc1a91a9	Software Development Engineer II , Amazon Cross Border Tech	IN, KA, Bengaluru	Bengaluru	KA	IND	August 14, 2026		Software Development	global-corporate	label=no-team-listed		not_identified	preferred_only	none	database_search,application_backend	https://www.amazon.jobs/en/jobs/10502055/software-development-engineer-ii-amazon-cross-border-tech	6fd352f990be72ac97587f7fd8269267a7d9cb4d3a26794c817b44721841ace0
2026-09-16T15:57:53Z	10502058	b20f8f83-896b-40bf-b79f-9e3ab965b0da	Software Development Engineer II , Amazon Cross Border Tech	IN, KA, Bengaluru	Bengaluru	KA	IND	August 14, 2026		Software Development	global-corporate	label=no-team-listed		not_identified	preferred_only	none	database_search,application_backend	https://www.amazon.jobs/en/jobs/10502058/software-development-engineer-ii-amazon-cross-border-tech	74e3f8ead5a85b343ef09141d2c15632acd00b443391df2632983759b2fe5eb5
2026-09-16T15:57:53Z	10502230	15b5cea2-4807-450f-8519-df1c43a3be39	Software Developer Engineer, L7 Tardigrade Sonar - AWS Load Balancing	IE, D, Dublin	Dublin	D	IRL	August 14, 2026		Software Development	aws	label=team-sde-primary		not_identified	preferred_only	none	distributed_systems,cloud_infrastructure,networking,database_search,security_identity,application_backend,operations_observability	https://www.amazon.jobs/en/jobs/10502230/software-developer-engineer-l7-tardigrade-sonar-aws-load-balancing	f93dc73b908ba7bcf98ad8566564be98b8d3f35d4807153234ee5dd022ecae14
2026-09-16T15:57:53Z	10502322	4cf8ea25-8b98-46e8-adb1-b0f058002984	Software Development Engineer, Agentic AI	US, NJ, Jersey City	Jersey City	NJ	USA	August 14, 2026		Software Development	aws	label=team-sde-primary		not_identified	basic_qualifications	none	machine_learning,distributed_systems,cloud_infrastructure,embedded_systems,application_backend	https://www.amazon.jobs/en/jobs/10502322/software-development-engineer-agentic-ai	3227a2ec8c9391bce437a68dd3648d43dfd03685a595fdb92eb2e91247fde38b
2026-09-16T15:57:53Z	10502405	331e4d6f-3d37-4e1b-8440-43e4bcaf2661	Senior Software Development Engineer, Ads Campaign Management	US, NY, New York	New York	NY	USA	August 14, 2026		Software Development	advertising	label=team-amazon-ads		not_identified	preferred_only	none	machine_learning,distributed_systems,cloud_infrastructure,database_search,graphics_media,application_backend,operations_observability	https://www.amazon.jobs/en/jobs/10502405/senior-software-development-engineer-ads-campaign-management	da2680e5a1b8bb87cde2167c470fe6c763c2c5c6724cdfe0d362c01e5a80bf32
2026-09-16T15:57:53Z	10502407	b88941bd-cd67-4ef9-aba5-b663bd352610	Software Development Engineer, STRADA	US, MN, Minneapolis	Minneapolis	MN	USA	August 14, 2026		Software Development	aws	label=team-sde-primary		not_identified	basic_qualifications	none	distributed_systems,cloud_infrastructure,networking,database_search,security_identity,embedded_systems,application_backend,operations_observability	https://www.amazon.jobs/en/jobs/10502407/software-development-engineer-strada	513b9bcef1a62de1fdab515e05f3d788bf4befb99b8d1297fb8b7ac6fcfe7afd
2026-09-16T15:57:53Z	10502434	194f79bd-02c1-4ede-a1e1-5d418c57cc66	Software Development Engineer, STRADA	US, MN, Minneapolis	Minneapolis	MN	USA	August 14, 2026		Software Development	aws	label=team-sde-primary		not_identified	basic_qualifications	none	distributed_systems,cloud_infrastructure,networking,database_search,security_identity,embedded_systems,application_backend,operations_observability	https://www.amazon.jobs/en/jobs/10502434/software-development-engineer-strada	3bf6223120ee9cecc499f5eeeffb719ad4a7f97f9c26ef69d13588355b7278ac
2026-09-16T15:57:53Z	10502457	97b0a4d6-ea85-40bd-911f-18c2d3f612b3	Sr SDE - MES, Amazon Leo, Manufacturing Execution Systems	US, WA, Bellevue	Bellevue	WA	USA	August 14, 2026		Software Development	alexa-and-amazon-devices	label=devices-and-services-teams		not_identified	preferred_only	none	distributed_systems,networking,security_identity,embedded_systems,operations_observability	https://www.amazon.jobs/en/jobs/10502457/sr-sde-mes-amazon-leo-manufacturing-execution-systems	45db765fafc4bff00335fe49008e55589acc9975da97b9485c7c326b1add3f38
2026-09-16T15:57:53Z	10502472	d44f920b-68f7-4b02-9883-1a58a864d93e	Software Dev Engineer, Items and Offers Platform, Relationship Inference and Correction	US, NY, New York	New York	NY	USA	August 14, 2026		Software Development	ecp	label=team-ascs		not_identified	basic_qualifications	none	machine_learning,distributed_systems,database_search,embedded_systems,application_backend	https://www.amazon.jobs/en/jobs/10502472/software-dev-engineer-items-and-offers-platform-relationship-inference-and-correction	3f89b450ff47b5aaef418fa479df627bd34616ff2473ffab9a3398467c5bee78
2026-09-16T15:57:53Z	10502486	829209d6-16a8-4a0a-937d-f0b207853ae2	Software Engineer I, Payments	US, CA, San Francisco	San Francisco	CA	USA	August 14, 2026		Software Development	subsidiaries	label=team-global-twitch		not_identified	basic_qualifications	none	cloud_infrastructure,graphics_media	https://www.amazon.jobs/en/jobs/10502486/software-engineer-i-payments	aace190e9992540b34c4587ee2bba155d285f505e47047e5e85d00419e7a381a
2026-09-16T15:57:53Z	10502500	99beacf0-5a88-4923-ac30-3b02cae66651	Software Dev Engineer III, Internet Edge Services - Outbound Traffic Controller	CA, BC, Vancouver	Vancouver	BC	CAN	August 14, 2026		Software Development	aws	label=team-sde-primary		not_identified	preferred_only	none	cloud_infrastructure,networking,database_search,security_identity,graphics_media,application_backend,operations_observability	https://www.amazon.jobs/en/jobs/10502500/software-dev-engineer-iii-internet-edge-services-outbound-traffic-controller	d7b15c64ca04e434bd8bcac295f62c7e22de6b58eefe5f5906784f97747f3c21
2026-09-16T15:57:53Z	10502541	e61e8b02-5a09-41e3-8731-42136aa537a0	Sr. Builder - Mobile (Sr. SDE), Ring	CA, ON, Toronto	Toronto	ON	CAN	August 14, 2026		Software Development	alexa-and-amazon-devices	label=team-ring-key-blink		not_identified	preferred_only	mention_only	compiler_mention,cloud_infrastructure,networking,security_identity,frontend_mobile,application_backend,operations_observability	https://www.amazon.jobs/en/jobs/10502541/sr-builder-mobile-sr-sde-ring	739ec3ab526da0ede519192c7d7af1efc801731f72f8aa6c9b5bd8d11491e460
2026-09-16T15:57:53Z	10502560	9a2ee18f-0c55-4a8b-beb4-7218c03378e3	Software Development Engineer, AWS Vulnerability Management (AVM)	US, TX, Austin	Austin	TX	USA	August 14, 2026		Software Development	amazon-security	label=team-aws-security		not_identified	not_stated	none	machine_learning,cloud_infrastructure,security_identity,application_backend	https://www.amazon.jobs/en/jobs/10502560/software-development-engineer-aws-vulnerability-management-avm	ebc9f5df0f3ce0a405903ac415f3ff3aba8d42c8a91a66bd20188902c31ec374
2026-09-16T15:57:53Z	10502605	6352907e-32a9-4d9b-8000-3d8a746776fd	Sr. Software Dev Engineer, Benefits Experience and Technology (BXT)	US, TX, Dallas	Dallas	TX	USA	August 14, 2026		Software Development	pxt	label=team-aet		not_identified	preferred_only	none	cloud_infrastructure,networking,security_identity,operations_observability	https://www.amazon.jobs/en/jobs/10502605/sr-software-dev-engineer-benefits-experience-and-technology-bxt	c50791c386732b5f1fbb979d5fb416d0f24f99fd8723ca884df26dff2f382ce9
2026-09-16T15:57:53Z	10502731	aedebda8-bf0f-40d0-b144-a02d50111334	Sr Software Development Engineer, Perception, Fauna	US, NY, New York	New York	NY	USA	August 14, 2026		Software Development	subsidiaries	label=team-amazon-robotics		not_identified	preferred_only	none	cloud_infrastructure,embedded_systems,graphics_media,operations_observability	https://www.amazon.jobs/en/jobs/10502731/sr-software-development-engineer-perception-fauna	e3b4d5df7003da5fd41403280a4c599b6fb6536df857a88f92ea4e173fb42a15
2026-09-16T15:57:53Z	10502742	d790d314-c3ba-44b4-9421-53f446ac4455	Senior Software Development Engineer, Leo Security	US, VA, Arlington	Arlington	VA	USA	August 14, 2026		Software Development	amazon-security	label=no-team-list		not_identified	preferred_only	none	machine_learning,distributed_systems,cloud_infrastructure,networking,database_search,security_identity,graphics_media,application_backend,operations_observability	https://www.amazon.jobs/en/jobs/10502742/senior-software-development-engineer-leo-security	2ad571c1667c3e9ff96ae4ffbd05e84e3a91dce817e0a706889287950ffc9b76
2026-09-16T15:57:53Z	10502743	69d72561-5469-4621-a5ca-ad83a9433f00	Software Development Engineer, Early Career - 2026	CA, BC, Vancouver	Vancouver	BC	CAN	August 14, 2026		Software Development	studentprograms	label=team-jobs-for-grads		not_identified	basic_qualifications	none	machine_learning,distributed_systems,cloud_infrastructure,database_search,frontend_mobile,application_backend,operations_observability	https://www.amazon.jobs/en/jobs/10502743/software-development-engineer-early-career-2026	b5026962a5e6dff69c1fd6b6bbb997a3e44ed77a1be8e0ec89fa123d15463bd7
2026-09-16T15:57:53Z	10502800	21a83c91-f951-48b5-817f-456dea64b6ce	Senior Software Dev Engineer, EC2 Nitro, EC2 Nitro	US, WA, Seattle	Seattle	WA	USA	August 14, 2026		Software Development	aws	label=team-sde-primary		not_identified	preferred_only	none	machine_learning,cloud_infrastructure,embedded_systems,application_backend	https://www.amazon.jobs/en/jobs/10502800/senior-software-dev-engineer-ec2-nitro-ec2-nitro	c6a8d24def7a59d8cd75a533eacfeb52b8f6230d828b4d997d12d66f86d8287d
2026-09-16T15:57:53Z	10502808	c9007683-0371-4ff6-a012-203c837a8394	Software Development Engineer II, Amazon	IN, TS, Hyderabad	Hyderabad	TS	IND	August 14, 2026		Software Development	finance	label=team-fintech		not_identified	not_stated	none	machine_learning,cloud_infrastructure,security_identity,application_backend	https://www.amazon.jobs/en/jobs/10502808/software-development-engineer-ii-amazon	3e65ea8b03c824ddf4b82f2e35a4f115aca7f17445829635d637fe0f0d7d35b1
2026-09-16T15:57:53Z	10502946	88ffe298-1dd0-4cff-87e9-c7f28fa7be9a	Software Development Engineer, AWS OpenSearch	US, TX, Austin	Austin	TX	USA	August 15, 2026		Software Development	aws	label=team-sde-primary		not_identified	preferred_only	none	machine_learning,distributed_systems,cloud_infrastructure,database_search,security_identity,application_backend,operations_observability	https://www.amazon.jobs/en/jobs/10502946/software-development-engineer-aws-opensearch	6b3bd337f667d6fcf113a7ef23c5866ff196844aa06336a3951825c8d528099d
2026-09-16T15:57:53Z	10502947	5af70d24-f3df-4e39-9307-82baa89c5c7a	Software Development Engineer, Ads Agentic Solutions	US, WA, Seattle	Seattle	WA	USA	August 15, 2026		Software Development	advertising	label=team-amazon-ads		not_identified	preferred_only	none		https://www.amazon.jobs/en/jobs/10502947/software-development-engineer-ads-agentic-solutions	87461413076d098312baeb7fc6c895eb25166545e1e43325a083371a46b5df63
2026-09-16T15:57:53Z	10503183	f72c078e-4cf9-40f3-9586-59ed50c3960d	SDE II, AWS Field Experience	US, WA, Seattle	Seattle	WA	USA	August 16, 2026		Software Development	aws	label=team-sales-primary		not_identified	basic_qualifications	none	distributed_systems,cloud_infrastructure,database_search,security_identity,embedded_systems,frontend_mobile,application_backend	https://www.amazon.jobs/en/jobs/10503183/sde-ii-aws-field-experience	a5b0e60ca71d1e5e870b2648cd48b4bfc730e168b811f5029461f39a4e66d170
2026-09-16T15:57:53Z	10503184	d3610c2e-8180-4115-a23e-afcb5b711d07	SDE II, AWS Field Experience	US, WA, Seattle	Seattle	WA	USA	August 16, 2026		Software Development	aws	label=team-sales-primary		not_identified	basic_qualifications	none	distributed_systems,cloud_infrastructure,database_search,security_identity,frontend_mobile,application_backend	https://www.amazon.jobs/en/jobs/10503184/sde-ii-aws-field-experience	e80025ddda3d5515a55234d0c6572172a20ffd3446103c91acf29d89cbc0e5fa
2026-09-16T15:57:53Z	10503241	6f0421ef-339d-4889-ba57-5f946887b986	Software Dev Engineer, Profit Intelligence	IN, KA, Bengaluru	Bengaluru	KA	IND	August 17, 2026		Software Development	selling-partner-services	label=no-team-listed		not_identified	preferred_only	none	distributed_systems,cloud_infrastructure,database_search,graphics_media,application_backend	https://www.amazon.jobs/en/jobs/10503241/software-dev-engineer-profit-intelligence	3280930836a3b2dcb97484bf4ee75b0d59ea1142a9cec284c316f24fe89cf96a
2026-09-16T15:57:53Z	10503301	76e20673-e5a3-4e43-81c8-c346eab1ad99	Software Development Engineer, Amazon Brand Store	US, WA, Seattle	Seattle	WA	USA	August 17, 2026		Software Development	advertising	label=team-amazon-ads		not_identified	preferred_only	none	machine_learning,distributed_systems,embedded_systems,application_backend	https://www.amazon.jobs/en/jobs/10503301/software-development-engineer-amazon-brand-store	0b767898d123cc103ba070a1f1d8959c7d22c69333264259ee3f22fce6f7a5ab
2026-09-16T15:57:53Z	10503597	459fce71-ce05-41a1-806f-bf07b0d21745	Software Development Engineer, AWS	US, WA, Seattle	Seattle	WA	USA	August 17, 2026		Software Development	aws	label=team-aws-sdm		not_identified	basic_qualifications	mention_only	compiler_mention,machine_learning,distributed_systems,cloud_infrastructure,networking,security_identity,embedded_systems,graphics_media,application_backend,operations_observability	https://www.amazon.jobs/en/jobs/10503597/software-development-engineer-aws	b7e2b0a3e5fcdf1d92df219fca031e14a181021cee2b0a3652e667d6017e58a5
2026-09-16T15:57:53Z	10503646	2cf12b93-60b3-4bc8-abef-d57b48c318ce	Software Development Engineer II , Risk and Compliance Solutions (RCS)	IN, KA, Bengaluru	Bengaluru	KA	IND	August 17, 2026		Software Development	selling-partner-services	label=no-team-listed		not_identified	preferred_only	none	distributed_systems,cloud_infrastructure,database_search,operations_observability	https://www.amazon.jobs/en/jobs/10503646/software-development-engineer-ii-risk-and-compliance-solutions-rcs	ba44a6b8658bb99645657ea0cce19ed821cd9448333b2374317a8f2f731024e7
2026-09-16T15:57:53Z	10503677	1bb9df8a-a091-4db6-aa84-0e8fdd3b678c	Software Development Engineer II, Amazon Robotics	US, MA, Boston	Boston	MA	USA	August 17, 2026		Software Development	subsidiaries	label=team-amazon-robotics		not_identified	preferred_only	none	machine_learning,distributed_systems,cloud_infrastructure,networking	https://www.amazon.jobs/en/jobs/10503677/software-development-engineer-ii-amazon-robotics	422e13ff8f2bde337328f039dc74cdb44060ec27fceec0679503468fbcee7c46
2026-09-16T15:57:53Z	10503684	473b3afc-e5e8-4526-badb-c781e3fa7a03	Software Development Engineer, AI Data Infrastructure	US, MA, N.reading	N.reading	MA	USA	August 17, 2026		Software Development	subsidiaries	label=team-amazon-robotics		not_identified	basic_qualifications	none	distributed_systems,cloud_infrastructure,database_search,embedded_systems,operations_observability	https://www.amazon.jobs/en/jobs/10503684/software-development-engineer-ai-data-infrastructure	e3666a5c68c075c4608021f5afb23c559c5f80f073c8c00fb7113e8a612cc25f
2026-09-16T15:57:53Z	10503697	459f9446-5253-47e9-851e-0d933d402f32	Senior Software Engineer, Billing Data Services	US, WA, Seattle	Seattle	WA	USA	August 17, 2026		Software Development	aws	label=team-sde-primary		not_identified	preferred_only	none	distributed_systems,cloud_infrastructure,database_search,operations_observability	https://www.amazon.jobs/en/jobs/10503697/senior-software-engineer-billing-data-services	011ac553859d4d642d9fe6b8c2437eda345ffb06ac8f88d3df29de3977e7d698
2026-09-16T15:57:53Z	10503715	af4be724-e251-4b97-b110-99db68fdc0e5	Software Development Engineer II, Amazon Fulfillment Technologies (AFT) - Workforce Optimization	CA, ON, Toronto	Toronto	ON	CAN	August 17, 2026		Software Development	operations	label=team-amazon-fulfillment-technology		not_identified	preferred_only	none	distributed_systems,networking	https://www.amazon.jobs/en/jobs/10503715/software-development-engineer-ii-amazon-fulfillment-technologies-aft-workforce-optimization	5e2f85cefa74181e8fedddff9a18c18ff16ef5e6026d07c1fe36c7c302fb0982
2026-09-16T15:57:53Z	10503752	07042586-d2ac-40ff-b48e-17287a9fb0c8	Senior Software Development Engineer	US, MA, N.reading	N.reading	MA	USA	August 17, 2026		Software Development	subsidiaries	label=team-amazon-robotics		not_identified	not_stated	none	distributed_systems,cloud_infrastructure,operations_observability	https://www.amazon.jobs/en/jobs/10503752/senior-software-development-engineer	24d65d73025ea0ebd7c2996eb7065be7fd69e9f50cd3bb67bcd9d8220c3ffb8d
2026-09-16T15:57:53Z	10503775	32ae6e92-d892-48b0-a6e2-aee5779e15d0	Software Development Engineer, Building Connectivity Service Automation	US, WA, Seattle	Seattle	WA	USA	August 17, 2026		Software Development	aws	label=team-sde-primary		not_identified	basic_qualifications	none	distributed_systems,cloud_infrastructure,networking,database_search,security_identity,embedded_systems,application_backend,operations_observability	https://www.amazon.jobs/en/jobs/10503775/software-development-engineer-building-connectivity-service-automation	dd5982f563c9722b9a0e440190a24b3a18ed4035fc3f9ea5f43b245ff277abc0
2026-09-16T15:57:53Z	10503776	853dcbdb-a5c7-42a5-b9f2-a89d22769fdc	Software Engineer, Selection Monitoring, Selection Monitoring	IN, KA, Bengaluru	Bengaluru	KA	IND	August 17, 2026		Software Development	ecp	label=team-ascs		not_identified	basic_qualifications	none	machine_learning,distributed_systems,cloud_infrastructure,database_search,security_identity,graphics_media,application_backend,operations_observability	https://www.amazon.jobs/en/jobs/10503776/software-engineer-selection-monitoring-selection-monitoring	a17151cd2822484357b69bc18cfc426dcb8cbe8c356dabcbadd41567fff6f95f
2026-09-16T15:57:53Z	10503777	fa9190af-b81e-404e-ab4a-8d75c17a137b	Senior Software Development Engineer, Building Connectivity Service Automation	US, WA, Seattle	Seattle	WA	USA	August 17, 2026		Software Development	aws	label=team-sde-primary		not_identified	preferred_only	none	distributed_systems,cloud_infrastructure,networking,database_search,security_identity,application_backend,operations_observability	https://www.amazon.jobs/en/jobs/10503777/senior-software-development-engineer-building-connectivity-service-automation	94b5b16b5a41c4e32e0c63a07725658bb97f06bd5dae83326e6541119f5bfa17
2026-09-16T15:57:53Z	10503778	d10c9963-ebca-43bd-8c44-eaa13575e77d	Software Development Engineer	IN, KA, Bengaluru	Bengaluru	KA	IND	August 17, 2026		Software Development	ecp	label=team-ascs		not_identified	basic_qualifications	none	machine_learning,distributed_systems,database_search,security_identity,operations_observability	https://www.amazon.jobs/en/jobs/10503778/software-development-engineer	062afeb4f64970bb59b993a76bfac51a45b317785b428836a4fe9e0ac2240a2a
2026-09-16T15:57:53Z	10503794	e30626da-81be-49d4-a6f0-fd3202e78bfe	Sr. Software Development Engineer, Kiro Control Plane	US, WA, Seattle	Seattle	WA	USA	August 17, 2026		Software Development	aws	label=team-sde-primary		not_identified	preferred_only	none	distributed_systems,cloud_infrastructure,networking,security_identity,operations_observability	https://www.amazon.jobs/en/jobs/10503794/sr-software-development-engineer-kiro-control-plane	cf422903a7bade9d314f2884e70d40823343ce26d4988733dd738842a67270c7
2026-09-16T15:57:53Z	10503841	2ffbd09a-8032-469c-a601-ab11345aca3e	Software Dev Engineer II-TEST , Agentic Workspaces	US, WA, Seattle	Seattle	WA	USA	August 17, 2026		Software Development	aws	label=team-sde-primary		not_identified	not_stated	none	cloud_infrastructure,networking,database_search,security_identity,graphics_media,application_backend	https://www.amazon.jobs/en/jobs/10503841/software-dev-engineer-ii-test-agentic-workspaces	a73bc1cd0160a24785bfb4c67b8df106097efa012a822590d7e5bee38643bc91
2026-09-16T15:57:53Z	10503842	956f07af-a0a2-495b-9ae6-997c5844a5a3	Software Development Engineer II, AWS WorkSpaces	US, WA, Seattle	Seattle	WA	USA	August 17, 2026		Software Development	aws	label=team-sde-primary		not_identified	preferred_only	none	distributed_systems,cloud_infrastructure,networking,security_identity,graphics_media,application_backend,operations_observability	https://www.amazon.jobs/en/jobs/10503842/software-development-engineer-ii-aws-workspaces	551fcab1583b1183f17363f41f515701cad6dd7c5b9ccdb7e2e200c4d3df7a2f
2026-09-16T15:57:53Z	10503864	606826db-67b1-44c9-a4cf-92bc85dcd695	Software Development Engineer - Security Automation, AWS Security Epoxy	GB, London	London		GBR	August 17, 2026		Software Development	amazon-security	label=team-aws-security		not_identified	preferred_only	none	cloud_infrastructure,security_identity,frontend_mobile,operations_observability	https://www.amazon.jobs/en/jobs/10503864/software-development-engineer-security-automation-aws-security-epoxy	b121e0161b86b346a7762cea05c3f2121da1abcad685c824120bd7be8b6706ad
2026-09-16T15:57:53Z	10503889	4cf27996-3158-426d-95f3-4f7f4f6f4b1d	Software Development Engineer - Security Automation, AWS Security Epoxy	FR, Courbevoie	Courbevoie		FRA	August 17, 2026		Software Development	amazon-security	label=team-aws-security		not_identified	basic_qualifications	none	cloud_infrastructure,database_search,security_identity,frontend_mobile,operations_observability	https://www.amazon.jobs/en/jobs/10503889/software-development-engineer-security-automation-aws-security-epoxy	8fb6aad81c84a200a8ca7cd099b7ff3f50f6317794692ba4760c1d052e1c0960
2026-09-16T15:57:53Z	10503911	bd8cdf1d-1809-4531-ae49-2f77dfe78324	Software Development Engineer, AWS - Amazon EKS	CA, BC, Vancouver	Vancouver	BC	CAN	August 17, 2026		Software Development	aws	label=team-sde-primary		not_identified	preferred_only	none	distributed_systems,cloud_infrastructure,security_identity,application_backend,operations_observability	https://www.amazon.jobs/en/jobs/10503911/software-development-engineer-aws-amazon-eks	42e8731b5be2ac07b68cce644d2f3a12fa7221ce0665add22c7580969046030e
2026-09-16T15:57:53Z	10503915	a815df39-f14a-46e6-af76-5fccd8d817a1	Software Dev Engineer II, Amazon Leo Commerce	IN, KA, Bengaluru	Bengaluru	KA	IND	August 17, 2026		Software Development	alexa-and-amazon-devices	label=team-project-kuiper		not_identified	preferred_only	none	cloud_infrastructure,networking,security_identity	https://www.amazon.jobs/en/jobs/10503915/software-dev-engineer-ii-amazon-leo-commerce	a1618ebe03909b4281705b384fc58336d19dddbb267d4bf1b7395885bd6f133a
2026-09-16T15:57:53Z	10503976	ed2cc09e-5f27-48e0-b961-57aed24b1e56	Sr. Software Development Engineer, Amazon Quick	US, CA, Santa Clara	Santa Clara	CA	USA	August 17, 2026		Software Development	aws	label=team-sde-primary		not_identified	preferred_only	none	machine_learning,distributed_systems,cloud_infrastructure	https://www.amazon.jobs/en/jobs/10503976/sr-software-development-engineer-amazon-quick	332fe0bd8e19d9b7e2711031a7b683367e9203aa3d39e11c49d60bfb4a66105f
2026-09-16T15:57:53Z	10503995	2bca481c-7c0c-49d7-ae0a-fc018d74cf34	Software Development Engineer, AWS Vulnerability Management (AVM)	US, TX, Austin	Austin	TX	USA	August 17, 2026		Software Development	amazon-security	label=team-aws-security		not_identified	not_stated	none	machine_learning,cloud_infrastructure,security_identity,application_backend	https://www.amazon.jobs/en/jobs/10503995/software-development-engineer-aws-vulnerability-management-avm	835af9c2f06af5a62bb2ef4f9ba6ccca3cd4271e1a481fdf220255bf06ecb738
2026-09-16T15:57:53Z	10503999	87d823a2-e45f-469f-ae75-a5d3351cafe5	Software Dev Engineer, AWS WAF Bot Control and Fraud Prevention	US, WA, Seattle	Seattle	WA	USA	August 17, 2026		Software Development	aws	label=team-sde-primary		not_identified	basic_qualifications	none	distributed_systems,cloud_infrastructure,networking,database_search,security_identity,embedded_systems,application_backend	https://www.amazon.jobs/en/jobs/10503999/software-dev-engineer-aws-waf-bot-control-and-fraud-prevention	b2ebd5e309d0b6d908efc76bf4203b7b9ca8a9dd0b02f6fce991cd90a0f665b1
2026-09-16T15:57:53Z	10504029	0a3a3603-378e-42c7-aa90-28149ba6d4af	Software Development Engineer, AWS OpenSearch Service	US, TX, Austin	Austin	TX	USA	August 17, 2026		Software Development	aws	label=team-sde-primary		not_identified	basic_qualifications	none	distributed_systems,cloud_infrastructure,networking,database_search,security_identity,embedded_systems,operations_observability	https://www.amazon.jobs/en/jobs/10504029/software-development-engineer-aws-opensearch-service	140765ab1b6945976fca71e1f40f15a2bcc375a686392d4a7fc9ba605561af1d
2026-09-16T15:57:53Z	10504032	7bb2ec89-ec6f-47c5-a5df-1614b429824d	Software Development Engineer, AWS OpenSearch	US, TX, Austin	Austin	TX	USA	August 17, 2026		Software Development	aws	label=team-sde-primary		not_identified	preferred_only	none	machine_learning,distributed_systems,cloud_infrastructure,database_search,security_identity,application_backend,operations_observability	https://www.amazon.jobs/en/jobs/10504032/software-development-engineer-aws-opensearch	99cb8922dfabce4df33edc60c81c67200c432bf2d772e96c91002aa3d8cdda47
2026-09-16T15:57:53Z	10504123	25ca5f0c-3a74-4268-b8de-41ca55e98566	Software Development Engineer, Amazon Devices, DS2 (Device Software & Services)	US, CO, Denver	Denver	CO	USA	August 17, 2026		Software Development	alexa-and-amazon-devices	label=devices-and-services-teams		not_identified	basic_qualifications	none	distributed_systems,cloud_infrastructure,operations_observability	https://www.amazon.jobs/en/jobs/10504123/software-development-engineer-amazon-devices-ds2-device-software-services	5d5bdf7df0f49718430cfab8d79393edb09227ef26f0e8ebf648d13d421130eb
2026-09-16T15:57:53Z	10504173	5420a64e-7965-49dd-8a86-d918fc1b05c7	Software Development Engineer, Leo Autopilot	US, WA, Redmond	Redmond	WA	USA	August 17, 2026		Software Development	alexa-and-amazon-devices	label=team-project-kuiper		not_identified	preferred_only	none	cloud_infrastructure	https://www.amazon.jobs/en/jobs/10504173/software-development-engineer-leo-autopilot	3c92b27b1bd8e6130c138df7325883e359bade73bade39888ab9c9f68608faf7
2026-09-16T15:57:53Z	10504174	7c4df082-1c97-427f-8bf3-2331690adf9a	Software Development Engineer, Leo Autopilot	US, WA, Redmond	Redmond	WA	USA	August 17, 2026		Software Development	alexa-and-amazon-devices	label=team-project-kuiper		not_identified	preferred_only	none	cloud_infrastructure	https://www.amazon.jobs/en/jobs/10504174/software-development-engineer-leo-autopilot	d80d3743c2ca2b65ecfa559513df7748eccb46448a68662614803343155b47cf
2026-09-16T15:57:53Z	10504175	a738fff7-5e17-45da-983c-efecbd5c0cd6	Software Development Engineer, Leo Autopilot	US, WA, Redmond	Redmond	WA	USA	August 17, 2026		Software Development	alexa-and-amazon-devices	label=team-project-kuiper		not_identified	preferred_only	none	cloud_infrastructure	https://www.amazon.jobs/en/jobs/10504175/software-development-engineer-leo-autopilot	001e531e33f9afd39cb273121941c2217431a06a706472c97a3d3ac17d91e2f8
2026-09-16T15:57:53Z	10504210	b6bdad23-5f05-47ec-b704-04879ff50b3f	Senior Embedded Software Development Engineer - Sensor & Compute, Amazon Robotics	US, MA, North Reading	North Reading	MA	USA	August 17, 2026		Software Development	subsidiaries	label=team-amazon-robotics		not_identified	basic_qualifications	none	machine_learning,networking,embedded_systems	https://www.amazon.jobs/en/jobs/10504210/senior-embedded-software-development-engineer-sensor-compute-amazon-robotics	86ec356309349560978f9374a721bd9e259f50f652d0aad7b2a6d19c056cfc36
2026-09-16T15:57:53Z	10504368	5018f058-6fcf-41f6-b629-494a6aee59a7	Software Development Engineer, Amazon Leo AI Foundations	US, WA, Redmond	Redmond	WA	USA	August 17, 2026		Software Development	alexa-and-amazon-devices	label=team-project-kuiper		not_identified	preferred_only	none	machine_learning,distributed_systems,cloud_infrastructure,networking,database_search,security_identity,application_backend	https://www.amazon.jobs/en/jobs/10504368/software-development-engineer-amazon-leo-ai-foundations	e30c6e0b610eab23d1d47c433220b6feb4d2454f710ab2428a6c56d205db2953
2026-09-16T15:57:53Z	10504369	ed0a6c71-084a-44f9-bbfa-b12445770291	Software Dev Engineer, Amazon Leo AI Foundations	US, WA, Redmond	Redmond	WA	USA	August 17, 2026		Software Development	alexa-and-amazon-devices	label=team-project-kuiper		not_identified	preferred_only	none	machine_learning,distributed_systems,cloud_infrastructure,networking,database_search,security_identity,application_backend	https://www.amazon.jobs/en/jobs/10504369/software-dev-engineer-amazon-leo-ai-foundations	a6620a68476be007f272ea44d69140591214bd40bae240812307926bcc3ecea7
2026-09-16T15:57:53Z	10504387	0c75716d-4bbc-4e38-9e43-1dab3f30776d	Sr. Software Development Engineer, AWS Global Accelerator	US, WA, Seattle	Seattle	WA	USA	August 17, 2026		Software Development	aws	label=team-sde-primary		not_identified	preferred_only	none	distributed_systems,cloud_infrastructure,networking,database_search,security_identity,graphics_media,application_backend	https://www.amazon.jobs/en/jobs/10504387/sr-software-development-engineer-aws-global-accelerator	1877566aef0e298f4feff3eca7adbc861fbab1827590aac8866a2922bcc02d23
2026-09-16T15:57:53Z	10504428	1f2f5ad0-2fd2-47ed-b00e-54e489682142	SDE II - Network Observability, Leo Networking Software	US, WA, Redmond	Redmond	WA	USA	August 18, 2026		Software Development	alexa-and-amazon-devices	label=team-project-kuiper		not_identified	preferred_only	none	distributed_systems,cloud_infrastructure,networking,embedded_systems,operations_observability	https://www.amazon.jobs/en/jobs/10504428/sde-ii-network-observability-leo-networking-software	5364bc0c16ca9563f4689e5156f46863a99403b65fa2d744d4d9972fa7fe841a
2026-09-16T15:57:53Z	10504429	868cce7c-ac6b-4489-b129-011f1a54ca06	Software Dev Engineer, Amazon Leo AI Foundations	US, WA, Redmond	Redmond	WA	USA	August 18, 2026		Software Development	alexa-and-amazon-devices	label=team-project-kuiper		not_identified	preferred_only	none	machine_learning,distributed_systems,cloud_infrastructure,networking,database_search,security_identity,application_backend	https://www.amazon.jobs/en/jobs/10504429/software-dev-engineer-amazon-leo-ai-foundations	79949f7ac7434be5a3a33900b522045c2e7585cca2b623c106aa686260c9ea00
2026-09-16T15:57:53Z	10504431	86af9c83-7be3-4854-83b9-8d19153b7582	Software Dev Engineer, Amazon Leo AI Foundations	US, WA, Redmond	Redmond	WA	USA	August 18, 2026		Software Development	alexa-and-amazon-devices	label=team-project-kuiper		not_identified	preferred_only	none	machine_learning,distributed_systems,cloud_infrastructure,networking,database_search,security_identity,application_backend	https://www.amazon.jobs/en/jobs/10504431/software-dev-engineer-amazon-leo-ai-foundations	9b8b14e3b1a6bfaf961902190154a7f0b7d6eae6d6f8a1900e283c3235e5da4b
2026-09-16T15:57:53Z	10504432	6d9c2fe2-6c24-4620-a0fc-f393d025bcfc	Sr. Software Dev Engineer, Leo AI Foundations	US, WA, Redmond	Redmond	WA	USA	August 18, 2026		Software Development	alexa-and-amazon-devices	label=team-project-kuiper		not_identified	preferred_only	none	machine_learning,distributed_systems,cloud_infrastructure,networking,database_search,security_identity,application_backend	https://www.amazon.jobs/en/jobs/10504432/sr-software-dev-engineer-leo-ai-foundations	6c59d1173f7362304f3509a1df9f4ac8c38e8d6b0a09e67e813c071518e66880
2026-09-16T15:57:53Z	10504433	75cbaafb-5fa0-49a4-8629-1e73f8f92cdb	Sr. Software Dev Engineer, Leo AI Foundations	US, WA, Redmond	Redmond	WA	USA	August 18, 2026		Software Development	alexa-and-amazon-devices	label=team-project-kuiper		not_identified	preferred_only	none	machine_learning,distributed_systems,cloud_infrastructure,networking,database_search,security_identity,application_backend	https://www.amazon.jobs/en/jobs/10504433/sr-software-dev-engineer-leo-ai-foundations	02966c79db5bd35e1514d56cdc9ca8be5ac8e29412852876a09e6dcdb2653d85
2026-09-16T15:57:53Z	10504434	81666365-2ed2-44d0-9c0c-5ba5f466b9e5	Sr. Software Dev Engineer, Leo AI Foundations	US, WA, Redmond	Redmond	WA	USA	August 18, 2026		Software Development	alexa-and-amazon-devices	label=team-project-kuiper		not_identified	preferred_only	none	machine_learning,distributed_systems,cloud_infrastructure,networking,database_search,security_identity,application_backend	https://www.amazon.jobs/en/jobs/10504434/sr-software-dev-engineer-leo-ai-foundations	c14447f699bbb0ad83c2f23db163184fd6189ed31c97b95ba99445df82c6b778
2026-09-16T15:57:53Z	10504474	b7632ddf-284f-484a-8f12-6192319e9d07	Software Development Engineer, Cinder	US, WA, Seattle	Seattle	WA	USA	August 18, 2026		Software Development	advertising	label=team-amazon-ads		not_identified	preferred_only	none		https://www.amazon.jobs/en/jobs/10504474/software-development-engineer-cinder	cda37ab2c1486142f3a166d27614a1ec34c2caccb2011fb82c96ef511efb3bb2
2026-09-16T15:57:53Z	10504597	b0c027c8-cafe-464a-b123-5d2fdbf30c06	Software Development Engineer II, AWS WorkSpaces	US, WA, Seattle	Seattle	WA	USA	August 18, 2026		Software Development	aws	label=team-sde-primary		not_identified	preferred_only	none	distributed_systems,cloud_infrastructure,networking,security_identity,graphics_media,application_backend,operations_observability	https://www.amazon.jobs/en/jobs/10504597/software-development-engineer-ii-aws-workspaces	4a89e48a9d94f8779922b58d62dbbd904e666cf0a9d84dab986c1059b2e15bf2
2026-09-16T15:57:53Z	10504748	58ec54c2-f3f3-4146-b522-b79a27e4a865	Software Development Engineer, IAM, Authorization Management	RO, Iasi	Iasi		ROU	August 18, 2026		Software Development	amazon-security	label=team-store-security		not_identified	basic_qualifications	none	machine_learning,distributed_systems,cloud_infrastructure,security_identity	https://www.amazon.jobs/en/jobs/10504748/software-development-engineer-iam-authorization-management	c22d0cc23937349caafe683675f9188a6f9319c0249f808f37ca2d03b40d4905
2026-09-16T15:57:53Z	10504749	f6a5a155-a220-49f4-8eea-bb2dbe8cc3a5	Senior Software Engineer, AppSTAR COMPASS	US, TX, Austin	Austin	TX	USA	August 18, 2026		Software Development	amazon-security	label=team-store-security		not_identified	preferred_only	none	machine_learning,cloud_infrastructure,database_search,security_identity,operations_observability	https://www.amazon.jobs/en/jobs/10504749/senior-software-engineer-appstar-compass	f020c99e063056dcbc7b29ca87b5353a28d04b57ee87acc00f25f0654e69b1e4
2026-09-16T15:57:53Z	10504754	98452703-19e4-442a-86c9-55c6c567b5d0	Software Engineer, AppSTAR COMPASS	US, TX, Austin	Austin	TX	USA	August 18, 2026		Software Development	amazon-security	label=team-store-security		not_identified	basic_qualifications	none	distributed_systems,cloud_infrastructure,security_identity,embedded_systems,operations_observability	https://www.amazon.jobs/en/jobs/10504754/software-engineer-appstar-compass	8a2297aba5c4e9f27521a6ead0cb7f24cd3c89b6b98973a50c6558ac77bd663e
2026-09-16T15:57:53Z	10504756	ce693f8c-f0d6-49f9-8b90-09c6a8d5faae	Software Engineer, AppSTAR COMPASS	US, TX, Austin	Austin	TX	USA	August 18, 2026		Software Development	amazon-security	label=team-store-security		not_identified	basic_qualifications	none	distributed_systems,cloud_infrastructure,security_identity,embedded_systems,operations_observability	https://www.amazon.jobs/en/jobs/10504756/software-engineer-appstar-compass	9d3c7c3e0dee58c0b4ce9efe1f3d1624f7f59386fb4eb43c4fe8a92def09d6ea
2026-09-16T15:57:53Z	10504759	80f4819f-7492-436c-98f8-ff28f7a68dd3	Software Engineer, AppSTAR COMPASS	US, TX, Austin	Austin	TX	USA	August 18, 2026		Software Development	amazon-security	label=team-store-security		not_identified	basic_qualifications	none	distributed_systems,cloud_infrastructure,security_identity,embedded_systems,operations_observability	https://www.amazon.jobs/en/jobs/10504759/software-engineer-appstar-compass	a5c5f8b9a46330d649351a6e351216a925a9f4f4191fcb49ecadddd5c5656b47
2026-09-16T15:57:53Z	10504767	303af1f7-22ea-4f18-8cd0-c869c1222710	Software Engineer, AppSTAR COMPASS	US, TX, Austin	Austin	TX	USA	August 18, 2026		Software Development	amazon-security	label=team-store-security		not_identified	basic_qualifications	none	distributed_systems,cloud_infrastructure,security_identity,embedded_systems,operations_observability	https://www.amazon.jobs/en/jobs/10504767/software-engineer-appstar-compass	512e4d8f49659f48d52615a1f6d98f0229292cf3a1916aa153efa681ca807c18
2026-09-16T15:57:53Z	10504911	d9ebb6f5-3128-4d15-9ca5-3b1323ee3fc7	Software Development Engineer, Compliance & Safety Services	RO, Iasi	Iasi		ROU	August 18, 2026		Software Development	amazon-business	label=no-team-listed		not_identified	preferred_only	none	machine_learning,distributed_systems,cloud_infrastructure,networking,security_identity,application_backend	https://www.amazon.jobs/en/jobs/10504911/software-development-engineer-compliance-safety-services	c832ae741a33d2d327ff06c73324b29a37597835661ad9e339c295701bedb317
2026-09-16T15:57:53Z	10504942	d8bccd76-4959-4919-b51c-010696b8cb2d	Software Development Engineer II, AWS ECS	US, WA, Seattle	Seattle	WA	USA	August 18, 2026		Software Development	aws	label=team-sde-primary		not_identified	basic_qualifications	none	distributed_systems,cloud_infrastructure,networking,security_identity,embedded_systems,application_backend,operations_observability	https://www.amazon.jobs/en/jobs/10504942/software-development-engineer-ii-aws-ecs	5523f7bc49ab4af93a86783ffdfcc604f898d9fee9f1692fdda7e5573c1a4f7e
2026-09-16T15:57:53Z	10505107	d62aeccf-cd2d-4b7b-a485-857024fc0fd9	Software Development Engineer, iOS	US, NJ, Newark	Newark	NJ	USA	August 18, 2026		Software Development	subsidiaries	label=team-global-audible		not_identified	basic_qualifications	none	frontend_mobile	https://www.amazon.jobs/en/jobs/10505107/software-development-engineer-ios	a1c487378545f3d0f75e106e3144bcc5aa5e993c800281f2b1e5cc1c7c2047f6
2026-09-16T15:57:53Z	10505276	22b29f7c-dfa0-4080-a26c-0f4ef5c0e529	Software Dev Engineer, CloudFront (Routing Dataplane)	IE, D, Dublin	Dublin	D	IRL	August 18, 2026		Software Development	aws	label=team-sde-primary		not_identified	not_stated	none	distributed_systems,cloud_infrastructure,networking,security_identity,application_backend,operations_observability	https://www.amazon.jobs/en/jobs/10505276/software-dev-engineer-cloudfront-routing-dataplane	733939bd29dcb32373fe08a3c73346b45941601fccddfb86017e45972345c367
2026-09-16T15:57:53Z	10505474	0253300b-5a6f-485a-9a0c-2ce0fcfd5086	Senior Software Development Engineer, AI/ML, AWS Neuron, Model Inference	US, CA, Cupertino	Cupertino	CA	USA	August 18, 2026		Software Development	aws	label=team-machine-learning-primary		not_identified	basic_qualifications	mention_only	compiler_mention,machine_learning,distributed_systems,cloud_infrastructure,embedded_systems	https://www.amazon.jobs/en/jobs/10505474/senior-software-development-engineer-ai-ml-aws-neuron-model-inference	f237eb07a05fe052f908439574e0fa7cc3a51000a68a2cf1430a8fa6d5b231ba
2026-09-16T15:57:53Z	10505609	098dd6d7-4f6b-45f0-9676-306d80baaadf	Software Dev Engineer - AI Agents (Prioritária para Pessoas com Deficiencia), IES LATech	BR, SP, Sao Paulo	Sao Paulo	SP	BRA	August 18, 2026		Software Development	retail	label=team-intech		not_identified	preferred_only	none	machine_learning	https://www.amazon.jobs/en/jobs/10505609/software-dev-engineer-ai-agents-prioritaria-para-pessoas-com-deficiencia-ies-latech	7cf1a0544f52de71e1f2627e7493c8504a8ac493dc57ebf7c5dd93cac740b7c3
2026-09-16T15:57:53Z	10505642	8aeafdd2-1854-4f03-a82a-3515b7f8878a	Software Development Engineer, EC2 Nitro High Memory and HPC team	US, CA, Santa Clara	Santa Clara	CA	USA	August 18, 2026		Software Development	aws	label=team-sde-primary		not_identified	preferred_only	none	cloud_infrastructure,database_search,security_identity,embedded_systems,application_backend	https://www.amazon.jobs/en/jobs/10505642/software-development-engineer-ec2-nitro-high-memory-and-hpc-team	01c35473b065debbc74b0966e1839dde66e9973a126bf80124b135c3fd57cc81
2026-09-16T15:57:53Z	10505644	0372859a-e0e0-4f26-81f7-39bf732c1d50	Software Development Engineer, EC2 Nitro High Memory and HPC team	US, CA, Santa Clara	Santa Clara	CA	USA	August 18, 2026		Software Development	aws	label=team-sde-primary		not_identified	preferred_only	none	cloud_infrastructure,database_search,security_identity,embedded_systems,application_backend	https://www.amazon.jobs/en/jobs/10505644/software-development-engineer-ec2-nitro-high-memory-and-hpc-team	9b2e5a15b5787796d5599b6f1e89842b2cb962dbd69b824494a56db97a6938a2
2026-09-16T15:57:53Z	10505645	d620a526-5a96-4512-a214-b9cd73a25037	Software Development Engineer, EC2 Nitro High Memory and HPC team	US, CA, Santa Clara	Santa Clara	CA	USA	August 18, 2026		Software Development	aws	label=team-sde-primary		not_identified	preferred_only	none	cloud_infrastructure,database_search,security_identity,embedded_systems,application_backend	https://www.amazon.jobs/en/jobs/10505645/software-development-engineer-ec2-nitro-high-memory-and-hpc-team	570dfb107b758d8f5aae2bb4f8b04181286685228ed0579aca19f2a89a186147
2026-09-16T15:57:53Z	10505669	16df76d3-f540-441f-9c81-9523601449cd	Software Development Engineer, Personalization, Amazon Personalization	US, WA, Seattle	Seattle	WA	USA	August 18, 2026		Software Development	consumer_engagement	label=team-personalization		not_identified	preferred_only	none	machine_learning,application_backend	https://www.amazon.jobs/en/jobs/10505669/software-development-engineer-personalization-amazon-personalization	750a99d00b08a99cba459e14643ae02b56c83f14dc7caaa18ab7657ab1f4580b
2026-09-16T15:57:53Z	10505673	171e689a-50d5-4a6b-8c64-2e4c3ed6d402	Senior Software Development Engineer, Amazon Personalization - Customer 360	US, WA, Seattle	Seattle	WA	USA	August 18, 2026		Software Development	consumer_engagement	label=team-personalization		not_identified	preferred_only	none	distributed_systems,database_search	https://www.amazon.jobs/en/jobs/10505673/senior-software-development-engineer-amazon-personalization-customer-360	051deded8210005db6d5f1218e3ee8cd9e0f27e86b3c59dd58e3149719422daf
2026-09-16T15:57:53Z	10505707	dfb0726d-b810-4a05-ae0a-6434079f5bd7	Sr. Software Development Engineer, Amazon Leo	US, WA, Redmond	Redmond	WA	USA	August 18, 2026		Software Development	alexa-and-amazon-devices	label=team-project-kuiper		not_identified	preferred_only	none	networking,security_identity,embedded_systems	https://www.amazon.jobs/en/jobs/10505707/sr-software-development-engineer-amazon-leo	de48b3eaa30f8cc934a23c4b57237288c202295d8c93b3a30e00f70fd708759f
2026-09-16T15:57:53Z	10505759	16c99be5-5b0c-4818-a065-f40a0691254b	Software Development Engineer, Sponsored Products and Brands	US, CA, Palo Alto	Palo Alto	CA	USA	August 18, 2026		Software Development	advertising	label=team-amazon-ads		not_identified	basic_qualifications	none	machine_learning,distributed_systems,cloud_infrastructure,database_search,embedded_systems	https://www.amazon.jobs/en/jobs/10505759/software-development-engineer-sponsored-products-and-brands	6e46c9ee16ff3e5090b9f4b74112788bf0da92727e65a82a6b50c3ce3e292310
2026-09-16T15:57:53Z	10505871	976d6061-8bc6-4fdd-8b62-3512f835f9f9	Software Development Engineer, AWS Central SDE Team	US, WA, Seattle	Seattle	WA	USA	August 18, 2026		Software Development	aws	label=team-aws-sdm		not_identified	basic_qualifications	mention_only	compiler_mention,machine_learning,distributed_systems,cloud_infrastructure,networking,security_identity,embedded_systems,graphics_media,application_backend,operations_observability	https://www.amazon.jobs/en/jobs/10505871/software-development-engineer-aws-central-sde-team	f8f63a7b3da1961ceef04ee5ce70edb908c0258474ac16849dd50f0089e733a4
2026-09-16T15:57:53Z	10505873	44ca65c9-f11c-4d2f-ab4a-fe4f37a7d59d	Software Development Engineer, AWS Central SDE Team	US, WA, Seattle	Seattle	WA	USA	August 18, 2026		Software Development	aws	label=team-aws-sdm		not_identified	basic_qualifications	mention_only	compiler_mention,machine_learning,distributed_systems,cloud_infrastructure,networking,security_identity,embedded_systems,graphics_media,application_backend,operations_observability	https://www.amazon.jobs/en/jobs/10505873/software-development-engineer-aws-central-sde-team	69f962a8a1d5fe8d2a5c6389bd6568ad3eec7fbd0e37d9073752f639fe10e7fd
2026-09-16T15:57:53Z	10505887	07f703ca-f3c1-4629-af9d-f51acafd0e47	Software Engineer II, Athena Engine Front End	US, NY, New York	New York	NY	USA	August 18, 2026		Software Development	aws	label=team-aws-cloud-management		not_identified	basic_qualifications	none	distributed_systems,cloud_infrastructure,networking,database_search,embedded_systems,frontend_mobile,application_backend	https://www.amazon.jobs/en/jobs/10505887/software-engineer-ii-athena-engine-front-end	f944baa835eff9914ab77b8996be9b7cadcbb79e63d6be38f4cbaf6d63f0c22d
2026-09-16T15:57:53Z	10505927	c6cbd53e-e32f-4fb6-b1fc-6a5708fc2e3e	Software Development Engineer, Ads AI Core Infra (ACI)	US, WA, Seattle	Seattle	WA	USA	August 18, 2026		Software Development	advertising	label=team-amazon-ads		not_identified	preferred_only	none	machine_learning,distributed_systems,cloud_infrastructure,database_search,graphics_media,application_backend,operations_observability	https://www.amazon.jobs/en/jobs/10505927/software-development-engineer-ads-ai-core-infra-aci	5238b07ba6b22306592d78adb2fd7dddcf3acde094b3e3dc0b6bd9fa6a69f89f
2026-09-16T15:57:53Z	10506029	962c307e-79f9-4088-98cb-19d0a61ddd1b	Software Development Engineer II, Prime Air	US, WA, Seattle	Seattle	WA	USA	August 18, 2026		Software Development	retail	label=team-global-prime-air		not_identified	basic_qualifications	none	distributed_systems,cloud_infrastructure,embedded_systems	https://www.amazon.jobs/en/jobs/10506029/software-development-engineer-ii-prime-air	a1babea9680c958ec773e374f5b602d0100a05350f92ad9f2d86c75ec8a67cda
2026-09-16T15:57:53Z	10506049	7b71523e-8139-47fd-a024-26422fd7e5de	Software Development Engineer II, Amazon Fulfillment Technologies (AFT) - Workforce Optimization	CA, ON, Toronto	Toronto	ON	CAN	August 18, 2026		Software Development	operations	label=team-amazon-fulfillment-technology		not_identified	preferred_only	none	distributed_systems,networking	https://www.amazon.jobs/en/jobs/10506049/software-development-engineer-ii-amazon-fulfillment-technologies-aft-workforce-optimization	44ef98ac6344d480bf088ce7f78ecb008b65d3687c72e383eedfe923693aac33
2026-09-16T15:57:53Z	10506069	df81d787-ddaa-4702-8efe-66801f11a83e	Software Development Engineer, Amazon Fulfillment Technologies (AFT) - Outbound/Flow, AFT Outbound Execution Teams	CA, ON, Toronto	Toronto	ON	CAN	August 18, 2026		Software Development	operations	label=team-amazon-fulfillment-technology		not_identified	preferred_only	none	machine_learning,distributed_systems,cloud_infrastructure,networking,security_identity,application_backend,operations_observability	https://www.amazon.jobs/en/jobs/10506069/software-development-engineer-amazon-fulfillment-technologies-aft-outbound-flow-aft-outbound-execution-teams	9d96ae9e2ff211f0caafa4a64bc5ef7e3351c036b280b1524aa4be8065021409
2026-09-16T15:57:53Z	10506072	227e8f96-f719-490c-868e-f41cdb5e2108	Software Development Engineer, ASP Core Enablement Shared Services (ESS)	US, WA, Seattle	Seattle	WA	USA	August 18, 2026		Software Development	aws	label=team-sde-primary		not_identified	basic_qualifications	none	distributed_systems,cloud_infrastructure,database_search,security_identity,embedded_systems,frontend_mobile,application_backend,operations_observability	https://www.amazon.jobs/en/jobs/10506072/software-development-engineer-asp-core-enablement-shared-services-ess	29932512e5ffae2bcf895593a5f48c7ab74b7fd6a706bb726a13ca6cec2ef2dc
2026-09-16T15:57:53Z	10506328	88e042f3-6f20-4e33-989e-2fac7ebad19f	Software Development Engineer, Amazon Publisher Services	US, CA, Palo Alto	Palo Alto	CA	USA	August 19, 2026		Software Development	advertising	label=team-amazon-ads		not_identified	basic_qualifications	none	distributed_systems,cloud_infrastructure,embedded_systems	https://www.amazon.jobs/en/jobs/10506328/software-development-engineer-amazon-publisher-services	2a1bad3a31686d8293c0e56cdfc9c7b6f7139110cbf2a308f9146bf4492c74a9
2026-09-16T15:57:53Z	10506489	252c77cd-2e1a-4169-929b-d1e33e4e606b	Software Dev Engineer II, Oracle Database@AWS	CA, BC, Vancouver	Vancouver	BC	CAN	August 19, 2026		Software Development	aws	label=team-sde-primary		not_identified	preferred_only	none	distributed_systems,cloud_infrastructure,database_search,security_identity,application_backend,operations_observability	https://www.amazon.jobs/en/jobs/10506489/software-dev-engineer-ii-oracle-database-aws	b0fd6f7b3c1eaecdfc986dbae720a576e73900d5f593085b8032fe90a0473b47
2026-09-16T15:57:53Z	10506556	cc2faf29-0ad8-4fb4-82aa-25ae5ca7f816	Software Engineer Student, SPIV team	IL, Haifa	Haifa		ISR	August 19, 2026		Software Development	aws	label=team-sde-primary		not_identified	not_stated	none	cloud_infrastructure	https://www.amazon.jobs/en/jobs/10506556/software-engineer-student-spiv-team	0b326d91e82e27472ae8bb2b365313f3ff81c1edc1aa505aebfbd34f019e9aea
2026-09-16T15:57:53Z	10506600	96f0835a-c7f2-4b0a-a793-3e48fdb8035f	Software Dev Engineer II, Ship Tech | Labeling	IN, TS, Hyderabad	Hyderabad	TS	IND	August 19, 2026		Software Development	transportation-and-logistics	label=team-ats-tech		not_identified	preferred_only	none	distributed_systems,database_search	https://www.amazon.jobs/en/jobs/10506600/software-dev-engineer-ii-ship-tech-labeling	c3128eee37d0f63f8146ade2aa3ef1a52a135aa5c8a7ec26fecc7bf4ad92b501
2026-09-16T15:57:53Z	10507071	792f3eb0-481c-41be-ab77-16eb39a87f70	Software Development Engineer , Leo Commerce	US, WA, Redmond	Redmond	WA	USA	August 19, 2026		Software Development	alexa-and-amazon-devices	label=team-project-kuiper		not_identified	preferred_only	none	cloud_infrastructure,security_identity,operations_observability	https://www.amazon.jobs/en/jobs/10507071/software-development-engineer-leo-commerce	33dc628c19ed47576d9375c699f34a956859028739483cfca31ab3ecb95157f6
2026-09-16T15:57:53Z	10507073	ecbabd08-110b-42ac-ba31-b3cdb8efa673	Software Development Engineer, Leo Ignition	US, WA, Redmond	Redmond	WA	USA	August 19, 2026		Software Development	alexa-and-amazon-devices	label=team-project-kuiper		not_identified	preferred_only	none	frontend_mobile	https://www.amazon.jobs/en/jobs/10507073/software-development-engineer-leo-ignition	0b9030efbf63cd26f2085f095edca1676f96e07c117b4400b7c8e7901e4063b7
2026-09-16T15:57:53Z	10507079	ab50f8f6-6fca-47d5-88cd-254e97d4f10b	Embedded Software Dev Engineer, Project Kuiper Customer Terminal Software	US, WA, Redmond	Redmond	WA	USA	August 19, 2026		Software Development	alexa-and-amazon-devices	label=team-project-kuiper		not_identified	preferred_only	none	networking,embedded_systems	https://www.amazon.jobs/en/jobs/10507079/embedded-software-dev-engineer-project-kuiper-customer-terminal-software	27af077956840286bef1c058ad1beccc1ab80105a27b2b5678ad329cbb3bec5b
2026-09-16T15:57:53Z	10507127	6138c3a8-e0c9-495e-b94f-504ba63fbffe	Software Development Engineer, Last Mile Delivery Automation, Autonomous Vehicle	US, WA, Bellevue	Bellevue	WA	USA	August 19, 2026		Software Development	fulfillment-and-operations	label=team-last-mile-delivery		not_identified	basic_qualifications	none	distributed_systems,cloud_infrastructure,networking,database_search,embedded_systems,operations_observability	https://www.amazon.jobs/en/jobs/10507127/software-development-engineer-last-mile-delivery-automation-autonomous-vehicle	87edc4a25476a904137d02ee12cfc2446ed88a6e6a33924b6b5f5db4b9ad19f0
2026-09-16T15:57:53Z	10507158	d2562ffa-04fd-408f-b538-ef710403125d	Senior Wireless Embedded Software Developer, RTI Amazon Leo	US, CA, San Diego	San Diego	CA	USA	August 19, 2026		Software Development	alexa-and-amazon-devices	label=team-project-kuiper		not_identified	preferred_only	none	networking,embedded_systems	https://www.amazon.jobs/en/jobs/10507158/senior-wireless-embedded-software-developer-rti-amazon-leo	18cce6672e57665df2a35c6b2098d536de86f2d046dd23f915b4df47653c4e23
2026-09-16T15:57:53Z	10507160	8f4f563c-fa48-4786-9455-0a8382f16f23	Senior Embedded Software Developer, RTI,Amazon Leo	US, WA, Redmond	Redmond	WA	USA	August 19, 2026		Software Development	alexa-and-amazon-devices	label=team-project-kuiper		not_identified	preferred_only	none	networking,embedded_systems	https://www.amazon.jobs/en/jobs/10507160/senior-embedded-software-developer-rti-amazon-leo	e3d4934c7a2c4ca3f45fe8f809d302cc5da364ff69bca93a186695c053658374
2026-09-16T15:57:53Z	10507161	9f4203d2-03fa-4c21-bed9-76b0e074a5cd	Wireless Embedded Software Developer, KMM, Amazon Leo	US, CA, San Diego	San Diego	CA	USA	August 19, 2026		Software Development	alexa-and-amazon-devices	label=team-project-kuiper		not_identified	preferred_only	none	networking,embedded_systems	https://www.amazon.jobs/en/jobs/10507161/wireless-embedded-software-developer-kmm-amazon-leo	f3e57e6f105d3848404cb323982619dac9bbedb8cd3eae8d81bdaf683d986fbc
2026-09-16T15:57:53Z	10507163	9103a057-fe44-444b-960b-fc88b4873059	Wireless Embedded Software Developer, KMM, Amazon Leo	US, CA, San Diego	San Diego	CA	USA	August 19, 2026		Software Development	alexa-and-amazon-devices	label=team-project-kuiper		not_identified	preferred_only	none	networking,embedded_systems	https://www.amazon.jobs/en/jobs/10507163/wireless-embedded-software-developer-kmm-amazon-leo	74c09cd3d0e13c5720d30e11d950779dfde55a0c50bf8af79d7029f53504943f
2026-09-16T15:57:53Z	10507165	31f08c95-8a85-42f6-b846-a70fff251535	Wireless Embedded Software Developer, RTI, Amazon Leo	US, CA, San Diego	San Diego	CA	USA	August 19, 2026		Software Development	alexa-and-amazon-devices	label=team-project-kuiper		not_identified	preferred_only	none	networking,embedded_systems	https://www.amazon.jobs/en/jobs/10507165/wireless-embedded-software-developer-rti-amazon-leo	c422beff195dfe048fb89f32a83d6fade11d824f7ccdf493d5f72b5e8b3ebd9b
2026-09-16T15:57:53Z	10507170	6f6abab2-d95d-48fa-9940-68fffd009329	Software Development Engineer, Leo Flight Software Team	US, WA, Redmond	Redmond	WA	USA	August 19, 2026		Software Development	alexa-and-amazon-devices	label=team-project-kuiper		not_identified	not_stated	none	cloud_infrastructure,networking,embedded_systems,operations_observability	https://www.amazon.jobs/en/jobs/10507170/software-development-engineer-leo-flight-software-team	e25acd8efda06b8d701689bf0265fb3a17307141bc7fafc0db579723fafffa51
2026-09-16T15:57:53Z	10507173	7ee4db53-0b29-4eda-b9eb-b42fa4b67cfb	Software Development Engineer, RDS Platform	US, TX, Austin	Austin	TX	USA	August 19, 2026		Software Development	aws	label=team-sde-primary		not_identified	preferred_only	none	distributed_systems,cloud_infrastructure,database_search,security_identity,application_backend	https://www.amazon.jobs/en/jobs/10507173/software-development-engineer-rds-platform	b4da82ec1bcc1726fd678275d21900cea9f106f4d351969c17760d4f904eb8a4
2026-09-16T15:57:53Z	10507206	96bb93a6-648b-4198-831c-5281a1ac695a	Software Dev Engineer II, AWS Applied AI Solutions	US, WA, Seattle	Seattle	WA	USA	August 19, 2026		Software Development	aws	label=team-sde-primary		not_identified	basic_qualifications	none	distributed_systems,cloud_infrastructure,embedded_systems,application_backend,operations_observability	https://www.amazon.jobs/en/jobs/10507206/software-dev-engineer-ii-aws-applied-ai-solutions	e75bf8e192e9a97eafea989a5c1480db5367b82be2c989029fa2836511b37d15
2026-09-16T15:57:53Z	10507233	e5d84332-744f-46f9-8393-a853895847f0	Software Developer, Amazon Robotics, Cosmos	US, MA, Westboro	Westboro	MA	USA	August 19, 2026		Software Development	subsidiaries	label=team-amazon-robotics		not_identified	basic_qualifications	none	distributed_systems,cloud_infrastructure,networking,database_search,embedded_systems,frontend_mobile,graphics_media,operations_observability	https://www.amazon.jobs/en/jobs/10507233/software-developer-amazon-robotics-cosmos	d97b012b8eada71fd23fbdb3366cae9688d36bfa8651dfec5a53db09df75ba21
2026-09-16T15:57:53Z	10507237	83dbf38d-c025-4c6e-a454-e477363e6527	SDE- Kuiper Network Services	US, CA, Sunnyvale	Sunnyvale	CA	USA	August 19, 2026		Software Development	alexa-and-amazon-devices	label=team-project-kuiper		not_identified	not_stated	none	distributed_systems,cloud_infrastructure,networking,security_identity,operations_observability	https://www.amazon.jobs/en/jobs/10507237/sde-kuiper-network-services	4b1989a9df27e4c5dc0e4eff08f75ce7f031602709e557d75bf3f46f8cefe004
2026-09-16T15:57:53Z	10507256	9c60253e-6b68-4f9a-9f10-eac8468ddb09	Software Development Engineer , Project Leo	US, WA, Redmond	Redmond	WA	USA	August 19, 2026		Software Development	alexa-and-amazon-devices	label=team-project-kuiper		not_identified	preferred_only	none	networking,security_identity	https://www.amazon.jobs/en/jobs/10507256/software-development-engineer-project-leo	f97a899727afecc3328d11fc66589b628e9e39f0a5e5b2c7108ff976d1fa25fb
2026-09-16T15:57:53Z	10507282	7fe584a2-b31e-4790-9984-0c67e0427bff	Software Development Engineer II, Geospatial	US, TX, Austin	Austin	TX	USA	August 19, 2026		Software Development	fulfillment-and-operations	label=team-last-mile-delivery		not_identified	basic_qualifications	none	machine_learning,distributed_systems,networking,embedded_systems,application_backend,operations_observability	https://www.amazon.jobs/en/jobs/10507282/software-development-engineer-ii-geospatial	ac61c5a42add5845549bceba94828b23b427c13f5f77cf8cec518f1d0bb62e1d
2026-09-16T15:57:53Z	10507287	4b4060c3-3623-47e9-8713-0c79a19ffbc2	Software Development Engineer, AWS	US, WA, Seattle	Seattle	WA	USA	August 19, 2026		Software Development	aws	label=team-aws-sdm		not_identified	basic_qualifications	mention_only	compiler_mention,machine_learning,distributed_systems,cloud_infrastructure,networking,security_identity,embedded_systems,graphics_media,application_backend,operations_observability	https://www.amazon.jobs/en/jobs/10507287/software-development-engineer-aws	cf789f52c6ccc8578c928405ddb20d88ca579a115e435c5e543ee0b1f2498ec8
2026-09-16T15:57:53Z	10507310	f12a664c-5e25-4ccf-8b5c-667ca62e47b3	Senior Software Development Engineer, AWS Analytics Engineering	US, WA, Seattle	Seattle	WA	USA	August 19, 2026		Software Development	aws	label=team-sde-primary		not_identified	preferred_only	none	machine_learning,distributed_systems,cloud_infrastructure,database_search,application_backend,operations_observability	https://www.amazon.jobs/en/jobs/10507310/senior-software-development-engineer-aws-analytics-engineering	233acf6b24c7bf6aff90c8cfcb4fc017845eb76e9f74c22787a07a4565e8851f
2026-09-16T15:57:53Z	10507323	af197586-49cd-49e6-bce7-6975e06de8c9	Embedded Software Dev Engineer, Amazon Leo Customer Terminal Software	US, WA, Redmond	Redmond	WA	USA	August 19, 2026		Software Development	alexa-and-amazon-devices	label=team-project-kuiper		not_identified	preferred_only	none	networking,embedded_systems	https://www.amazon.jobs/en/jobs/10507323/embedded-software-dev-engineer-amazon-leo-customer-terminal-software	d212709351caa190988a2808ea79b3c6bc4f92a8363086f0d129592b2bf972f6
2026-09-16T15:57:53Z	10507324	bf06cb07-4206-4c07-b235-4df11a3be9c1	Software Development Engineer , Leo Customer Terminals Applications & Networking Team	US, WA, Redmond	Redmond	WA	USA	August 19, 2026		Software Development	alexa-and-amazon-devices	label=devices-and-services-teams		not_identified	basic_qualifications	none	distributed_systems,cloud_infrastructure,networking,embedded_systems	https://www.amazon.jobs/en/jobs/10507324/software-development-engineer-leo-customer-terminals-applications-networking-team	c66f2c1cd2fe5a9e337fe8d774e00f6344c6cc7d6670f20cb1313e9c90808bc0
2026-09-16T15:57:53Z	10507325	c5e94198-9abf-4b3e-a8ce-5957d719b471	Software Development Engineer, Leo Customer Terminals Applications & Networking Team	US, WA, Redmond	Redmond	WA	USA	August 19, 2026		Software Development	alexa-and-amazon-devices	label=team-project-kuiper		not_identified	basic_qualifications	none	distributed_systems,cloud_infrastructure,networking,embedded_systems	https://www.amazon.jobs/en/jobs/10507325/software-development-engineer-leo-customer-terminals-applications-networking-team	2ca0cb042145fac337e143a994d02b6a58ce34c199aa0b42e3a00b5d75435766
2026-09-16T15:57:53Z	10507326	6148f304-66ed-4865-a545-76a8be6194f8	Software Development Engineer , Leo Customer Terminals Applications & Networking Team	US, WA, Redmond	Redmond	WA	USA	August 19, 2026		Software Development	alexa-and-amazon-devices	label=devices-and-services-teams		not_identified	basic_qualifications	none	cloud_infrastructure,networking,embedded_systems	https://www.amazon.jobs/en/jobs/10507326/software-development-engineer-leo-customer-terminals-applications-networking-team	d49662639849a3b240679f45611a53946e1b13e20b6ef8d6473c005f6be345f5
2026-09-16T15:57:53Z	10507329	20a7dbed-6746-4ed2-ab7b-bfaeb2df686c	Sr. SDE, Leo Secure Communications Team	US, WA, Redmond	Redmond	WA	USA	August 19, 2026		Software Development	alexa-and-amazon-devices	label=team-project-kuiper		not_identified	preferred_only	none	embedded_systems	https://www.amazon.jobs/en/jobs/10507329/sr-sde-leo-secure-communications-team	cee0ac5b4cef2bbb6beb5b8d83c7790a3d992b7f26e105c89152035ac4c03537
2026-09-16T15:57:53Z	10507385	469acfae-2f62-416e-b9f7-684df344e6bb	Software Development Engineer II, AWS Compliance & Security Assurance, Denied Party Screening	IN, KA, Bengaluru	Bengaluru	KA	IND	August 19, 2026		Software Development	amazon-security	label=team-aws-security		not_identified	preferred_only	none	machine_learning,distributed_systems,cloud_infrastructure,security_identity	https://www.amazon.jobs/en/jobs/10507385/software-development-engineer-ii-aws-compliance-security-assurance-denied-party-screening	22e1f06619b8df43fb8da6c3af2b2b8cc4328c6c18029800e4f0fbabf02197a7
2026-09-16T15:57:53Z	10507424	9f69f926-caf1-491f-adc5-4c022f46e8cd	SDE- Kuiper Network Services	US, CA, Sunnyvale	Sunnyvale	CA	USA	August 19, 2026		Software Development	alexa-and-amazon-devices	label=team-project-kuiper		not_identified	not_stated	none	cloud_infrastructure,networking,security_identity,operations_observability	https://www.amazon.jobs/en/jobs/10507424/sde-kuiper-network-services	1952d98810f722930f364fb678728bc067aebe813244d37d4ed867f92fd94d7a
2026-09-16T15:57:53Z	10507435	7e8f70b9-13e7-4ef6-b19f-29291e6e9f13	Senior Software Development Engineer, Salesforce Success Central	US, WA, Seattle	Seattle	WA	USA	August 19, 2026		Software Development	aws	label=team-sales-primary		not_identified	preferred_only	none	cloud_infrastructure,networking,database_search,security_identity,application_backend,operations_observability	https://www.amazon.jobs/en/jobs/10507435/senior-software-development-engineer-salesforce-success-central	33c7bc22198232882aa5d2f1853d8e5ddc0f4d4daf620a9215fb1228ecd40148
2026-09-16T15:57:53Z	10507716	09c0f3e7-2b28-4778-855e-96f8730d6b74	Software Development Engineer, Sponsored Products and Brands	US, WA, Seattle	Seattle	WA	USA	August 20, 2026		Software Development	advertising	label=team-amazon-ads		not_identified	preferred_only	none	machine_learning,distributed_systems,cloud_infrastructure,database_search,application_backend,operations_observability	https://www.amazon.jobs/en/jobs/10507716/software-development-engineer-sponsored-products-and-brands	47a003d7159a2a630ae7e3070971707c22af913b23693124c262010bcf86a1fc
2026-09-16T15:57:53Z	10507814	99fdc66a-f9bc-4c85-8c3b-1c476d50b0b4	Embedded Software Engineer, SRD Annapurna Labs	IL, Haifa	Haifa		ISR	August 20, 2026		Software Development	aws	label=team-sde-primary		not_identified	basic_qualifications	none	cloud_infrastructure,networking,database_search,security_identity,embedded_systems,application_backend	https://www.amazon.jobs/en/jobs/10507814/embedded-software-engineer-srd-annapurna-labs	70ab3bf8e08280b8a1ae17ea94e4262b3fbe97ccb8777af90847ed107942bcf8
2026-09-16T15:57:53Z	10507832	970c0265-4d58-4f61-9c5d-f1e134a95a8e	Software Development Engineer II, Hardline FX (Wireless / H&B)	IN, KA, Bengaluru	Bengaluru	KA	IND	August 20, 2026		Software Development	amazon-business	label=no-team-listed		not_identified	preferred_only	none	distributed_systems,cloud_infrastructure,database_search	https://www.amazon.jobs/en/jobs/10507832/software-development-engineer-ii-hardline-fx-wireless-h-b	a67ff57e0f491a719e0c01ce21dd4dd2d0df58e2416a9a6fcbf00af24d8a25e2
2026-09-16T15:57:53Z	10507969	7f2e0ba9-648b-412b-bbc3-2a9678759c0d	Software Development Engineer II, AWS AI & Strategic Partner Engineering	DE, BW, Walldorf	Walldorf	BW	DEU	August 20, 2026		Software Development	aws	label=team-sde-primary		not_identified	basic_qualifications	none	machine_learning,distributed_systems,cloud_infrastructure,database_search,security_identity,application_backend	https://www.amazon.jobs/en/jobs/10507969/software-development-engineer-ii-aws-ai-strategic-partner-engineering	936be2baf28e759caa2deb38be8400e74333c0d10f5030cca9c9d16fa9e32408
2026-09-16T15:57:53Z	10508177	08e60139-6d14-4e45-9140-5efc63d5c603	Sr. Software Dev Engineer, Customer360	US, WA, Seattle	Seattle	WA	USA	August 20, 2026		Software Development	consumer_engagement	label=team-personalization		not_identified	preferred_only	none	cloud_infrastructure	https://www.amazon.jobs/en/jobs/10508177/sr-software-dev-engineer-customer360	8884f38bbb9e61dc1d57c7abb0dd69078805ae2089e21db2726c4d54ab0fb3c5
2026-09-16T15:57:53Z	10508284	508afeaa-539b-4248-b9e1-806504836828	Embedded SDE - Security, Silicon & Systems Group	IN, KA, Bengaluru	Bengaluru	KA	IND	August 20, 2026		Software Development	alexa-and-amazon-devices	label=team-hardware-and-eero		not_identified	basic_qualifications	none	security_identity,embedded_systems,graphics_media	https://www.amazon.jobs/en/jobs/10508284/embedded-sde-security-silicon-systems-group	49af55ff61bdf081b9b3482aa0ce45858b980873aed2bf307e7cde80a32c9e79
2026-09-16T15:57:53Z	10508294	07c26959-c343-46e0-bb7a-fc5364f1ea8b	Software Development Engineer, Support Agent Intelligence and Evaluation	US, WA, Seattle	Seattle	WA	USA	August 20, 2026		Software Development	advertising	label=team-amazon-ads		not_identified	preferred_only	none	distributed_systems,cloud_infrastructure,networking,security_identity,embedded_systems,operations_observability	https://www.amazon.jobs/en/jobs/10508294/software-development-engineer-support-agent-intelligence-and-evaluation	ed5b4e6227862814b8f3081e256ae1bd4c52eb4610a6bec4264411f8997a5d47
2026-09-16T15:57:53Z	10508328	4f5e1c5c-6efd-4458-99af-73c152a81147	Software Development Engineer, CloudFront Routing	US, WA, Seattle	Seattle	WA	USA	August 20, 2026		Software Development	aws	label=team-sde-primary		not_identified	basic_qualifications	none	distributed_systems,cloud_infrastructure,networking,database_search,security_identity,embedded_systems,frontend_mobile,graphics_media,application_backend,operations_observability	https://www.amazon.jobs/en/jobs/10508328/software-development-engineer-cloudfront-routing	710bf513295d115b2778e6cefef379d619e3521dcb759e1ac1a84b0c974a020e
2026-09-16T15:57:53Z	10508447	5f900f36-88c0-43cf-abd1-4ab014352839	Software Development Engineer, ART19	US, CA, San Francisco	San Francisco	CA	USA	August 20, 2026		Software Development	advertising	label=team-amazon-ads		not_identified	not_stated	none	cloud_infrastructure,database_search,application_backend,operations_observability	https://www.amazon.jobs/en/jobs/10508447/software-development-engineer-art19	e96efd6c56ed61b9b035dfa5da5c7b2c34c18cd6a74d5f9c5534192d253b38db
2026-09-16T15:57:53Z	10508484	97250e5e-c7be-4b8c-9f73-53ab5a9c5eaf	Sr. Software Development Engineer, Advanced Analytics	US, WA, Seattle	Seattle	WA	USA	August 20, 2026		Software Development	advertising	label=team-amazon-ads		not_identified	preferred_only	none	machine_learning,distributed_systems,cloud_infrastructure,database_search,application_backend,operations_observability	https://www.amazon.jobs/en/jobs/10508484/sr-software-development-engineer-advanced-analytics	a6929663f54d5bcddfb09a5c134f3a484361b7beea9f1e455529fc048eec4248
2026-09-16T15:57:53Z	10508510	121422ce-14b2-4268-8000-d33f4a24dc9c	Software Development Engineer 2, Amazon Kids, Amazon Kids	CA, ON, Toronto	Toronto	ON	CAN	August 20, 2026		Software Development	alexa-and-amazon-devices	label=amazon-device-software-and-services		not_identified	preferred_only	none	frontend_mobile,application_backend,operations_observability	https://www.amazon.jobs/en/jobs/10508510/software-development-engineer-2-amazon-kids-amazon-kids	94c049dc08a9ecc002cd3b7359e5146683c1194dae8e45b5b640d1e93e785c77
2026-09-16T15:57:53Z	10509125	22757f63-335f-4a32-8159-fdfe6fd3467c	Software Development Engineer, Ring & Blink Software	US, MA, North Reading	North Reading	MA	USA	August 20, 2026		Software Development	alexa-and-amazon-devices	label=team-ring-key-blink		not_identified	basic_qualifications	none	distributed_systems,cloud_infrastructure,security_identity,embedded_systems,graphics_media,application_backend	https://www.amazon.jobs/en/jobs/10509125/software-development-engineer-ring-blink-software	8077182b65479ef31ecc50600f6daa086cdcefc927f3a5bc5a98d5aaeb5bb36e
2026-09-16T15:57:53Z	10509132	da2bcd21-2720-419e-a167-aeac535e6c12	Software Development Engineer, Traffic and Network Modeling	US, WA, Seattle	Seattle	WA	USA	August 20, 2026		Software Development	aws	label=team-sde-primary		not_identified	basic_qualifications	none	machine_learning,distributed_systems,cloud_infrastructure,networking,security_identity,embedded_systems	https://www.amazon.jobs/en/jobs/10509132/software-development-engineer-traffic-and-network-modeling	47066bcfb7441d0f3b7d5d9a630b36c19704d04dfb364b541a6b31717b0630bc
2026-09-16T15:57:53Z	10509156	c636657f-de55-458d-a65a-ea26fbc16559	Software Development Engineer, TrafficShift	IE, D, Dublin	Dublin	D	IRL	August 20, 2026		Software Development	aws	label=team-sde-primary		not_identified	basic_qualifications	none	machine_learning,distributed_systems,cloud_infrastructure,networking,security_identity,operations_observability	https://www.amazon.jobs/en/jobs/10509156/software-development-engineer-trafficshift	4fbeb29d8f8f4cf518d000a51590da92957a0734f3c9f76756929812b4e5c6c2
2026-09-16T15:57:53Z	10509308	62c68f2e-11f2-4fbf-91e8-878544eeb819	Software Dev Engineer III, AWS Catalog	US, WA, Bellevue	Bellevue	WA	USA	August 20, 2026		Software Development	aws	label=team-sde-primary		not_identified	basic_qualifications	none	distributed_systems,cloud_infrastructure,networking,database_search,application_backend	https://www.amazon.jobs/en/jobs/10509308/software-dev-engineer-iii-aws-catalog	599cbc9bae0bd976b5e916e6691116bcf65da2bc48c4c83abe3fd7c16b7d96dc
2026-09-16T15:57:53Z	10509436	d852734d-748d-4c7e-9183-e0e5492aa8d5	Senior Software Development Engineer, Amazon Leo Optical Inter-Satellite Link	US, CA, Northridge	Northridge	CA	USA	August 20, 2026		Software Development	alexa-and-amazon-devices	label=team-project-kuiper		not_identified	not_stated	none	distributed_systems,cloud_infrastructure,networking,embedded_systems,operations_observability	https://www.amazon.jobs/en/jobs/10509436/senior-software-development-engineer-amazon-leo-optical-inter-satellite-link	8fff7ff0a1dd361574a24869fce34191e8eb00d1aefa521e9fccc642c73cdcf3
2026-09-16T15:57:53Z	10509566	8a8a51d6-e333-46e6-86d4-2c7a3b3eb65b	Software Development Engineer, Advertiser 1P Data	US, CA, Palo Alto	Palo Alto	CA	USA	August 20, 2026		Software Development	advertising	label=team-amazon-ads		not_identified	preferred_only	none	machine_learning,cloud_infrastructure,database_search,frontend_mobile,application_backend	https://www.amazon.jobs/en/jobs/10509566/software-development-engineer-advertiser-1p-data	938ff7314c1fd9cf8f214e165418cbe7813b0942cd1e1962bae688328b525172
2026-09-16T15:57:53Z	10509580	b1a0dfbd-0142-4771-a28d-76885501f64f	Software Dev Engineer II, Amazon Marketing Cloud	CA, ON, Toronto	Toronto	ON	CAN	August 20, 2026		Software Development	advertising	label=team-amazon-ads		not_identified	preferred_only	none	machine_learning,cloud_infrastructure,graphics_media	https://www.amazon.jobs/en/jobs/10509580/software-dev-engineer-ii-amazon-marketing-cloud	804f1c15692b947934747874673a523f2b6567445ccecc1b0a3ea6bdcce45bfd
2026-09-16T15:57:53Z	10509601	af24844d-df95-4799-a972-a9af0f10e457	Software Development Engineer III, Agentic Client Experience (ACE) - Builder Foundations	CA, BC, Vancouver	Vancouver	BC	CAN	August 20, 2026		Software Development	ecp	label=builder-works		not_identified	preferred_only	mention_only	compiler_mention,machine_learning,distributed_systems,cloud_infrastructure,database_search,frontend_mobile,graphics_media,operations_observability	https://www.amazon.jobs/en/jobs/10509601/software-development-engineer-iii-agentic-client-experience-ace-builder-foundations	a60ae87f8f4b39b181a7e34234a5d12764af3d9ab721283dbc06b900f5dfa409
2026-09-16T15:57:53Z	10509622	0ce8f9f7-1fc9-47e4-a600-51ed466a4ae5	Senior Software Development Engineer, AWS Resilience, Incident Prevention	US, WA, Seattle	Seattle	WA	USA	August 20, 2026		Software Development	aws	label=team-sde-primary		not_identified	preferred_only	none	cloud_infrastructure,security_identity,operations_observability	https://www.amazon.jobs/en/jobs/10509622/senior-software-development-engineer-aws-resilience-incident-prevention	c20d37d8bb0e81933f9530c19546df24a9a0497634e6bd6e2c1419c940e9fe94
2026-09-16T15:57:53Z	10509638	d0bc1152-a164-4c56-9f5e-4cedaf4086d6	Software Development Engineer, CloudWatch Application Observability	US, CA, Santa Clara	Santa Clara	CA	USA	August 20, 2026		Software Development	aws	label=team-sde-primary		not_identified	basic_qualifications	none	distributed_systems,cloud_infrastructure,embedded_systems,operations_observability	https://www.amazon.jobs/en/jobs/10509638/software-development-engineer-cloudwatch-application-observability	2b8827ff8eecc3890d43c733bf3d0e58321d5f33300288111c5c5b063acb5265
2026-09-16T15:57:53Z	10509657	688e0d4f-37b4-4f03-b77b-cd2073b5cd7a	Software Dev Engineer - AWS Glacier	US, WA, Seattle	Seattle	WA	USA	August 20, 2026		Software Development	aws	label=team-sde-primary		not_identified	basic_qualifications	none	distributed_systems,cloud_infrastructure,database_search,security_identity,embedded_systems,graphics_media,operations_observability	https://www.amazon.jobs/en/jobs/10509657/software-dev-engineer-aws-glacier	99eb7a81ceadd31e05c7a70e13fc6b7856a731dd0e051468ca0d3098ed3c767f
2026-09-16T15:57:53Z	10509680	ec556b4e-d9f5-4651-bcf5-ed627851f808	Software Engineer II, Prime Air	US, WA, Seattle	Seattle	WA	USA	August 20, 2026		Software Development	retail	label=team-global-prime-air		not_identified	basic_qualifications	none	distributed_systems,cloud_infrastructure,embedded_systems	https://www.amazon.jobs/en/jobs/10509680/software-engineer-ii-prime-air	67c52f5bfdf45abf46ab4c1d705d4cb0ea60f1a1d39467736a406adf8cdc54e0
2026-09-16T15:57:53Z	10509711	851f1e0d-5cac-41a3-9ac8-2c228e2327af	Senior Software Development Engineer, AWS AppSync	CA, BC, Vancouver	Vancouver	BC	CAN	August 21, 2026		Software Development	aws	label=team-sde-primary		not_identified	preferred_only	none	distributed_systems,cloud_infrastructure,database_search,security_identity,application_backend	https://www.amazon.jobs/en/jobs/10509711/senior-software-development-engineer-aws-appsync	b73036cfbe3dc0705e6946888a5c1bd9b2d7bff17b70571dee63d35abc35f3db
2026-09-16T15:57:53Z	10509712	80c7e686-ba53-44e5-b7b0-19b8bfa55ff8	Software Development Engineer, AWS AppSync	CA, BC, Vancouver	Vancouver	BC	CAN	August 21, 2026		Software Development	aws	label=team-sde-primary		not_identified	preferred_only	none	distributed_systems,cloud_infrastructure,database_search,security_identity,application_backend	https://www.amazon.jobs/en/jobs/10509712/software-development-engineer-aws-appsync	d657c13b8968715e49b6649c171317129ef3f58e29b8acc28d61b519ec778008
2026-09-16T15:57:53Z	10509713	d3ea5a1e-1e25-47d7-81d4-93804fb72b16	Software Development Engineer, AWS AppSync	CA, BC, Vancouver	Vancouver	BC	CAN	August 21, 2026		Software Development	aws	label=team-sde-primary		not_identified	preferred_only	none	distributed_systems,cloud_infrastructure,database_search,security_identity,application_backend	https://www.amazon.jobs/en/jobs/10509713/software-development-engineer-aws-appsync	e540c75944f9aa43c661c2263ef65d7e7c545bae41eb1b5e8f168147e4e1361d
2026-09-16T15:57:53Z	10509714	f14d926a-0b97-473d-84b1-82e52351baf1	Software Development Engineer, AWS AppSync	CA, BC, Vancouver	Vancouver	BC	CAN	August 21, 2026		Software Development	aws	label=team-sde-primary		not_identified	preferred_only	none	distributed_systems,cloud_infrastructure,database_search,security_identity,application_backend	https://www.amazon.jobs/en/jobs/10509714/software-development-engineer-aws-appsync	1885f5cfe403cb9b8bdeb3572023500318147aac5d874d9679ebd8db3cc2b2f2
2026-09-16T15:57:53Z	10509716	8facc417-3b50-4fb8-a504-349118d1dbf7	Software Development Engineer, AWS AppSync	CA, BC, Vancouver	Vancouver	BC	CAN	August 21, 2026		Software Development	aws	label=team-sde-primary		not_identified	preferred_only	none	distributed_systems,cloud_infrastructure,database_search,security_identity,application_backend	https://www.amazon.jobs/en/jobs/10509716/software-development-engineer-aws-appsync	c6719b4d2acfa7f3d62187066abf8b77c75acb2ade9396d7a66ee2ec0cbd96a8
2026-09-16T15:57:53Z	10509717	dc337759-cf0f-4f6f-a67b-aa7521aca32b	Software Development Engineer, AWS AppSync	CA, BC, Vancouver	Vancouver	BC	CAN	August 21, 2026		Software Development	aws	label=team-sde-primary		not_identified	preferred_only	none	distributed_systems,cloud_infrastructure,database_search,security_identity,application_backend	https://www.amazon.jobs/en/jobs/10509717/software-development-engineer-aws-appsync	38f0decae9c87dd9954be485cbbaf40b00fdee93e4159a0c78cd4770e12c16ef
2026-09-16T15:57:53Z	10509821	8d2b4c5b-474f-4634-8693-d4c5e3ade9d3	Software Development Engineer, AFT External Fulfillment	IN, KA, Bengaluru	Bengaluru	KA	IND	August 21, 2026		Software Development	operations	label=team-amazon-fulfillment-technology		not_identified	preferred_only	none	distributed_systems,application_backend	https://www.amazon.jobs/en/jobs/10509821/software-development-engineer-aft-external-fulfillment	ebfb92a56e2a2fa177d5b690c8c51551b1e1f07b7f4a1973941aee4844623f29
2026-09-16T15:57:53Z	10509822	647aad61-7266-4678-8dde-545681b35c18	Software Development Engineer, AFT External Fulfillment	IN, KA, Bengaluru	Bengaluru	KA	IND	August 21, 2026		Software Development	operations	label=team-amazon-fulfillment-technology		not_identified	preferred_only	none	distributed_systems,application_backend	https://www.amazon.jobs/en/jobs/10509822/software-development-engineer-aft-external-fulfillment	ab62593154c9c673a8ea5633b4ac02a9686dc3239a5a72ffd53f36cee64eb10d
2026-09-16T15:57:53Z	10509847	5edb5221-fa5c-479b-83cb-6b4443aaabf5	Software Development Engineer, Generative AI, Annapurna Labs - Neuroboros Team	US, NY, New York	New York	NY	USA	August 21, 2026		Software Development	aws	label=team-machine-learning-primary		not_identified	preferred_only	mention_only	compiler_mention,machine_learning,distributed_systems,cloud_infrastructure,networking,security_identity,embedded_systems,operations_observability	https://www.amazon.jobs/en/jobs/10509847/software-development-engineer-generative-ai-annapurna-labs-neuroboros-team	c88c9a77b3716ee38bcb1c28476f0d977554bdc55a7e58b1bada03ef18453b8c
2026-09-16T15:57:53Z	10509892	86cf3d3f-0baf-43fa-a416-0e95d5711bd1	Software Dev Engineer II, Profit Intelligence	IN, TN, Chennai	Chennai	TN	IND	August 21, 2026		Software Development	selling-partner-services	label=no-team-listed		not_identified	preferred_only	none	machine_learning,distributed_systems,cloud_infrastructure,database_search,graphics_media,application_backend,operations_observability	https://www.amazon.jobs/en/jobs/10509892/software-dev-engineer-ii-profit-intelligence	58d60b67699fec3b7f529f5a1a831ca5e8e8c1ea907bc110f7cddef11a75819c
2026-09-16T15:57:53Z	10509895	7185ef61-e05c-438d-84ac-bf3b46b36ace	Software Dev Engineer II, Profit Intelligence	IN, TN, Chennai	Chennai	TN	IND	August 21, 2026		Software Development	selling-partner-services	label=no-team-listed		not_identified	preferred_only	none	machine_learning,distributed_systems,cloud_infrastructure,database_search,graphics_media,application_backend,operations_observability	https://www.amazon.jobs/en/jobs/10509895/software-dev-engineer-ii-profit-intelligence	1a8fa94db6734f580b8a2a918fe9331af7b180ccec3316ab09104773f471254b
2026-09-16T15:57:53Z	10510026	f0638092-5752-45fe-8c80-469c378d48ee	Sr. Software Development Engineer, US Amazon Dedicated Cloud Security	US, VA, Herndon	Herndon	VA	USA	August 21, 2026		Software Development	aws	label=team-us-security-clearance-jobs-primary		not_identified	preferred_only	none	distributed_systems,cloud_infrastructure,security_identity,application_backend	https://www.amazon.jobs/en/jobs/10510026/sr-software-development-engineer-us-amazon-dedicated-cloud-security	f17a44c9d95d504e7252a40753c2f4ee54d8e590e2f172803d7f1abe5b928f1a
2026-09-16T15:57:53Z	10510056	a5cebbc4-aa20-4f80-adc7-4f9c74ef66b0	Software Development Engineer, AWS AppSync	CA, BC, Vancouver	Vancouver	BC	CAN	August 21, 2026		Software Development	aws	label=team-sde-primary		not_identified	preferred_only	none	distributed_systems,cloud_infrastructure,database_search,security_identity,application_backend	https://www.amazon.jobs/en/jobs/10510056/software-development-engineer-aws-appsync	56ee9d43d27fe95965e2403b93d24ab92fbd70ebafb609fff3f2d2047a0d8a34
2026-09-16T15:57:53Z	10510084	0d89a281-68a9-4863-862d-52df22e7c8fd	Software Development Engineer, Amazon Security	US, CA, San Luis Obispo	San Luis Obispo	CA	USA	August 21, 2026		Software Development	amazon-security	label=no-team-list		not_identified	basic_qualifications	none	cloud_infrastructure,security_identity	https://www.amazon.jobs/en/jobs/10510084/software-development-engineer-amazon-security	0975403633f0e1a9c733aa558c32bd9671228a65fc3caf0c3d92fab966ab9e01
2026-09-16T15:57:53Z	10510229	69b88b6d-fb60-4eee-82db-8359d20a9c35	Software Development Engineer, Integrated Vehicle Testing	US, WA, Redmond	Redmond	WA	USA	August 21, 2026		Software Development	alexa-and-amazon-devices	label=team-project-kuiper		not_identified	basic_qualifications	none	distributed_systems,cloud_infrastructure,networking,embedded_systems,application_backend	https://www.amazon.jobs/en/jobs/10510229/software-development-engineer-integrated-vehicle-testing	fc51e9044fca1d3011349e7ed044599365640580a959a8b5a7f5fec26cc95837
2026-09-16T15:57:53Z	10510280	07966ada-360d-4ea2-979f-662d34d8c520	Software Development Engineer, EC2 Trainium AI Infra	US, WA, Seattle	Seattle	WA	USA	August 21, 2026		Software Development	aws	label=team-sde-primary		not_identified	basic_qualifications	none	distributed_systems,cloud_infrastructure,embedded_systems	https://www.amazon.jobs/en/jobs/10510280/software-development-engineer-ec2-trainium-ai-infra	f16075e666a1e821dfa2cc0ebf5eb7579dee2f9655deac261bc03021c87658c5
2026-09-16T15:57:53Z	10510467	aa6d5581-a35f-4a54-953d-e74fb26766ef	Software Development Engineer, Intent Driven Network	US, CA, Santa Clara	Santa Clara	CA	USA	August 21, 2026		Software Development	aws	label=team-sde-primary		not_identified	preferred_only	none	distributed_systems,cloud_infrastructure,networking,database_search,security_identity,frontend_mobile	https://www.amazon.jobs/en/jobs/10510467/software-development-engineer-intent-driven-network	b83d0afafd7a209b8db8f7ff3de8d39e43c716150e2782497ddd50598a7281d8
2026-09-16T15:57:53Z	10510493	7c1ea847-5b33-46d9-bf0c-28422faa6630	Software Development Engineer - Kinesis Data Streams, Kinesis Data Streams	US, WA, Seattle	Seattle	WA	USA	August 21, 2026		Software Development	aws	label=team-sde-primary		not_identified	preferred_only	none	cloud_infrastructure,networking,database_search,security_identity,graphics_media,application_backend	https://www.amazon.jobs/en/jobs/10510493/software-development-engineer-kinesis-data-streams-kinesis-data-streams	fd9c43d46c1d89dfe59a6a6a9e631d236ba1fa8db6e2d744e5dff359469e041b
2026-09-16T15:57:53Z	10510495	a6e0b869-24f1-4630-b7d4-9434d942fec7	Software Development Engineer, AWS Simple Queue Service (SQS)	CA, BC, Vancouver	Vancouver	BC	CAN	August 21, 2026		Software Development	aws	label=team-aws-cloud-management		not_identified	preferred_only	none	distributed_systems,cloud_infrastructure,embedded_systems,application_backend	https://www.amazon.jobs/en/jobs/10510495/software-development-engineer-aws-simple-queue-service-sqs	da35eeaf88eb2935a64ecd5299a04d1a65ac840db4bff3bba69cef86de5b8fb8
2026-09-16T15:57:53Z	10510497	dc0123c2-fadd-41dc-88e8-f87d8ccc86de	Software Development Engineer, AWS Simple Queue Service (SQS)	CA, BC, Vancouver	Vancouver	BC	CAN	August 21, 2026		Software Development	aws	label=team-aws-cloud-management		not_identified	preferred_only	none	distributed_systems,cloud_infrastructure,embedded_systems,application_backend	https://www.amazon.jobs/en/jobs/10510497/software-development-engineer-aws-simple-queue-service-sqs	5f94fe6c4d78a18eeccf3d200fe6b2b92cf2731d2951a9b4a6fe7b799c15f95a
2026-09-16T15:57:53Z	10510500	8316c6e3-1823-43c7-8986-a5f7650f2b9b	Software Development Engineer, AWS Simple Queue Service (SQS)	CA, BC, Vancouver	Vancouver	BC	CAN	August 21, 2026		Software Development	aws	label=team-aws-cloud-management		not_identified	preferred_only	none	distributed_systems,cloud_infrastructure,embedded_systems,application_backend	https://www.amazon.jobs/en/jobs/10510500/software-development-engineer-aws-simple-queue-service-sqs	253a0df499495139565a4b64a6ccd3afb3a118e87bf988f75451b0f04826bd11
2026-09-16T15:57:53Z	10510501	f5c49d27-bd33-42d1-84b6-fbc6b0a4f909	Software Development Engineer, AWS Simple Queue Service (SQS)	CA, BC, Vancouver	Vancouver	BC	CAN	August 21, 2026		Software Development	aws	label=team-aws-cloud-management		not_identified	preferred_only	none	distributed_systems,cloud_infrastructure,embedded_systems,application_backend	https://www.amazon.jobs/en/jobs/10510501/software-development-engineer-aws-simple-queue-service-sqs	2dae4fb4483e72098f3d45a64cb87904e9f06c64a76b150dacaddc86b2ef9bc7
2026-09-16T15:57:53Z	10510686	e4c1456f-c34b-44ce-9071-cd6d84226f96	Software Development Engineer, Ordering	CA, BC, Vancouver	Vancouver	BC	CAN	August 21, 2026		Software Development	ecp	label=team-ordering-services		not_identified	preferred_only	none	distributed_systems	https://www.amazon.jobs/en/jobs/10510686/software-development-engineer-ordering	bd0d30256663428d7fa0968e7fc56793d1711f2964fb671dcfe065beecc199fd
2026-09-16T15:57:53Z	10510690	14da09f4-8624-4983-8a85-5506d9326b74	Senior Software Development Engineer, AWS Config	US, VA, Arlington	Arlington	VA	USA	August 21, 2026		Software Development	aws	label=team-sde-primary		not_identified	preferred_only	none	distributed_systems,cloud_infrastructure,database_search,security_identity,operations_observability	https://www.amazon.jobs/en/jobs/10510690/senior-software-development-engineer-aws-config	adcf2608b75dc718d1932a53a370c4e9d306b76ec159024f09f6a621b99eee69
2026-09-16T15:57:53Z	10510816	828b9db6-9eba-473e-aaf3-ad1bc76ed020	Software Development Engineer, Security Platform	US, CA, San Francisco	San Francisco	CA	USA	August 21, 2026		Software Development	subsidiaries	label=team-global-twitch		not_identified	basic_qualifications	none	machine_learning,cloud_infrastructure,security_identity,frontend_mobile,graphics_media,application_backend,operations_observability	https://www.amazon.jobs/en/jobs/10510816/software-development-engineer-security-platform	dc578c82c0eba7506f5da4824f296752fbcfa71108893bb02885b2c7d2af905f
2026-09-16T15:57:53Z	10510857	bf837c7f-ff22-4add-869a-55d49e545902	Senior Software Dev Engineer, SDN, Amazon LEO	US, WA, Redmond	Redmond	WA	USA	August 21, 2026		Software Development	alexa-and-amazon-devices	label=team-project-kuiper		not_identified	preferred_only	none	cloud_infrastructure,networking,operations_observability	https://www.amazon.jobs/en/jobs/10510857/senior-software-dev-engineer-sdn-amazon-leo	9e79443ce62f5e4c9729057931fb2f2bc1c01191aeaee76406319fd8ecc27dee
2026-09-16T15:57:53Z	10510858	a1e6e10d-f0f5-46be-b56d-c1e2d5e11646	Software Development Engineer, SDN Controller, Amazon LEO	US, WA, Redmond	Redmond	WA	USA	August 21, 2026		Software Development	alexa-and-amazon-devices	label=team-project-kuiper		not_identified	preferred_only	none	cloud_infrastructure,networking,operations_observability	https://www.amazon.jobs/en/jobs/10510858/software-development-engineer-sdn-controller-amazon-leo	358df9ef69c50bbb68c591490062a1371a0466669d18a5d2add10ee02edc25f7
2026-09-16T15:57:53Z	10510860	e9d67a28-e383-4ac8-a324-c019f0dd2bb5	Software Development Engineer (SDE), SDN Controller, Amazon LEO	US, WA, Redmond	Redmond	WA	USA	August 21, 2026		Software Development	alexa-and-amazon-devices	label=team-project-kuiper		not_identified	preferred_only	none	distributed_systems,cloud_infrastructure,networking,operations_observability	https://www.amazon.jobs/en/jobs/10510860/software-development-engineer-sde-sdn-controller-amazon-leo	c1970ba8095ae1e24deb37e1e4053c52fdc654e5743232fd967946409adec23e
2026-09-16T15:57:53Z	10511478	50c4f91d-ce0c-4f40-b41a-467d14304ac1	Software Development Engineer, US Amazon Dedicated Cloud Security	US, VA, Herndon	Herndon	VA	USA	August 22, 2026		Software Development	aws	label=team-us-security-clearance-jobs-primary		not_identified	basic_qualifications	none	distributed_systems,cloud_infrastructure,security_identity,application_backend,operations_observability	https://www.amazon.jobs/en/jobs/10511478/software-development-engineer-us-amazon-dedicated-cloud-security	3388d9e14376c112f2fbadc6b7c459752a62b121bc6d8adaa1e430a5b2b7ef13
2026-09-16T15:57:53Z	10511620	4f687ccd-2c53-4d76-949c-c9e242304439	Software Dev Engineer, Creative X	US, NY, New York	New York	NY	USA	August 23, 2026		Software Development	advertising	label=team-amazon-ads		not_identified	preferred_only	none	distributed_systems,database_search,frontend_mobile,graphics_media,application_backend	https://www.amazon.jobs/en/jobs/10511620/software-dev-engineer-creative-x	dc1c7fd6328b9822c986ce7b62bca404a6a6a3d987b014b0ab160102d3414a91
2026-09-16T15:57:53Z	10511659	8d6d2073-166e-4866-8c7a-4dc8c0391b7f	Software Development Engineer, Amazon Demand Side Platform	US, CO, Denver	Denver	CO	USA	August 24, 2026		Software Development	advertising	label=team-amazon-ads		not_identified	preferred_only	none	machine_learning,distributed_systems,cloud_infrastructure	https://www.amazon.jobs/en/jobs/10511659/software-development-engineer-amazon-demand-side-platform	2bf3ba2fdc51d72e90dc785f0f749d763fbeb3c41610b0574ab2189706e9784f
2026-09-16T15:57:53Z	10511703	c4a64227-d248-4d2f-9d31-f8aa548af5f9	Software Development Engineer, AFT External Fulfillment	IN, KA, Bengaluru	Bengaluru	KA	IND	August 24, 2026		Software Development	operations	label=team-amazon-fulfillment-technology		not_identified	preferred_only	none	distributed_systems,frontend_mobile,application_backend	https://www.amazon.jobs/en/jobs/10511703/software-development-engineer-aft-external-fulfillment	57a5460ca822bb45dee8b726b76a21b562937c6d6323f641bdaaad8926ac084a
2026-09-16T15:57:53Z	10511704	33747a47-3b4f-46e3-b761-e7b191982ea4	Software Development Engineer, AFT External Fulfillment	IN, KA, Bengaluru	Bengaluru	KA	IND	August 24, 2026		Software Development	operations	label=team-amazon-fulfillment-technology		not_identified	preferred_only	none	distributed_systems,frontend_mobile,application_backend	https://www.amazon.jobs/en/jobs/10511704/software-development-engineer-aft-external-fulfillment	7be35d67c38f43a3179f6e8ff28d426885981b4132e83f2f2ccc559ab131c288
2026-09-16T15:57:53Z	10511781	970c1285-23f2-4603-96de-e4e60849835d	Software Development Engineer, Amazon International Seller Services	IN, TS, Hyderabad	Hyderabad	TS	IND	August 24, 2026		Software Development	no-business-category	label=no-team-listed		not_identified	preferred_only	none	distributed_systems,cloud_infrastructure,database_search,application_backend	https://www.amazon.jobs/en/jobs/10511781/software-development-engineer-amazon-international-seller-services	64668446082b572512ab4303919639f067db9f9c390c56156d450c838f44d1ed
2026-09-16T15:57:53Z	10511802	8068f79a-bc68-4dd5-920b-23b59db0c210	Software Dev Engineer (ED), Amazon Devices - Ring & Blink	GB, Cambridge	Cambridge		GBR	August 24, 2026		Software Development	alexa-and-amazon-devices	label=team-ring-key-blink		not_identified	basic_qualifications	none	distributed_systems,cloud_infrastructure,security_identity,embedded_systems	https://www.amazon.jobs/en/jobs/10511802/software-dev-engineer-ed-amazon-devices-ring-blink	0b7afd839130abd1b48a96e79ecb4c60357a6f20f9ad27c2cd7943e46498181f
2026-09-16T15:57:53Z	10511883	048ed034-b91d-48e3-a310-4f90b8a838fa	Software Development Engineer -I, IESP Merchant Tech	IN, KA, Bengaluru	Bengaluru	KA	IND	August 24, 2026		Software Development	no-business-category	label=no-team-listed		not_identified	preferred_only	none	distributed_systems,database_search	https://www.amazon.jobs/en/jobs/10511883/software-development-engineer-i-iesp-merchant-tech	34d547e0b585571f8fdb24c55aecfca8d077279adffd08fe3a0bec2141757597
2026-09-16T15:57:53Z	10512044	85f9ba64-e2af-40f2-9c4f-eabb64ff1ac9	Software Development Engineer, Brand Measurement	US, NY, New York	New York	NY	USA	August 24, 2026		Software Development	advertising	label=team-amazon-ads		not_identified	preferred_only	none	cloud_infrastructure,operations_observability	https://www.amazon.jobs/en/jobs/10512044/software-development-engineer-brand-measurement	0af1b620e0b48671197057b65c3d66b84322eeb630ef23a056460ee19826cb39
2026-09-16T15:57:53Z	10512066	0ee74c43-aeec-498c-8479-1d0f90002078	Software Dev Engineer II, 1P Audio Video Measurement	CA, ON, Toronto	Toronto	ON	CAN	August 24, 2026		Software Development	advertising	label=team-amazon-ads		not_identified	preferred_only	none	distributed_systems,cloud_infrastructure,embedded_systems,graphics_media	https://www.amazon.jobs/en/jobs/10512066/software-dev-engineer-ii-1p-audio-video-measurement	e5f35d6ca76059a52cfad39f8f5868198fb9c8029474c1cfb98d702396d7eb85
2026-09-16T15:57:53Z	10512194	9271da32-0f22-47cf-95b7-62dff6b18e5f	Software Dev Engineer III, AWS Elastic Beanstalk	US, NJ, Jersey City	Jersey City	NJ	USA	August 24, 2026		Software Development	aws	label=team-sde-primary		not_identified	preferred_only	none	distributed_systems,cloud_infrastructure,application_backend,operations_observability	https://www.amazon.jobs/en/jobs/10512194/software-dev-engineer-iii-aws-elastic-beanstalk	f90d4346d56cf37506e3edc74e5b576ba7c632c655289ef0e674f01e23dd9879
2026-09-16T15:57:53Z	10512283	53d0ff73-f042-483a-99a3-e443256079cc	Software Dev Engineer II , Finance Tech	IN, TS, Hyderabad	Hyderabad	TS	IND	August 24, 2026		Software Development	finance	label=team-fintech		not_identified	preferred_only	none	cloud_infrastructure,database_search,application_backend,operations_observability	https://www.amazon.jobs/en/jobs/10512283/software-dev-engineer-ii-finance-tech	4f7ee5dc9a115c2ab0f20a90b2a2c4db386592ac05d98db6696125ccc0a41d19
2026-09-16T15:57:53Z	10512456	35b20003-1bb9-4dd7-9f26-51d0d4daeb4c	Software Development Engineer, CloudWatch Application Signals	US, CA, Santa Clara	Santa Clara	CA	USA	August 24, 2026		Software Development	aws	label=team-sde-primary		not_identified	basic_qualifications	none	distributed_systems,cloud_infrastructure,embedded_systems,operations_observability	https://www.amazon.jobs/en/jobs/10512456/software-development-engineer-cloudwatch-application-signals	0440d737177fcd01122e6d9391ffc7b325bef01e2a0ce6f1488dd8533eea76a9
2026-09-16T15:57:53Z	10512477	88a02bfe-c4f2-4e74-bcea-ea8189089dfd	Software Dev Engineer - Embedded Development - Low Level, EC2 Live Migration	DE, Dresden	Dresden		DEU	August 24, 2026		Software Development	studentprograms	label=team-jobs-for-grads		not_identified	basic_qualifications	none	distributed_systems,cloud_infrastructure,database_search,security_identity,embedded_systems,application_backend,operations_observability	https://www.amazon.jobs/en/jobs/10512477/software-dev-engineer-embedded-development-low-level-ec2-live-migration	77e80d67018781f2e1e7ce75ca610bc402255f75337b7b3702c1a58ab50e067c
2026-09-16T15:57:53Z	10512532	6b33bab2-3301-456c-982f-0b8c221970b9	Embedded Software Dev Engineer, Amazon Leo Customer Terminal Software	US, WA, Redmond	Redmond	WA	USA	August 24, 2026		Software Development	alexa-and-amazon-devices	label=team-project-kuiper		not_identified	preferred_only	none	networking,embedded_systems	https://www.amazon.jobs/en/jobs/10512532/embedded-software-dev-engineer-amazon-leo-customer-terminal-software	d9d7db2930f61e8cbe0a5f512dbc3a289259eae0903cd1cf52afd8fdd48204d5
2026-09-16T15:57:53Z	10512552	d7d99f11-c78e-4577-9b06-c59a1e34700a	Software Development Engineer, S3 Glacier	US, WA, Seattle	Seattle	WA	USA	August 24, 2026		Software Development	aws	label=team-sde-primary		not_identified	basic_qualifications	none	distributed_systems,cloud_infrastructure,database_search,embedded_systems,application_backend	https://www.amazon.jobs/en/jobs/10512552/software-development-engineer-s3-glacier	0e5d62c55d524bd7f991a0f4cc758f43c4be14773f265e6e6ba01791f375cf98
2026-09-16T15:57:53Z	10512590	fbc098cc-3f2d-476f-83b5-3deeea7ab0d2	Software Development Engineer, Vendor Experience	IN, KA, Bengaluru	Bengaluru	KA	IND	August 24, 2026		Software Development	selling-partner-services	label=no-team-listed		not_identified	preferred_only	none	distributed_systems,database_search,application_backend	https://www.amazon.jobs/en/jobs/10512590/software-development-engineer-vendor-experience	eda05ab552f9a6b4bb8230a168daad99081685ef05abec22f31efe300f12cac5
2026-09-16T15:57:53Z	10512633	e1d97fb7-1d34-44f9-b1b4-5462baee7aed	Sr. Software Development Engineer, Bedrock AgentCore Knowledge Bases	US, NY, New York	New York	NY	USA	August 24, 2026		Software Development	aws	label=team-sde-primary		not_identified	preferred_only	none	machine_learning,distributed_systems	https://www.amazon.jobs/en/jobs/10512633/sr-software-development-engineer-bedrock-agentcore-knowledge-bases	45b42c203bea5060110d3d3e0023a440a31db381de134d90197cd3fd2d9a2968
2026-09-16T15:57:53Z	10512648	17d7f627-ea3f-43c9-9cf4-f26c2dce0df7	Software Engineer, Under the Roof Labor Planning, UTR	IN, KA, Bengaluru	Bengaluru	KA	IND	August 24, 2026		Software Development	fulfillment-and-operations	label=team-last-mile-delivery		not_identified	preferred_only	none	machine_learning,networking,operations_observability	https://www.amazon.jobs/en/jobs/10512648/software-engineer-under-the-roof-labor-planning-utr	366e44f271c57a3257d99836a0349fa934282d1cad6ca3bc939322d6418e6eed
2026-09-16T15:57:53Z	10512710	8ec66902-7503-4d4b-9c05-cbbe53959403	Software Development Engineer, Demand Tech	CA, ON, Toronto	Toronto	ON	CAN	August 24, 2026		Software Development	advertising	label=team-amazon-ads		not_identified	preferred_only	mention_only	compiler_mention,application_backend	https://www.amazon.jobs/en/jobs/10512710/software-development-engineer-demand-tech	13eae9171b89b38ebae13a456efb6bfb4f4e30a66894fd4a21c1363a035b37a1
2026-09-16T15:57:53Z	10512775	37c5d655-a943-41f7-90d6-930bde3c9052	Sr. Software Dev Engineer, AWS OpenSearch Service	US, TX, Austin	Austin	TX	USA	August 24, 2026		Software Development	aws	label=team-sde-primary		not_identified	preferred_only	none	machine_learning,distributed_systems,cloud_infrastructure,networking,database_search,security_identity,operations_observability	https://www.amazon.jobs/en/jobs/10512775/sr-software-dev-engineer-aws-opensearch-service	18aca6f490e99a5bf643e7cd5d44c1c4c0948e7ecd7dcd8d84a4e1ee29bb5f12
2026-09-16T15:57:53Z	10512787	62c192fa-bb3f-4276-86af-52c35b67f8a4	Sr. Software Development Engineer, AWS Networking: MONA	US, WA, Seattle	Seattle	WA	USA	August 24, 2026		Software Development	aws	label=team-sde-primary		not_identified	preferred_only	none	distributed_systems,cloud_infrastructure,networking,operations_observability	https://www.amazon.jobs/en/jobs/10512787/sr-software-development-engineer-aws-networking-mona	0245685b30f840acb8e6a37542d97b2fef1860ff6f68af739faeb1de9ceb71dd
2026-09-16T15:57:53Z	10512788	8c91b82e-dd67-43d6-870f-04af73702074	Software Dev Engineer II, AWS Networking (MONA)	US, WA, Seattle	Seattle	WA	USA	August 24, 2026		Software Development	aws	label=team-sde-primary		not_identified	basic_qualifications	none	distributed_systems,cloud_infrastructure,networking,database_search,embedded_systems,operations_observability	https://www.amazon.jobs/en/jobs/10512788/software-dev-engineer-ii-aws-networking-mona	3d8d1233501ea8203401bbc4e739da0f283ef6f30e685f1907927540f5bd99f8
2026-09-16T15:57:53Z	10512845	4f861c0e-0658-48f9-a822-0d47db556ada	Software Development Engineer, Amazon Fulfillment Technologies (AFT) - Outbound/Flow, FOX	CA, ON, Toronto	Toronto	ON	CAN	August 24, 2026		Software Development	operations	label=team-amazon-fulfillment-technology		not_identified	preferred_only	none	machine_learning,cloud_infrastructure	https://www.amazon.jobs/en/jobs/10512845/software-development-engineer-amazon-fulfillment-technologies-aft-outbound-flow-fox	601f9e243d8f43e805f24ecda4320eca322797472f7a67120521ecd5990ccf15
2026-09-16T15:57:53Z	10512917	d923dc6c-b4f9-4c11-a989-bc61a1fd0eb9	Sr. SDE, AWS Healthcare AI, Amazon Connect Health	US, WA, Seattle	Seattle	WA	USA	August 24, 2026		Software Development	aws	label=team-sde-primary		not_identified	preferred_only	none	machine_learning,distributed_systems,cloud_infrastructure,application_backend	https://www.amazon.jobs/en/jobs/10512917/sr-sde-aws-healthcare-ai-amazon-connect-health	c9a087cc00317705cee91089e1cc28c2f51a3204983f6cd53f1b6669d2a79149
2026-09-16T15:57:53Z	10512938	4f69ac4b-9532-4839-bcd8-9c4c8ec2aebc	Embedded Software Development Engineer - Sensor & Compute, Amazon Robotics	US, MA, North Reading	North Reading	MA	USA	August 24, 2026		Software Development	subsidiaries	label=team-amazon-robotics		not_identified	basic_qualifications	none	distributed_systems,cloud_infrastructure,networking,embedded_systems	https://www.amazon.jobs/en/jobs/10512938/embedded-software-development-engineer-sensor-compute-amazon-robotics	c272dca603a38e69d541665cb77d11dded6ba1ca9e2909134cb7a99a61d39d5e
2026-09-16T15:57:53Z	10512990	295db1df-20aa-4e94-8116-91809315dba1	Software Development Engineer, Amazon WorkSpaces	US, WA, Seattle	Seattle	WA	USA	August 24, 2026		Software Development	aws	label=team-sde-primary		not_identified	preferred_only	none	cloud_infrastructure,graphics_media,application_backend	https://www.amazon.jobs/en/jobs/10512990/software-development-engineer-amazon-workspaces	04daa9475ebfdbff3617dee013047ab715f03a99be744167d9535afb145cab1b
2026-09-16T15:57:53Z	10513002	a0c40881-dc63-48d4-b7f8-29a44567a737	SDE II - Amazon Legal Tech, Legal Tech	US, WA, Seattle	Seattle	WA	USA	August 24, 2026		Software Development	legal	label=team-legal-technology		not_identified	basic_qualifications	none	distributed_systems,cloud_infrastructure,database_search,embedded_systems,application_backend,operations_observability	https://www.amazon.jobs/en/jobs/10513002/sde-ii-amazon-legal-tech-legal-tech	3df0bce61a2c9fe482f4079cb3d548430bb04f67f3e1ec6a612a7bbe6433c07b
2026-09-16T15:57:53Z	10513035	67fe2fc2-e69b-418f-91f2-692aed5c7c58	Sr. Software Development Engineer, Measurement, Ad Tech, and Data Science	US, TX, Austin	Austin	TX	USA	August 24, 2026		Software Development	advertising	label=team-ad-serving-and-measurement		not_identified	preferred_only	none	security_identity	https://www.amazon.jobs/en/jobs/10513035/sr-software-development-engineer-measurement-ad-tech-and-data-science	eaee10daabfbba5357dbd83f41f9788e0231d1760691408ecb69ddc77bdc8cfd
2026-09-16T15:57:53Z	10513110	78e6d571-a2db-47a7-a4fb-42a0d1ddbc65	Software Development Engineer, Amazon Leo, Early Career - 2026	US, WA, Redmond	Redmond	WA	USA	August 25, 2026		Software Development	studentprograms	label=team-jobs-for-grads		not_identified	basic_qualifications	none	machine_learning,distributed_systems,cloud_infrastructure,networking,database_search,frontend_mobile,application_backend,operations_observability	https://www.amazon.jobs/en/jobs/10513110/software-development-engineer-amazon-leo-early-career-2026	f7162d272ffc6ac00f501333e61d48857cb629e44a728ed91289bd8b4f4cd59e
2026-09-16T15:57:53Z	10513165	e281ff85-df8b-4061-9545-c75f7ae65278	Software Dev Engineer, Software Controller, CLOS Fabric Engineering, AWS	US, CA, Santa Clara	Santa Clara	CA	USA	August 25, 2026		Software Development	aws	label=team-sde-primary		not_identified	not_stated	none	distributed_systems,cloud_infrastructure,networking,database_search,security_identity,embedded_systems	https://www.amazon.jobs/en/jobs/10513165/software-dev-engineer-software-controller-clos-fabric-engineering-aws	c238dfc799de4ac0491f07a93912909a72605b8299b6be054807ec54c204d6e4
2026-09-16T15:57:53Z	10513166	abb6ddc5-61d8-4d63-abbb-fc73d86cf613	Software Development Engineer, Amazon Private Brands, Automated Product Planning and Governance	CN, 44, Shenzhen	Shenzhen	44	CHN	August 25, 2026		Software Development	retail	label=team-private-brands		not_identified	preferred_only	none	machine_learning,cloud_infrastructure,database_search,frontend_mobile	https://www.amazon.jobs/en/jobs/10513166/software-development-engineer-amazon-private-brands-automated-product-planning-and-governance	a0f222a0c030bda1ac0891e2815a8296cdb38f5e6cb8372cc91430100f8b0ba9
2026-09-16T15:57:53Z	10513167	930ae035-8225-41a7-8076-6e174e012cb3	Software Development Engineer, Amazon Private Brands, Automated Product Planning and Governance	CN, 44, Shenzhen	Shenzhen	44	CHN	August 25, 2026		Software Development	retail	label=team-private-brands		not_identified	preferred_only	none	machine_learning,cloud_infrastructure,database_search,frontend_mobile	https://www.amazon.jobs/en/jobs/10513167/software-development-engineer-amazon-private-brands-automated-product-planning-and-governance	725142b7e301fd205e6192ed2092f49121cad6d8298a2c74d6fa9f0e1a4dcf20
2026-09-16T15:57:53Z	10513180	035006bd-2edb-41d3-9baa-56c4e66a091f	Software Development Engineer, Ordering	CA, BC, Vancouver	Vancouver	BC	CAN	August 25, 2026		Software Development	ecp	label=team-ascs		not_identified	preferred_only	none	distributed_systems	https://www.amazon.jobs/en/jobs/10513180/software-development-engineer-ordering	380c8b2ea99f9db7aa7ee2144269782522bd2b8ea758cf2ea783f9b131cae3f7
2026-09-16T15:57:53Z	10513230	37f16d63-7d57-4224-bf63-e63543fdddee	Software Dev Engineer II, Prime Air	US, WA, Seattle	Seattle	WA	USA	August 25, 2026		Software Development	retail	label=team-global-prime-air		not_identified	basic_qualifications	none	distributed_systems,cloud_infrastructure,embedded_systems	https://www.amazon.jobs/en/jobs/10513230/software-dev-engineer-ii-prime-air	d516b18a4c198d5f1b942b0ac995a3645613359e6d49d955581c6e6c75edc963
2026-09-16T15:57:53Z	10513247	66271472-5622-4847-9736-ce261154b3fb	Software Dev Engineer II, Prime Air	US, WA, Seattle	Seattle	WA	USA	August 25, 2026		Software Development	retail	label=team-global-prime-air		not_identified	basic_qualifications	none	distributed_systems,cloud_infrastructure,embedded_systems	https://www.amazon.jobs/en/jobs/10513247/software-dev-engineer-ii-prime-air	65ff6477e6a8d2ffca712d53645832978267ce69e05aee3f29cdf8251a88ccf3
2026-09-16T15:57:53Z	10513281	033db3c8-bd4b-4cb9-aa50-372d11aea24b	Software Dev Engineer, AWS Billing	DE, BE, Berlin	Berlin	BE	DEU	August 25, 2026		Software Development	aws	label=team-sde-primary		not_identified	preferred_only	none	distributed_systems,cloud_infrastructure,database_search,security_identity,application_backend	https://www.amazon.jobs/en/jobs/10513281/software-dev-engineer-aws-billing	b6efd842b3592900bfbabdb537769db5d7f88560d2d6abad8c5a4a2b025eb721
2026-09-16T15:57:53Z	10513313	547f96d3-d2a3-4f8c-a45a-f55071b749ef	Software Development Engineer II (ML), CMT	IN, TN, Chennai	Chennai	TN	IND	August 25, 2026		Software Development	no-business-category	label=no-team-listed		not_identified	basic_qualifications	none	machine_learning,distributed_systems,cloud_infrastructure,database_search,security_identity,application_backend,operations_observability	https://www.amazon.jobs/en/jobs/10513313/software-development-engineer-ii-ml-cmt	5ea84d504770fd3eb96db34f53eb98ec7800f84b7e18414859986d0a291a01a5
2026-09-16T15:57:53Z	10513557	deb8e912-d03f-49fa-a155-60d8a3c7f916	Software Dev Engineer, Amazon Security Automation	GB, London	London		GBR	August 25, 2026		Software Development	amazon-security	label=team-store-security		not_identified	preferred_only	none	cloud_infrastructure,database_search,security_identity	https://www.amazon.jobs/en/jobs/10513557/software-dev-engineer-amazon-security-automation	b44776e88032aceed3cd2df781356cf0035c94b904ad1f3e13a2664e2755d664
2026-09-16T15:57:53Z	10513782	4adf9a88-83db-4cfb-9c22-09b61d74135a	Software Development Engineer, Data Center Builder Tools	US, CO, Denver	Denver	CO	USA	August 25, 2026		Software Development	aws	label=team-sde-primary		not_identified	basic_qualifications	none	machine_learning,cloud_infrastructure,networking,database_search,security_identity,embedded_systems,application_backend,operations_observability	https://www.amazon.jobs/en/jobs/10513782/software-development-engineer-data-center-builder-tools	330df556efbe0cd818a26640c894408d912101b8640f081be687adb9090b7243
2026-09-16T15:57:53Z	10513808	686e3752-0f97-4be3-81c3-3843fc824b7d	Software Development Engineer, Conversational Ads Experience	US, WA, Seattle	Seattle	WA	USA	August 25, 2026		Software Development	advertising	label=team-amazon-ads		not_identified	preferred_only	none	machine_learning,distributed_systems,cloud_infrastructure,embedded_systems,operations_observability	https://www.amazon.jobs/en/jobs/10513808/software-development-engineer-conversational-ads-experience	b981b51fe89fcdf908a6ec0e3acb7e46a416a28b6f30e8d4f38b3c8884170ac5
2026-09-16T15:57:53Z	10513814	0e15aa1e-bb61-41a5-8488-4a68fa93b7df	Software Dev Engineer II, AWS Networking Reasoning Team	US, WA, Seattle	Seattle	WA	USA	August 25, 2026		Software Development	aws	label=team-no-matching-primary-label-listed		not_identified	basic_qualifications	none	distributed_systems,cloud_infrastructure,networking,embedded_systems	https://www.amazon.jobs/en/jobs/10513814/software-dev-engineer-ii-aws-networking-reasoning-team	ff4dfe0076e0cedfdb8a02c3b1ea40a69e6fff1c19896c1bf4adc539b3647d31
2026-09-16T15:57:53Z	10513862	efe4cf6c-f10e-4cbd-85c4-80d7e32ddccb	Software Development Engineer, S3	US, VA, Arlington	Arlington	VA	USA	August 25, 2026		Software Development	aws	label=team-sde-primary		not_identified	preferred_only	none	machine_learning,cloud_infrastructure,application_backend	https://www.amazon.jobs/en/jobs/10513862/software-development-engineer-s3	18d197f565c752426211da4e60be382da4fde40fe0db5fcff5975350bf2e68fc
2026-09-16T15:57:53Z	10513864	60ae0726-89a3-4f67-9bd1-ecd36b8faae8	Software Development Engineer, S3	US, VA, Arlington	Arlington	VA	USA	August 25, 2026		Software Development	aws	label=team-sde-primary		not_identified	preferred_only	none	machine_learning,cloud_infrastructure,application_backend	https://www.amazon.jobs/en/jobs/10513864/software-development-engineer-s3	937ef3475b7362ba3034ddd5cc8511ee0cc037058ad011f89f789e6d24c5daf2
2026-09-16T15:57:53Z	10513880	774b509c-aafc-4d12-b26d-95f75c46bb57	Software Development Engineer, EC2 Networking (VPC Core)	US, WA, Seattle	Seattle	WA	USA	August 25, 2026		Software Development	aws	label=team-aws-cloud-management		not_identified	preferred_only	none	cloud_infrastructure,networking,database_search,security_identity,application_backend,operations_observability	https://www.amazon.jobs/en/jobs/10513880/software-development-engineer-ec2-networking-vpc-core	f1d2b08f11667144c1aecf461c7ce288a4ce52543624922df3b93b815a54c0a4
2026-09-16T15:57:53Z	10513905	67c6da19-8748-4ee2-a382-3239688dbc3f	Principal Software Engineer, Amazon Autos	IN, HR, Gurugram	Gurugram	HR	IND	August 25, 2026		Software Development	kindlecontent	label=team-no-team-listed		not_identified	basic_qualifications	none	machine_learning,distributed_systems,cloud_infrastructure,database_search,embedded_systems,frontend_mobile,application_backend	https://www.amazon.jobs/en/jobs/10513905/principal-software-engineer-amazon-autos	a69a3409d1ea7716ee7c1793cb949674fc88c8d138b4b1671c9cce8d08cf925e
2026-09-16T15:57:53Z	10514163	671a8448-5dbc-43e4-b924-2327dda84ea6	Software Development Engineer II, Amazon Leo Fulfillment Technology	US, WA, Redmond	Redmond	WA	USA	August 25, 2026		Software Development	alexa-and-amazon-devices	label=team-project-kuiper		not_identified	preferred_only	none	networking	https://www.amazon.jobs/en/jobs/10514163/software-development-engineer-ii-amazon-leo-fulfillment-technology	104d7bd455ac7077b1f94f952758839a86771581f454a2180364982a4dcecfb9
2026-09-16T15:57:53Z	10514216	a5e3fc12-c917-4380-8bbe-b72a01585bc0	Software Development Engineer II, AWS Activate	US, WA, Seattle	Seattle	WA	USA	August 25, 2026		Software Development	aws	label=team-sde-primary		not_identified	basic_qualifications	none	machine_learning,cloud_infrastructure	https://www.amazon.jobs/en/jobs/10514216/software-development-engineer-ii-aws-activate	4eb72b8b04d3d0031b8812be3cf49d094c2f9d4932ddaa5cda50b2a412054e30
2026-09-16T15:57:53Z	10514314	a2a115ae-d37f-43da-9659-80352fd483d5	Software Development Engineer - II , Last Mile Planning, Driver Matching	US, WA, Bellevue	Bellevue	WA	USA	August 25, 2026		Software Development	fulfillment-and-operations	label=team-last-mile-delivery		not_identified	basic_qualifications	none	distributed_systems,database_search,embedded_systems	https://www.amazon.jobs/en/jobs/10514314/software-development-engineer-ii-last-mile-planning-driver-matching	cd48454930fc1dfa75f46f1ea19c3ff17f1f92884a779bfcef22f95a24b0abdf
2026-09-16T15:57:53Z	10514315	35b436ad-a642-40e7-a10b-e3ff107ab114	Software Development Engineer - II , Last Mile Planning, Driver Matching	US, WA, Bellevue	Bellevue	WA	USA	August 25, 2026		Software Development	fulfillment-and-operations	label=team-last-mile-delivery		not_identified	basic_qualifications	none	distributed_systems,database_search,embedded_systems	https://www.amazon.jobs/en/jobs/10514315/software-development-engineer-ii-last-mile-planning-driver-matching	586146e6cc754578c681980dd03c285f2233f72fe1c2ae3671acfcbd05944c85
2026-09-16T15:57:53Z	10514316	ca48394b-e7e4-481e-8047-17a2f86335ee	Software Development Engineer - II , Last Mile Planning, Driver Matching	US, WA, Bellevue	Bellevue	WA	USA	August 25, 2026		Software Development	fulfillment-and-operations	label=team-last-mile-delivery		not_identified	basic_qualifications	none	distributed_systems,database_search,embedded_systems	https://www.amazon.jobs/en/jobs/10514316/software-development-engineer-ii-last-mile-planning-driver-matching	ad5c5ec440c56a954c2720eeca7f7293441ed9fda608ff3aaf6bcdd934943816
2026-09-16T15:57:53Z	10514328	1fe82b39-7862-4bd5-a6f4-409975e22e43	Software Development Engineer, AFT Quality	CA, ON, Toronto	Toronto	ON	CAN	August 25, 2026		Software Development	operations	label=team-amazon-fulfillment-technology		not_identified	preferred_only	none	machine_learning,cloud_infrastructure,networking,graphics_media	https://www.amazon.jobs/en/jobs/10514328/software-development-engineer-aft-quality	7c04850619d09b2134713456317cb0afa8cf2534bf394c2625265be646e08b11
2026-09-16T15:57:53Z	10514554	53d080d6-596e-4f99-b574-cf36659bc9f0	Software Engineer II, Fintech	US, CA, San Francisco	San Francisco	CA	USA	August 25, 2026		Software Development	subsidiaries	label=team-global-twitch		not_identified	not_stated	mention_only	compiler_mention,cloud_infrastructure,database_search,security_identity,embedded_systems,frontend_mobile,graphics_media,application_backend,operations_observability	https://www.amazon.jobs/en/jobs/10514554/software-engineer-ii-fintech	1f32e393863f714194f8da33e019072daeaf45202a39a85ccc22f0bcdc5453ed
2026-09-16T15:57:53Z	10514555	bc2d814d-3df0-4970-9467-ebc997d2f16a	Software Development Engineer, WW Deals & Promotions	CA, BC, Vancouver	Vancouver	BC	CAN	August 25, 2026		Software Development	north-america-stores	label=pricing		not_identified	preferred_only	none	distributed_systems,application_backend	https://www.amazon.jobs/en/jobs/10514555/software-development-engineer-ww-deals-promotions	e397cd824ad7cd6ed1c681e7640af2a627a3bcb70e4a7227f06d8ffd8311f6f4
2026-09-16T15:57:53Z	10514556	3add0bbc-b36a-42d0-ae54-d408197345a4	Software Development Engineer, WW Deals & Promotions	CA, BC, Vancouver	Vancouver	BC	CAN	August 25, 2026		Software Development	north-america-stores	label=promotions		not_identified	preferred_only	none	distributed_systems,application_backend	https://www.amazon.jobs/en/jobs/10514556/software-development-engineer-ww-deals-promotions	88e567070f664a601a714272936d8bbbbccb1c48cec536b866460bc2e2108434
2026-09-16T15:57:53Z	10514569	00ef7eb3-1e42-492d-baef-fe2cd54f5098	Software Engineer, Browser Client	CA, BC, Virtual	Virtual	BC	CAN	August 25, 2026		Software Development	subsidiaries	label=team-global-twitch		not_identified	basic_qualifications	none	security_identity,frontend_mobile,graphics_media,operations_observability	https://www.amazon.jobs/en/jobs/10514569/software-engineer-browser-client	d6314546bc6a6fe5df4daab4064310e5afa77e71dd79ce344c4829a644895427
2026-09-16T15:57:53Z	10515096	8fe3ce08-7e3e-4cad-bbc0-1df692df6cd8	Software Development Engineer, AWS Hardware Engineering	US, WA, Seattle	Seattle	WA	USA	August 25, 2026		Software Development	aws	label=team-sde-primary		not_identified	basic_qualifications	none	cloud_infrastructure,networking,database_search,security_identity,application_backend,operations_observability	https://www.amazon.jobs/en/jobs/10515096/software-development-engineer-aws-hardware-engineering	62d2a48a2e3cc53938cbfe0fc7662606697626ad6ab60d1ffe0591b7ff138f51
2026-09-16T15:57:53Z	10515148	e3e46df7-12c3-4018-ad83-2a874869fd57	Software Development Engineer , Leo Customer Terminals Applications & Networking Team	US, WA, Redmond	Redmond	WA	USA	August 26, 2026		Software Development	alexa-and-amazon-devices	label=devices-and-services-teams		not_identified	basic_qualifications	none	distributed_systems,cloud_infrastructure,networking,embedded_systems	https://www.amazon.jobs/en/jobs/10515148/software-development-engineer-leo-customer-terminals-applications-networking-team	77f9093583ff9bc4223b6ecdb21cb02560337620099b1bcbeca231ba6d978320
2026-09-16T15:57:53Z	10515149	c89ea78d-f504-457d-9f55-e792d419131f	Software Development Engineer , Leo Customer Terminals Applications & Networking Team	US, WA, Redmond	Redmond	WA	USA	August 26, 2026		Software Development	alexa-and-amazon-devices	label=devices-and-services-teams		not_identified	basic_qualifications	none	distributed_systems,cloud_infrastructure,networking,embedded_systems	https://www.amazon.jobs/en/jobs/10515149/software-development-engineer-leo-customer-terminals-applications-networking-team	8155bd0c73cc82777f736bc877a3a95a03f83542412830a6e864bb7321668380
2026-09-16T15:57:53Z	10515150	2e97bd25-988e-4e01-963d-a77ccc6720d9	Software Development Engineer , Leo Customer Terminals Applications & Networking Team	US, WA, Redmond	Redmond	WA	USA	August 26, 2026		Software Development	alexa-and-amazon-devices	label=devices-and-services-teams		not_identified	basic_qualifications	none	distributed_systems,cloud_infrastructure,networking,embedded_systems	https://www.amazon.jobs/en/jobs/10515150/software-development-engineer-leo-customer-terminals-applications-networking-team	c10deef9ff8ca6d4664a98cc0732274470228bf29be669a242a269f82ae1b03c
2026-09-16T15:57:53Z	10515153	a3d9095d-3d87-4c52-8fdf-79cab08c028d	Software Development Engineer, Transit Gateway	US, VA, Arlington	Arlington	VA	USA	August 26, 2026		Software Development	aws	label=team-sde-primary		not_identified	basic_qualifications	none	distributed_systems,cloud_infrastructure,networking,database_search,security_identity,embedded_systems	https://www.amazon.jobs/en/jobs/10515153/software-development-engineer-transit-gateway	c0bf92bcd0c90e15872445bc6f8d6e29f78dd72440338e87b4020366ba619745
2026-09-16T15:57:53Z	10515221	e6c326de-749c-4fa3-8669-fb02bcc297dd	Software Development Engineer, Amazon Aurora DSQL	US, WA, Seattle	Seattle	WA	USA	August 26, 2026		Software Development	aws	label=team-sde-primary		not_identified	basic_qualifications	none	distributed_systems,cloud_infrastructure,database_search,security_identity,frontend_mobile,application_backend	https://www.amazon.jobs/en/jobs/10515221/software-development-engineer-amazon-aurora-dsql	50606082f1a15a8b4017c77d57d78d3cd8cafa91d99c8b764bb641dc4bd4f9cc
2026-09-16T15:57:53Z	10515460	4b74c628-761b-425e-a891-3e8012f748f1	Software Development Engineer, WW Deals & Promotions	CA, BC, Vancouver	Vancouver	BC	CAN	August 26, 2026		Software Development	north-america-stores	label=pricing		not_identified	preferred_only	none	distributed_systems,application_backend	https://www.amazon.jobs/en/jobs/10515460/software-development-engineer-ww-deals-promotions	5f43e498f60326ecea53c59f0a5fe780bf0cbbcf1a260c3cdbd7414e94ae7bed
2026-09-16T15:57:53Z	10515543	dbd0ce3a-cc4a-41f0-9c70-e1d94ecec2dd	Software Dev Engineer II, Delivery Experience, Delivery Experience	IN, TS, Hyderabad	Hyderabad	TS	IND	August 26, 2026		Software Development	operations	label=team-amazon-delivery-technology		not_identified	preferred_only	none	cloud_infrastructure,application_backend	https://www.amazon.jobs/en/jobs/10515543/software-dev-engineer-ii-delivery-experience-delivery-experience	5e44ce27b3310ebd3e043c4f6f3539052ef6eb46bcde9a2a44c145f8b281b062
2026-09-16T15:57:53Z	10515630	826106b6-0a85-4b9d-9194-81cff2260cb9	Software Development Engineer, Amazon Selection Monitoring	US, WA, Seattle	Seattle	WA	USA	August 26, 2026		Software Development	ecp	label=team-ascs		not_identified	basic_qualifications	none	machine_learning,distributed_systems,database_search,embedded_systems,operations_observability	https://www.amazon.jobs/en/jobs/10515630/software-development-engineer-amazon-selection-monitoring	fbe903e2624867136796a6714fb9c2383643a5d9666cc873a03fdcd1728d713e
2026-09-16T15:57:53Z	10515636	08a71840-f31c-4bdc-8bdf-12eaeebe3cd8	Software Development Engineer, AWS Border Network Engineering (L5)	US, WA, Seattle	Seattle	WA	USA	August 26, 2026		Software Development	aws	label=team-system-development-engineer-primary		not_identified	basic_qualifications	none	distributed_systems,cloud_infrastructure,networking,database_search,security_identity,embedded_systems,application_backend	https://www.amazon.jobs/en/jobs/10515636/software-development-engineer-aws-border-network-engineering-l5	3d62a6e2ff646d60bdf24d5cb0509c76298edb30510ed2d473b30d3e9c0c559b
2026-09-16T15:57:53Z	10515667	460e7481-1a62-40b2-9d6d-84f45fc759c4	Software Development Engineer, GNC Software, Amazon Leo	US, WA, Redmond	Redmond	WA	USA	August 26, 2026		Software Development	alexa-and-amazon-devices	label=team-project-kuiper		not_identified	preferred_only	none	cloud_infrastructure,networking,embedded_systems	https://www.amazon.jobs/en/jobs/10515667/software-development-engineer-gnc-software-amazon-leo	cad5db2a86be1973f047dbb471a7e9eaeab2017548a5e74e02d3d5ca2e98cdf7
2026-09-16T15:57:53Z	10515707	d2cd2d09-3046-4560-94e3-359715a7b216	Software Development Engineer, WW Deals and Promotions	US, WA, Seattle	Seattle	WA	USA	August 26, 2026		Software Development	north-america-stores	label=promotions		not_identified	basic_qualifications	none	distributed_systems,embedded_systems	https://www.amazon.jobs/en/jobs/10515707/software-development-engineer-ww-deals-and-promotions	c333d1f4688105ad4b3a383951f38785df3fe5226e180f6ce30c40b932e07be2
2026-09-16T15:57:53Z	10515713	82d29911-8c3e-47b8-994e-90c112b4cd04	Software Development Engineer, Amazon Shopping Videos (Ads)	US, NY, New York	New York	NY	USA	August 26, 2026		Software Development	advertising	label=team-amazon-ads		not_identified	basic_qualifications	none	distributed_systems,embedded_systems,graphics_media	https://www.amazon.jobs/en/jobs/10515713/software-development-engineer-amazon-shopping-videos-ads	bac8098d0fe18437de195e90ee24549c07406e57a0a86bf031cf220fb1e4133c
2026-09-16T15:57:53Z	10515901	18f96792-0c51-434e-951a-d239208b4b69	Software Development Engineer II, Building Connectivity Engineering	US, WA, Seattle	Seattle	WA	USA	August 26, 2026		Software Development	aws	label=team-sde-primary		not_identified	basic_qualifications	none	distributed_systems,cloud_infrastructure,networking,security_identity,embedded_systems,application_backend	https://www.amazon.jobs/en/jobs/10515901/software-development-engineer-ii-building-connectivity-engineering	748596af668b0648bb0507e045fb22dea385dd139303569609ee5f531ea769ed
2026-09-16T15:57:53Z	10515912	6cc4eac0-7e33-46f5-b8af-6628f3d7e6e1	Software Engineer I, Memberships	US, CA, San Francisco	San Francisco	CA	USA	August 26, 2026		Software Development	subsidiaries	label=team-global-twitch		not_identified	basic_qualifications	none	distributed_systems,cloud_infrastructure,database_search,frontend_mobile,graphics_media	https://www.amazon.jobs/en/jobs/10515912/software-engineer-i-memberships	23b946e29a7ec179e593b9250c010113c25a7c5be4ff4f326c85168a42be3249
2026-09-16T15:57:53Z	10515928	62ed50e6-48d2-40bf-9c31-7008b441e96f	Software Development Engineer, Amazon Vietnam Design Center	VN, Hochiminhcity	Hochiminhcity		VNM	August 26, 2026		Software Development	alexa-and-amazon-devices	label=team-ring-key-blink		not_identified	not_stated	none	machine_learning,cloud_infrastructure,security_identity,embedded_systems	https://www.amazon.jobs/en/jobs/10515928/software-development-engineer-amazon-vietnam-design-center	56729315fe76ef333c5fbcb32b9bc90b24e7e655a30082d6012b1913ceaad44e
2026-09-16T15:57:53Z	10515931	04fd529b-d0df-4bb2-8d86-5442d50ba3e9	Sr. Software Engineer- AI/ML, AWS Neuron Distributed Training	US, CA, Cupertino	Cupertino	CA	USA	August 26, 2026		Software Development	aws	label=team-sde-primary		not_identified	basic_qualifications	mention_only	compiler_mention,machine_learning,cloud_infrastructure,database_search,application_backend	https://www.amazon.jobs/en/jobs/10515931/sr-software-engineer-ai-ml-aws-neuron-distributed-training	903ae8788d83bf3b8ffab347ae414b99674e2f64011fe715b38fa75e8f924ce2
2026-09-16T15:57:53Z	10516058	e97621f0-de69-4da1-91c7-725bf1304d0e	Senior Software Engineer, Luna Omni	US, WA, Seattle	Seattle	WA	USA	August 26, 2026		Software Development	alexa-and-amazon-devices	label=team-luna		not_identified	preferred_only	none	distributed_systems,application_backend,operations_observability	https://www.amazon.jobs/en/jobs/10516058/senior-software-engineer-luna-omni	2db0df2778399e72b830de83fc8559fd42446f2035dbcfb7b17ba20ab0c5ba23
2026-09-16T15:57:53Z	10516064	c975d484-96ac-4a01-96a6-7b65487fe63a	Senior Software Development Engineer, S3 Storage Cells	US, WA, Seattle	Seattle	WA	USA	August 26, 2026		Software Development	aws	label=team-sde-primary		not_identified	preferred_only	none	distributed_systems,cloud_infrastructure,database_search,application_backend,operations_observability	https://www.amazon.jobs/en/jobs/10516064/senior-software-development-engineer-s3-storage-cells	ba9970253dc44e0818e7ca9e6e0226765f79b0de369afb8f474106467cabebc0
2026-09-16T15:57:53Z	10516065	240420b8-11e7-4dc8-9856-8698b6179801	Software Development Engineer, S3 Storage Cells	US, WA, Seattle	Seattle	WA	USA	August 26, 2026		Software Development	aws	label=team-sde-primary		not_identified	basic_qualifications	none	distributed_systems,cloud_infrastructure,database_search,embedded_systems,application_backend,operations_observability	https://www.amazon.jobs/en/jobs/10516065/software-development-engineer-s3-storage-cells	b21b461e3e47d43af4e3717ec9455889f03d5b3b9c73fedc9eb80cd6d60781ae
2026-09-16T15:57:53Z	10516085	d57f463a-0d2d-40cc-9d05-f36106c65bbf	Software Development Engineer, Lambda - Experience	IE, D, Dublin	Dublin	D	IRL	August 26, 2026		Software Development	aws	label=team-sde-primary		not_identified	basic_qualifications	none	distributed_systems,cloud_infrastructure,database_search,security_identity,application_backend,operations_observability	https://www.amazon.jobs/en/jobs/10516085/software-development-engineer-lambda-experience	c5f0bb9c4c88c688f6d4c2c8f236056547f55b9dc29cb0dfd9e7f7c8389c962f
2026-09-16T15:57:53Z	10516096	e34a8dd2-6e94-4722-bbec-7ff369876d31	Software Development Engineer , Amazon Leo	US, WA, Redmond	Redmond	WA	USA	August 26, 2026		Software Development	alexa-and-amazon-devices	label=team-project-kuiper		not_identified	preferred_only	none	networking,security_identity,operations_observability	https://www.amazon.jobs/en/jobs/10516096/software-development-engineer-amazon-leo	1d542233c0ac747093e951b7f30e7a21c073b9264995306dc1eb1dfcac182174
2026-09-16T15:57:53Z	10516119	6ffa7fb5-2a37-4ecb-b745-e29458239681	Software Development Engineer, RDS SQL Server	IE, D, Dublin	Dublin	D	IRL	August 26, 2026		Software Development	aws	label=team-sde-primary		not_identified	preferred_only	none	distributed_systems,cloud_infrastructure,database_search,security_identity,application_backend,operations_observability	https://www.amazon.jobs/en/jobs/10516119/software-development-engineer-rds-sql-server	80866494e7bd90f3a437e7dd6caef7769567f9f1e6ccc9b1dedd5f5a74c0f910
2026-09-16T15:57:53Z	10516123	19e1e9a5-fb58-419e-9e9e-b03162a7dd0e	Software Development Engineer, IAM Stores Security	GB, London	London		GBR	August 26, 2026		Software Development	amazon-security	label=team-store-security		not_identified	preferred_only	none	machine_learning,distributed_systems,cloud_infrastructure,security_identity,application_backend	https://www.amazon.jobs/en/jobs/10516123/software-development-engineer-iam-stores-security	e80fb451dcc8883378ddb8d604f36ef36c30277c90dbe48d49ce1d985c50c90b
2026-09-16T15:57:53Z	10516152	8d46a9b5-8243-48b0-8546-245306a62d5d	SDE-II, Supply Chain	US, WA, Bellevue	Bellevue	WA	USA	August 26, 2026		Software Development	operations	label=team-supply-chain-optimization		not_identified	basic_qualifications	none	machine_learning,distributed_systems,networking,embedded_systems	https://www.amazon.jobs/en/jobs/10516152/sde-ii-supply-chain	ce4cc94f4995c80618d0b93466ac481e02f8de801c0ac20fd76305403965652c
2026-09-16T15:57:53Z	10516175	eba38f88-5afa-4d18-855c-c4329c2002ac	Software Dev Engineer II, Network Load Balancer (NLB)	US, WA, Seattle	Seattle	WA	USA	August 26, 2026		Software Development	aws	label=team-no-matching-primary-label-listed		not_identified	basic_qualifications	none	distributed_systems,networking,database_search,embedded_systems	https://www.amazon.jobs/en/jobs/10516175/software-dev-engineer-ii-network-load-balancer-nlb	a1f362452ed6c9f7705556c3874fd21db3eb16c7a764aa61c7973163c699c617
2026-09-16T15:57:53Z	10516223	204eea8f-d877-458e-a0d5-23ad6d543084	Sr. Software Development Engineer, OTA	US, WA, Redmond	Redmond	WA	USA	August 26, 2026		Software Development	alexa-and-amazon-devices	label=team-project-kuiper		not_identified	preferred_only	none	cloud_infrastructure,networking,security_identity	https://www.amazon.jobs/en/jobs/10516223/sr-software-development-engineer-ota	c8799ce97014ace0e170d46d83348674995c05e2b76f1700adb4be7c3a78f381
2026-09-16T15:57:53Z	10516264	1c8f71ed-41d3-4238-8cee-5f8ce8674e25	Software Development Engineer - AWS Cryptography	US, WA, Seattle	Seattle	WA	USA	August 26, 2026		Software Development	aws	label=team-sde-primary		not_identified	basic_qualifications	none	machine_learning,cloud_infrastructure,security_identity	https://www.amazon.jobs/en/jobs/10516264/software-development-engineer-aws-cryptography	63afd22ed16be038e7a447b43cf22893b37b7087c49e941ffb67e8c227aaa1ef
2026-09-16T15:57:53Z	10516274	a5a2f5f0-c99d-4f37-95da-52b4857e27e7	Software Development Engineer II, Ordering	CA, BC, Vancouver	Vancouver	BC	CAN	August 26, 2026		Software Development	ecp	label=team-ordering-services		not_identified	preferred_only	none	distributed_systems	https://www.amazon.jobs/en/jobs/10516274/software-development-engineer-ii-ordering	022977215a3c8e748eadc7da21d763489875251c26055d2883747aa97d336000
2026-09-16T15:57:53Z	10516483	0a070ec3-22fb-49d6-b2bc-5c196c8a4d1b	SDE-1 (Fixed Term Contract)	IN, TS, Hyderabad	Hyderabad	TS	IND	August 27, 2026		Software Development	no-business-category	label=no-team-listed		not_identified	preferred_only	none	distributed_systems,database_search	https://www.amazon.jobs/en/jobs/10516483/sde-1-fixed-term-contract	70539955b5d145498759789a6057edcdf2d13003ed0993aed04c38a505ef3b8a
2026-09-16T15:57:53Z	10516484	ff0d8f8b-dc92-498e-a65b-954a3690b64c	Software Dev Engineer II, Cross Border Tech	IN, KA, Bengaluru	Bengaluru	KA	IND	August 27, 2026		Software Development	amazon-business	label=no-team-listed		not_identified	preferred_only	none	cloud_infrastructure,graphics_media,operations_observability	https://www.amazon.jobs/en/jobs/10516484/software-dev-engineer-ii-cross-border-tech	78e90975ecd636fa9fd06830d1fa33cf1ea0e4b4c9c043a1119da7961ccc63aa
2026-09-16T15:57:53Z	10516489	214048b7-23df-4d9f-a545-77eb750f91bd	SDE-1 (Fixed Term Contract)	IN, TS, Hyderabad	Hyderabad	TS	IND	August 27, 2026		Software Development	no-business-category	label=no-team-listed		not_identified	preferred_only	none	distributed_systems,database_search	https://www.amazon.jobs/en/jobs/10516489/sde-1-fixed-term-contract	728891f0c898625f14a733d1674aef167745a6c89aa066b3ab0d853c0e9f11b8
2026-09-16T15:57:53Z	10516597	db749a7b-8778-415a-80a8-3248bda13dcd	SDE II (Level 5), GT Foundation	IN, KA, Bengaluru	Bengaluru	KA	IND	August 27, 2026		Software Development	seller-services	label=no-team-listed		not_identified	basic_qualifications	none	machine_learning	https://www.amazon.jobs/en/jobs/10516597/sde-ii-level-5-gt-foundation	29545d9eb720bc784f510703a4fff6c68bac5e2ce787f64887756f653d332e0b
2026-09-16T15:57:53Z	10516656	63e95df2-921a-4cd6-b097-adf9e7caec99	Software Dev Engineer II, EU INTech Partner Growth Experience	IN, KA, Bengaluru	Bengaluru	KA	IND	August 27, 2026		Software Development	amazon-business	label=no-team-listed		not_identified	basic_qualifications	none	distributed_systems,embedded_systems,operations_observability	https://www.amazon.jobs/en/jobs/10516656/software-dev-engineer-ii-eu-intech-partner-growth-experience	b9f0258f92fd5e15fe64b04970faee060031d8e12aa54d7a690424a2f0ed3771
2026-09-16T15:57:53Z	10516673	bc45165b-24f1-4b0d-a309-aefcca4e64e3	Software Development Engineer III, Prime Video Infrastructure and platform team	IN, KA, Bengaluru	Bengaluru	KA	IND	August 27, 2026		Software Development	entertainment	label=team-primevideo		not_identified	preferred_only	none	distributed_systems,cloud_infrastructure,graphics_media	https://www.amazon.jobs/en/jobs/10516673/software-development-engineer-iii-prime-video-infrastructure-and-platform-team	02aecd41e19f921d6aceea6ad48962c6e755c600ebeed2698f7db787c7dabe08
2026-09-16T15:57:53Z	10516674	8f152d21-f77e-455f-bffd-ef5b133be2b0	Software Development Engineer, PXT Case Management System	IN, TS, Hyderabad	Hyderabad	TS	IND	August 27, 2026		Software Development	amazonian-experience-and-tech	label=no-team-listed		not_identified	preferred_only	none	machine_learning,cloud_infrastructure,operations_observability	https://www.amazon.jobs/en/jobs/10516674/software-development-engineer-pxt-case-management-system	3a25509c87a391487d22ade1483075f8584a75ba93f2afea0aae6e26720ace79
2026-09-16T15:57:53Z	10516728	a08622d3-289a-4203-9324-ad1c6d56b8ed	Software Development Engineer, Alexa Connections	IN, TN, Chennai	Chennai	TN	IND	August 27, 2026		Software Development	alexa-and-amazon-devices	label=devices-and-services-teams		not_identified	preferred_only	none	machine_learning,networking	https://www.amazon.jobs/en/jobs/10516728/software-development-engineer-alexa-connections	6c42adf40ac6b75313947630f5848ca5e595412d335e0e36028a5b32effd4a57
2026-09-16T15:57:53Z	10516796	4a76c877-eaef-4e27-bb5f-0323f412b087	Senior Embedded Robotics SDE, Compass	US, CA, Pasadena	Pasadena	CA	USA	August 27, 2026		Software Development	subsidiaries	label=team-amazon-robotics		not_identified	preferred_only	none	embedded_systems	https://www.amazon.jobs/en/jobs/10516796/senior-embedded-robotics-sde-compass	2aad1cabfc8fb9d924c52008fac3fce562b2e84140207d71914b6c113cf8c442
2026-09-16T15:57:53Z	10516800	642c359f-180a-40f6-b58b-3dc691b32dbe	Software Development Engineer, AWS Compliance & Security Assurance	US, WA, Seattle	Seattle	WA	USA	August 27, 2026		Software Development	amazon-security	label=team-aws-security		not_identified	preferred_only	none	cloud_infrastructure,security_identity	https://www.amazon.jobs/en/jobs/10516800/software-development-engineer-aws-compliance-security-assurance	5bd6ab4da95596a3b39b72bc0521dfb23bde36d2ace4c889da7a582599ce758e
2026-09-16T15:57:53Z	10516903	4cd022cc-e140-40e0-8947-77bf27532a88	Software Development Engineer, Cross-Border Listings	US, MI, Detroit	Detroit	MI	USA	August 27, 2026		Software Development	selling-partner-services	label=no-team-listed		not_identified	basic_qualifications	none	machine_learning,distributed_systems,cloud_infrastructure,embedded_systems,application_backend	https://www.amazon.jobs/en/jobs/10516903/software-development-engineer-cross-border-listings	37be608da8c3c849f6651ebe39576d0aa035fb66f5e9fc9a7ef09984c61306b8
2026-09-16T15:57:53Z	10516948	aa70bf14-8e46-4cc3-a1cd-249a14456cc4	Software Dev Engineer III, Data Nexus	US, WA, Seattle	Seattle	WA	USA	August 27, 2026		Software Development	ecp	label=builder-works		not_identified	preferred_only	none	machine_learning,cloud_infrastructure	https://www.amazon.jobs/en/jobs/10516948/software-dev-engineer-iii-data-nexus	3567cb7caacda843b927836a371a4a9593abc129c7affc6e03a56e38cf795e29
2026-09-16T15:57:53Z	10517076	b8eb7c48-62d3-43a5-9a91-8ce5ef86be15	Software Development Engineer , Leo Secure Communications Team	US, WA, Redmond	Redmond	WA	USA	August 27, 2026		Software Development	alexa-and-amazon-devices	label=team-project-kuiper		not_identified	basic_qualifications	none	distributed_systems,embedded_systems	https://www.amazon.jobs/en/jobs/10517076/software-development-engineer-leo-secure-communications-team	3e5ee2da5c8d9f182638e84d911af18762f57f031792e3622251be3531f07c27
2026-09-16T15:57:53Z	10517077	8d38a9c8-b7a3-4f15-a539-abb8b099f72d	Software Development Engineer , Leo Secure Communications Team	US, WA, Redmond	Redmond	WA	USA	August 27, 2026		Software Development	alexa-and-amazon-devices	label=team-project-kuiper		not_identified	basic_qualifications	none	distributed_systems,embedded_systems	https://www.amazon.jobs/en/jobs/10517077/software-development-engineer-leo-secure-communications-team	50f6e9c050eb34a83cd615291b5e4d78c521c259a095d578080a8ac7de0b51a6
2026-09-16T15:57:53Z	10517088	89f492f7-4517-4137-9da9-354b07513df9	Software Development Engineer, Network Fabric Engineering	IE, D, Dublin	Dublin	D	IRL	August 27, 2026		Software Development	aws	label=team-sde-primary		not_identified	preferred_only	none	distributed_systems,cloud_infrastructure,networking,security_identity,application_backend	https://www.amazon.jobs/en/jobs/10517088/software-development-engineer-network-fabric-engineering	c73e962238e0fbf565f75e39ff76b557af35274af8268a1b96e098c2df383ddb
2026-09-16T15:57:53Z	10517095	85181108-2a30-46e0-897d-e71fac42c69e	Software Development Engineer, US ADC Security	US, VA, Herndon	Herndon	VA	USA	August 27, 2026		Software Development	amazon-security	label=team-aws-security		not_identified	basic_qualifications	none	distributed_systems,cloud_infrastructure,security_identity,application_backend,operations_observability	https://www.amazon.jobs/en/jobs/10517095/software-development-engineer-us-adc-security	84737056abb5c9654802d393fe785fabbdc0d87eecda5e6b7ce7e310aa8d7272
2026-09-16T15:57:53Z	10517100	a2811084-f48e-4f10-8c29-a989a7477bf7	Software Dev Engineer II, SDX Checkout	CA, BC, Vancouver	Vancouver	BC	CAN	August 27, 2026		Software Development	fulfillment-and-operations	label=team-last-mile-delivery		not_identified	preferred_only	none	distributed_systems,database_search	https://www.amazon.jobs/en/jobs/10517100/software-dev-engineer-ii-sdx-checkout	2dcb936eb85c48a265852fd4ffd8bcc65fad085dad419cb43f9fe0a5b5a490dc
2026-09-16T15:57:53Z	10517149	28cf3d46-b881-4a66-9641-04bc27a54de5	Robotics - Software Development Engineer Fall Intern/Co-op - 2026	US, MA, Westboro	Westboro	MA	USA	August 27, 2026		Software Development	subsidiaries	label=team-amazon-robotics		not_identified	basic_qualifications	none	machine_learning,distributed_systems,cloud_infrastructure,networking,database_search,frontend_mobile,graphics_media,application_backend,operations_observability	https://www.amazon.jobs/en/jobs/10517149/robotics-software-development-engineer-fall-intern-co-op-2026	1edca3d64100647d7ebf99e9301aaf3097454420dde7492436ace24ab4779b37
2026-09-16T15:57:53Z	10517267	3a987e90-e425-4c81-9f18-3a74125be8d2	Senior Software Engineer - Fauna Robotics Inc, Fauna Robotics	US, WA, Bellevue	Bellevue	WA	USA	August 27, 2026		Software Development	subsidiaries	label=team-amazon-robotics		not_identified	preferred_only	none		https://www.amazon.jobs/en/jobs/10517267/senior-software-engineer-fauna-robotics-inc-fauna-robotics	f01aec41193ad264a292ebb2475f6fd0e1efa5ab638d8dc204c2898ee6755bba
2026-09-16T15:57:53Z	10517465	bae4bbc7-420f-4f58-bd67-fbc588c36de2	Software Development Engineer, Agentic Workspaces - Watchtower	US, WA, Seattle	Seattle	WA	USA	August 27, 2026		Software Development	aws	label=team-sde-primary		not_identified	basic_qualifications	none	distributed_systems,cloud_infrastructure,security_identity,embedded_systems,application_backend,operations_observability	https://www.amazon.jobs/en/jobs/10517465/software-development-engineer-agentic-workspaces-watchtower	d8553c53eb9fb9f186809ad388b185b01c77aca23d50d36522e380d21bd1a004
2026-09-16T15:57:53Z	10517531	d346c2ee-95c5-4e78-a306-685ffe001825	Software Development Engineer , Amazon Leo	US, WA, Redmond	Redmond	WA	USA	August 27, 2026		Software Development	alexa-and-amazon-devices	label=team-project-kuiper		not_identified	preferred_only	none	networking,security_identity	https://www.amazon.jobs/en/jobs/10517531/software-development-engineer-amazon-leo	0d2bbd20cbbf09e698e4296758ed7882e052a87148d694f59d784bb8de6e7d12
2026-09-16T15:57:53Z	10517567	81e9673a-0b48-4f96-ac77-5e46d358db5c	Software Development Engineer Intern, Annapurna Labs - 2027	US, CA, Cupertino	Cupertino	CA	USA	August 27, 2026		Software Development	amazon-artificial-general-intelligence	label=no-team-listed		not_identified	basic_qualifications	mention_only	compiler_mention,machine_learning,distributed_systems,cloud_infrastructure,embedded_systems	https://www.amazon.jobs/en/jobs/10517567/software-development-engineer-intern-annapurna-labs-2027	db5bc0653b72e7196a09bc6b0a2b01322fe4464267ed5c2498e9eacd14869d59
2026-09-16T15:57:53Z	10517654	1778986d-33fd-4d4f-9c9e-ad9af90d5cf1	Sr. Software Development Engineer, Amazon Leo for Government	US, CA, Sunnyvale	Sunnyvale	CA	USA	August 27, 2026		Software Development	alexa-and-amazon-devices	label=team-project-kuiper		not_identified	preferred_only	none	distributed_systems,networking,security_identity	https://www.amazon.jobs/en/jobs/10517654/sr-software-development-engineer-amazon-leo-for-government	8ef4e57cdf548219868f06001036304925846716f1ebecb47ac7b4818b9f4b8f
2026-09-16T15:57:53Z	10517660	c6bda271-cc92-4f6d-af60-e4d074d69741	Embedded Software Engineer III, Ring, Ring	PL, Gdansk	Gdansk		POL	August 27, 2026		Software Development	alexa-and-amazon-devices	label=team-ring-key-blink		not_identified	basic_qualifications	none	cloud_infrastructure,database_search,security_identity,embedded_systems,graphics_media	https://www.amazon.jobs/en/jobs/10517660/embedded-software-engineer-iii-ring-ring	6468d90944bf1a73d6ec9aec38c2e9d95df7506cca7bbbbacb732ec5df323653
2026-09-16T15:57:53Z	10517662	90bfb8a3-0aac-4f9b-8b63-120b07673d73	Software Development Engineer, SageMaker HyperPod Data Plane	US, CA, Santa Clara	Santa Clara	CA	USA	August 27, 2026		Software Development	aws	label=team-sde-primary		not_identified	preferred_only	none	machine_learning,cloud_infrastructure,networking,graphics_media	https://www.amazon.jobs/en/jobs/10517662/software-development-engineer-sagemaker-hyperpod-data-plane	a1f00000540f2a10ad835ec95d761d5b81decbd91285fa3e4315b99457f1aea1
2026-09-16T15:57:53Z	10517663	1e15d96b-494f-478a-96ac-519c9d62f4d5	Software Development Engineer II, Ring Quick Action Service	US, CA, Hawthorne	Hawthorne	CA	USA	August 27, 2026		Software Development	alexa-and-amazon-devices	label=team-ring-key-blink		not_identified	preferred_only	none	machine_learning,distributed_systems,cloud_infrastructure,database_search,security_identity,frontend_mobile,application_backend,operations_observability	https://www.amazon.jobs/en/jobs/10517663/software-development-engineer-ii-ring-quick-action-service	5c769298979e67019d6d2d2361ede78059202db7e87406f9dc956f25d64e4e88
2026-09-16T15:57:53Z	10517668	ba65b1b3-ff70-43ba-a771-c3967fdf0a9d	Software Development Engineer, RBKS Platform Ops	US, CA, Hawthorne	Hawthorne	CA	USA	August 27, 2026		Software Development	alexa-and-amazon-devices	label=team-ring-key-blink		not_identified	basic_qualifications	none	machine_learning,cloud_infrastructure,application_backend,operations_observability	https://www.amazon.jobs/en/jobs/10517668/software-development-engineer-rbks-platform-ops	84adafab0178d3edef47bb502a664f9cdb22a08e07bdcf29a1e776dbdc6d36fc
2026-09-16T15:57:53Z	10517669	ef196b82-3666-4932-a476-ffbef8b2416b	Software Dev Engineer II, Oracle Database@AWS	CA, BC, Vancouver	Vancouver	BC	CAN	August 27, 2026		Software Development	aws	label=team-sde-primary		not_identified	preferred_only	none	distributed_systems,cloud_infrastructure,database_search,security_identity,application_backend,operations_observability	https://www.amazon.jobs/en/jobs/10517669/software-dev-engineer-ii-oracle-database-aws	91cd2c2db7d7ce5e1739cd23c20664195b286da38e061ff58487e7271dafef62
2026-09-16T15:57:53Z	10517671	3d5f65d2-48ee-4cf2-a17a-291ce3d61c0f	Software Development Engineer , Project Dawn	US, WA, Seattle	Seattle	WA	USA	August 27, 2026		Software Development	consumer_engagement	label=no-team-listed		not_identified	basic_qualifications	none	machine_learning,distributed_systems,embedded_systems	https://www.amazon.jobs/en/jobs/10517671/software-development-engineer-project-dawn	e66d4c56f57990fbe128bde86030c3c78627cb2215209877da0cf46478ce5e05
2026-09-16T15:57:53Z	10517704	089d850a-67c0-4641-888e-70d4790cbddb	Senior Software Dev Engineer, Amazon Leo CT SW Team	US, WA, Redmond	Redmond	WA	USA	August 28, 2026		Software Development	alexa-and-amazon-devices	label=team-project-kuiper		not_identified	preferred_only	none	networking,embedded_systems	https://www.amazon.jobs/en/jobs/10517704/senior-software-dev-engineer-amazon-leo-ct-sw-team	117f25c63aab25cf77f970ee52e36b1be3e93d1a38d4033678906f3bdfa88be3
2026-09-16T15:57:53Z	10517792	f4be427e-2f15-42d3-b9cb-242698334a3a	Senior Software Engineer, AWS Applied AI Solutions	US, WA, Seattle	Seattle	WA	USA	August 28, 2026		Software Development	aws	label=team-sde-primary		not_identified	preferred_only	none	cloud_infrastructure,security_identity,application_backend	https://www.amazon.jobs/en/jobs/10517792/senior-software-engineer-aws-applied-ai-solutions	5b90176bf43d1d49db4709fb060e72bb74cc42265aae2f5ab78e3910473ff50d
2026-09-16T15:57:53Z	10517820	d7e9d721-1597-4465-8a5a-3dff4552f487	Software Dev Engineer II, UTR Tech	IN, HR, Gurugram	Gurugram	HR	IND	August 28, 2026		Software Development	operations	label=team-last-mile-tech		not_identified	preferred_only	none	networking	https://www.amazon.jobs/en/jobs/10517820/software-dev-engineer-ii-utr-tech	1a6bab48e3219d6749462beaf5647fba10be392d9f8975abbbc93dd83a8cd6f2
2026-09-16T15:57:53Z	10517821	24249822-40b2-461e-9a5b-9c6a00fb748a	Software Development Engineer II, UTR Tech	IN, HR, Gurugram	Gurugram	HR	IND	August 28, 2026		Software Development	operations	label=team-last-mile-tech		not_identified	preferred_only	none	machine_learning,networking,operations_observability	https://www.amazon.jobs/en/jobs/10517821/software-development-engineer-ii-utr-tech	8bb50bf7d290d9cff36a84ec6da513565b1575cb804a3935092c83962daf3c96
2026-09-16T15:57:53Z	10517858	17ca2cbc-9e30-48dc-9ebd-17df0862cc06	Software Development Engineer II , Product & Offers Experience	IN, KA, Bengaluru	Bengaluru	KA	IND	August 28, 2026		Software Development	amazon-business	label=no-team-listed		not_identified	preferred_only	none	distributed_systems,database_search	https://www.amazon.jobs/en/jobs/10517858/software-development-engineer-ii-product-offers-experience	da4e7c0b675faede610f62707549b88cf5648cf8b3698933b622a4000e04d2aa
2026-09-16T15:57:53Z	10517918	2d57696a-06ef-4036-8309-aa89eca1529d	Software Development Engineer II, IN Pharmacy	IN, KA, Bengaluru	Bengaluru	KA	IND	August 28, 2026		Software Development	amazon-business	label=no-team-listed		not_identified	preferred_only	none	database_search	https://www.amazon.jobs/en/jobs/10517918/software-development-engineer-ii-in-pharmacy	c93934e5f6984edc12b423419adc6b4f51b6c7157e6b1ec24cf676faa7a35f96
2026-09-16T15:57:53Z	10518426	323a460c-d79a-4338-b566-4677875215ae	Software Development Engineer III, Secure Foundations - Detective Tooling	US, NY, New York	New York	NY	USA	August 28, 2026		Software Development	amazon-security	label=team-aws-security		not_identified	preferred_only	none	distributed_systems,cloud_infrastructure,database_search,security_identity,application_backend	https://www.amazon.jobs/en/jobs/10518426/software-development-engineer-iii-secure-foundations-detective-tooling	1514c0b904f32dbabb4bf842d7730b61ca95912fe93dcca890e3590d44e6550e
2026-09-16T15:57:53Z	10518441	a9f6030e-c56f-4449-92ca-f1274f70a1ea	Software Development Engineer, Identity Services	US, WA, Seattle	Seattle	WA	USA	August 28, 2026		Software Development	ecp	label=team-identity-services		not_identified	not_stated	none	distributed_systems,security_identity	https://www.amazon.jobs/en/jobs/10518441/software-development-engineer-identity-services	c15852ffeae1d62a250e92b3af1f85cb196586a3693ba5d89ee70b147779159c
2026-09-16T15:57:53Z	10518555	1b413d6b-763e-4725-8d0b-cb7ff27f3e9d	Software Development Engineer	US, AZ, Tempe	Tempe	AZ	USA	August 28, 2026		Software Development	seller-services	label=no-team-listed		not_identified	preferred_only	none	machine_learning,graphics_media	https://www.amazon.jobs/en/jobs/10518555/software-development-engineer	3d1c0faae9c7a3a91db200e1fbee5d1f09c546de56dcb51da303ec7f7770161b
2026-09-16T15:57:53Z	10519158	ca8132d3-43e3-425e-b63c-17f3d3593e69	Software Development Engineer, Region Reliability	US, CO, Denver	Denver	CO	USA	August 28, 2026		Software Development	aws	label=team-us-security-clearance-jobs-primary		not_identified	basic_qualifications	none	cloud_infrastructure,networking,database_search,security_identity,application_backend	https://www.amazon.jobs/en/jobs/10519158/software-development-engineer-region-reliability	a5bb72f34795971cb9b5be7925ff08c6014e087a60c4b757cd2f10aeab864ae9
2026-09-16T15:57:53Z	10519658	c691f442-a985-48f0-867d-e7920f9313bc	Software Development Engineer, Reporting Data Platform	US, WA, Seattle	Seattle	WA	USA	August 28, 2026		Software Development	advertising	label=team-ad-serving-and-measurement		not_identified	preferred_only	none	distributed_systems,cloud_infrastructure,database_search,embedded_systems,frontend_mobile,operations_observability	https://www.amazon.jobs/en/jobs/10519658/software-development-engineer-reporting-data-platform	ccc940814b6f28fdf1be94e0b3872b8c0e2cbeeeceb16879bbcf55d8e621681a
2026-09-16T15:57:53Z	10519717	6ff36d50-7c4c-4764-a63e-1df29b2f3ce0	Senior SDE, OpenSearch, AWS OpenSearch	US, TX, Austin	Austin	TX	USA	August 28, 2026		Software Development	aws	label=team-sde-primary		not_identified	preferred_only	none	machine_learning,cloud_infrastructure,database_search,security_identity,application_backend,operations_observability	https://www.amazon.jobs/en/jobs/10519717/senior-sde-opensearch-aws-opensearch	02048e03dc34fc923894a63faea4912adcfb0b0bdad59a93549e7368981f2212
2026-09-16T15:57:53Z	10519793	2811f965-6daa-488d-8a32-32d6988b87ac	Software Development Engineer II, AWS Compute Optimizer	US, WA, Seattle	Seattle	WA	USA	August 28, 2026		Software Development	aws	label=team-sde-primary		not_identified	basic_qualifications	none	distributed_systems,cloud_infrastructure,networking,database_search,security_identity,embedded_systems,operations_observability	https://www.amazon.jobs/en/jobs/10519793/software-development-engineer-ii-aws-compute-optimizer	b61ca057f320ae465931b72999a0e09d6b822ee479ff156d09759cb9003a8ab6
2026-09-16T15:57:53Z	10519865	3c127eda-4400-47af-af8d-d0ccde179468	Robotics SDE, Safe Autonomy, SAF Lab	US, CA, Pasadena	Pasadena	CA	USA	August 28, 2026		Software Development	subsidiaries	label=team-amazon-robotics		not_identified	basic_qualifications	none	cloud_infrastructure,embedded_systems,application_backend	https://www.amazon.jobs/en/jobs/10519865/robotics-sde-safe-autonomy-saf-lab	21f2dd98f85c0d2b952d9f30a104b04a347dc3415c5ea132f2caa1b02e82ada0
2026-09-16T15:57:53Z	10519888	e072e2f7-5cf1-4349-85a6-a6a997f1d696	Software Development Engineer , Leo Regulus	US, WA, Redmond	Redmond	WA	USA	August 28, 2026		Software Development	alexa-and-amazon-devices	label=team-project-kuiper		not_identified	preferred_only	none	distributed_systems,cloud_infrastructure,frontend_mobile	https://www.amazon.jobs/en/jobs/10519888/software-development-engineer-leo-regulus	90381120769e7b6bd799446aa6259119760e7d777f56ed86b3c4f6d14471aedf
2026-09-16T15:57:53Z	10519943	dbae5711-45e8-438c-9f5a-7c185a6eb4d6	Software Development Engineer, Creative Asset Library, CreativeX	US, WA, Seattle	Seattle	WA	USA	August 28, 2026		Software Development	advertising	label=team-amazon-ads		not_identified	basic_qualifications	none	machine_learning,distributed_systems,security_identity,embedded_systems,graphics_media	https://www.amazon.jobs/en/jobs/10519943/software-development-engineer-creative-asset-library-creativex	77673e1850d12b0cd6b38e2e7011e2739ee4e5c311d138584b7fcac150530197
2026-09-16T15:57:53Z	10520050	084dc524-712e-4b8b-a3c4-80ed6eba0bcb	Software Development Engineer, Route 53	US, VA, Herndon	Herndon	VA	USA	August 28, 2026		Software Development	aws	label=team-sde-primary		not_identified	not_stated	none	distributed_systems,cloud_infrastructure,networking,database_search,security_identity,application_backend,operations_observability	https://www.amazon.jobs/en/jobs/10520050/software-development-engineer-route-53	115c3d81ad2948ebcdb8dbe52effecedb45c4f44e840b05b790811a0cff3b470
2026-09-16T15:57:53Z	10520075	e55a68f3-9cae-4d37-9c0a-3afb834d78bc	Software Development Engineer, AWS Route 53 Global Resolver, AWS Route 53 Global Resolver	US, VA, Herndon	Herndon	VA	USA	August 28, 2026		Software Development	aws	label=team-sde-primary		not_identified	preferred_only	none	distributed_systems,cloud_infrastructure,networking,database_search,security_identity,application_backend	https://www.amazon.jobs/en/jobs/10520075/software-development-engineer-aws-route-53-global-resolver-aws-route-53-global-resolver	6078ce8861f5f0a3c605748ce485cbcf7c5380c9a63c1adc2dfa5da710610730
2026-09-16T15:57:53Z	10520498	6d977568-3d1f-4fb5-9e04-8370986ca20e	Software Development Engineer, Penrose Networks	IE, D, Dublin	Dublin	D	IRL	August 28, 2026		Software Development	aws	label=team-sde-primary		not_identified	preferred_only	none	cloud_infrastructure,networking,security_identity,operations_observability	https://www.amazon.jobs/en/jobs/10520498/software-development-engineer-penrose-networks	acc9aeb5fad0239554b3f75a7c302b37cf2f4e84fd2bbcf2b44ea2d0cb4172d7
2026-09-16T15:57:53Z	10520510	725ee780-acc2-4d01-99e4-46928e5d45ed	Software Development Engineer, Cloudwatch Agent Observability	US, CA, Santa Clara	Santa Clara	CA	USA	August 28, 2026		Software Development	aws	label=team-sde-primary		not_identified	basic_qualifications	none	distributed_systems,cloud_infrastructure,embedded_systems,application_backend,operations_observability	https://www.amazon.jobs/en/jobs/10520510/software-development-engineer-cloudwatch-agent-observability	99da35442b0401f65664c0cb69cbc111f9166eca586aff49d4503cb9282c0c6f
2026-09-16T15:57:53Z	10520555	8b806e80-5553-4ecd-903b-f55c7b0693fa	Software Development Engineer, Unified Streaming and Monitoring Service	US, WA, Redmond	Redmond	WA	USA	August 28, 2026		Software Development	alexa-and-amazon-devices	label=team-project-kuiper		not_identified	preferred_only	none	cloud_infrastructure,networking,graphics_media,operations_observability	https://www.amazon.jobs/en/jobs/10520555/software-development-engineer-unified-streaming-and-monitoring-service	7f10b59cd361bce198466c65277d4a54da2af0e818f2796808f0c3eb36510222
2026-09-16T15:57:53Z	10520834	d7e5b916-14f1-482a-9420-5b21ad0ab3ca	Sr. Software Development Engineer, Quick Core Experience	US, WA, Seattle	Seattle	WA	USA	August 28, 2026		Software Development	aws	label=team-sde-primary		not_identified	preferred_only	none	database_search	https://www.amazon.jobs/en/jobs/10520834/sr-software-development-engineer-quick-core-experience	3ae2cbbbdb94acc0bf422c2cdfe4e088b2d44316e9dd936d019f8f3707cdeb02
2026-09-16T15:57:53Z	10521245	7cb4b804-46ee-47cd-9ad2-193e8d98f81d	Software Development Engineer II, AWS Lambda	US, WA, Seattle	Seattle	WA	USA	August 29, 2026		Software Development	aws	label=team-sde-primary		not_identified	basic_qualifications	none	distributed_systems,cloud_infrastructure,embedded_systems,application_backend	https://www.amazon.jobs/en/jobs/10521245/software-development-engineer-ii-aws-lambda	1b77a94c7693d3e70b84312e3c195dcaf8f33e361394a90f464f08f2a8323616
2026-09-16T15:57:53Z	10521246	d72412cb-9fc2-498b-8432-00f74596fc7a	Software Development Engineer II, AWS Lambda	US, WA, Seattle	Seattle	WA	USA	August 29, 2026		Software Development	aws	label=team-sde-primary		not_identified	basic_qualifications	none	distributed_systems,cloud_infrastructure,embedded_systems,application_backend	https://www.amazon.jobs/en/jobs/10521246/software-development-engineer-ii-aws-lambda	1922961e6d327407786b69aa641540c70f89b9a5585d35a2d57770dc9d0aee9e
2026-09-16T15:57:53Z	10521254	8361a8d5-23a8-4cd7-b13d-9029ebcb0c16	Senior Software Development Engineer, Amazon Leo - Developer Productivity, AI, Test and Simulation	US, WA, Redmond	Redmond	WA	USA	August 29, 2026		Software Development	alexa-and-amazon-devices	label=team-project-kuiper		not_identified	preferred_only	none	machine_learning,cloud_infrastructure,networking,database_search,security_identity,embedded_systems,frontend_mobile,application_backend,operations_observability	https://www.amazon.jobs/en/jobs/10521254/senior-software-development-engineer-amazon-leo-developer-productivity-ai-test-and-simulation	0fdb2deb84c6fa2f9acbbdda6f723839a61fd93d2cb4ec697a9be396d373320d
2026-09-16T15:57:53Z	10521270	13f0b94d-b0c9-4193-85a6-3284777858b8	Software Development Engineer (AWS ML), Machine Learning Israel (MLIL) — FLOW sub-team (Fleet Lifecycle & Operational Workflows)	IL, Tel Aviv	Tel Aviv		ISR	August 30, 2026		Software Development	aws	label=team-sde-primary		not_identified	basic_qualifications	none	machine_learning,cloud_infrastructure,embedded_systems,operations_observability	https://www.amazon.jobs/en/jobs/10521270/software-development-engineer-aws-ml-machine-learning-israel-mlil-flow-sub-team-fleet-lifecycle-operational-workflows	f49a4019417cc23a1ec7774edaab6418ff62ec1b4d278f77f88450f5e8ed54ba
2026-09-16T15:57:53Z	10521288	effc83be-6bd4-449b-bafe-1c02b46920b5	Software Dev Engineer II, SCOT ROW AIM TECH	IN, TS, Hyderabad	Hyderabad	TS	IND	August 30, 2026		Software Development	operations	label=team-supply-chain-optimization		not_identified	preferred_only	none	distributed_systems,cloud_infrastructure,database_search	https://www.amazon.jobs/en/jobs/10521288/software-dev-engineer-ii-scot-row-aim-tech	1d6de530fb6df6307efa61c8fa9de31c4d5596da4a073dd4bd2ca31af91ef3ea
2026-09-16T15:57:53Z	10521330	f080cd09-ee62-481d-993f-7079d8cb36ab	Senior Software Development Engineer, Amazon Quick	US, WA, Seattle	Seattle	WA	USA	August 31, 2026		Software Development	aws	label=team-aws-sdm		not_identified	preferred_only	none	machine_learning,cloud_infrastructure,frontend_mobile,application_backend	https://www.amazon.jobs/en/jobs/10521330/senior-software-development-engineer-amazon-quick	edcbb08504a1015fef33820e054f8ea56cf6d2907bbf1f9646dd01f875e91cc0
2026-09-16T15:57:53Z	10521384	54739ca2-a6a0-48ee-8887-da6037c145ca	Software Dev Engineer, S3 Request Plane	CA, BC, Vancouver	Vancouver	BC	CAN	August 31, 2026		Software Development	aws	label=team-sde-primary		not_identified	preferred_only	none	distributed_systems,cloud_infrastructure,networking,database_search,security_identity,graphics_media,application_backend,operations_observability	https://www.amazon.jobs/en/jobs/10521384/software-dev-engineer-s3-request-plane	8de265cea43b40ff78a53f1a13d3372df679c129742e03b3ec8cc2cd677abafd
2026-09-16T15:57:53Z	10521497	77bf4f0b-e6b0-4450-b8cc-98ce7dd14572	Software Development Engineer, ML Symphony	US, CA, Santa Clara	Santa Clara	CA	USA	August 31, 2026		Software Development	aws	label=team-sde-primary		not_identified	preferred_only	none	machine_learning,cloud_infrastructure,networking,database_search,security_identity,application_backend	https://www.amazon.jobs/en/jobs/10521497/software-development-engineer-ml-symphony	12d15f0cc3e21ebb668b1d75da528206b39505e02959fd12ecd685bebd832e0e
2026-09-16T15:57:53Z	10521540	d415fef9-e938-42bd-b307-316496ef4554	Software Development Engineer II, FinTech	IN, TS, Hyderabad	Hyderabad	TS	IND	August 31, 2026		Software Development	finance	label=team-fintech		not_identified	preferred_only	none	cloud_infrastructure	https://www.amazon.jobs/en/jobs/10521540/software-development-engineer-ii-fintech	5a5c0541ae4f2c6eae108253c6acadf364363c6c8b449e84a2d81e67fa172319
2026-09-16T15:57:53Z	10521736	6ebf8b46-cea8-49e0-aa89-15cdb6331cf6	Embedded Software Engineer - Nitro , Annapurna Labs	IL, Haifa	Haifa		ISR	August 31, 2026		Software Development	aws	label=team-sde-primary		not_identified	basic_qualifications	none	cloud_infrastructure,networking,embedded_systems,application_backend	https://www.amazon.jobs/en/jobs/10521736/embedded-software-engineer-nitro-annapurna-labs	135bf7fbe968cf53f6c86581d6e6d1867ba546c0cedf4078aa0991eac6640a2a
2026-09-16T15:57:53Z	10522051	b50ffbbd-1b43-44dc-a8fc-433f489157c1	Software Dev Engineer II, Atlas Telemetry	US, WA, Redmond	Redmond	WA	USA	August 31, 2026		Software Development	alexa-and-amazon-devices	label=team-project-kuiper		not_identified	basic_qualifications	none	distributed_systems,cloud_infrastructure,networking,embedded_systems,operations_observability	https://www.amazon.jobs/en/jobs/10522051/software-dev-engineer-ii-atlas-telemetry	c8c99d60a27416fdd3c88fd0c2f6e1dda5a8fff5a280a554404f7ab8c449d8e3
2026-09-16T15:57:53Z	10522076	34d8581b-b016-4886-b94f-3c6d25897c88	Software Development Engineer , Leo Commerce, Leo Commerce	US, WA, Redmond	Redmond	WA	USA	August 31, 2026		Software Development	alexa-and-amazon-devices	label=team-project-kuiper		not_identified	basic_qualifications	none	distributed_systems,cloud_infrastructure,embedded_systems,operations_observability	https://www.amazon.jobs/en/jobs/10522076/software-development-engineer-leo-commerce-leo-commerce	702ae9fca5a42db8ebbedb86af98102bc041a286a6aee068b276cc24e849159f
2026-09-16T15:57:53Z	10522077	18262a64-8457-4538-87b0-ac4aa9c7bbae	Software Development Engineer , Leo Commerce, Leo Commerce	US, WA, Redmond	Redmond	WA	USA	August 31, 2026		Software Development	alexa-and-amazon-devices	label=team-project-kuiper		not_identified	basic_qualifications	none	distributed_systems,cloud_infrastructure,embedded_systems,operations_observability	https://www.amazon.jobs/en/jobs/10522077/software-development-engineer-leo-commerce-leo-commerce	c25474a3c07f40e3cd19a36a2925dd8d73902496ea2293dd99eea0401e3d653d
2026-09-16T15:57:53Z	10522156	82abe906-f17e-45ee-95bd-5d142d5727e9	Software Development Engineer, AWS Quick	US, CA, Santa Clara	Santa Clara	CA	USA	August 31, 2026		Software Development	aws	label=team-sde-primary		not_identified	basic_qualifications	none	machine_learning,distributed_systems,cloud_infrastructure,embedded_systems	https://www.amazon.jobs/en/jobs/10522156/software-development-engineer-aws-quick	b9e974e1ab28603ac2df65e1f0173f38cf2fdc3319fef242a77a368494530259
2026-09-16T15:57:53Z	10522166	49e2921f-e6d1-49fe-9c01-04b43d836391	Software Development Engineer, Transit Gateway	US, VA, Arlington	Arlington	VA	USA	August 31, 2026		Software Development	aws	label=team-sde-primary		not_identified	basic_qualifications	none	distributed_systems,cloud_infrastructure,networking,database_search,security_identity,embedded_systems	https://www.amazon.jobs/en/jobs/10522166/software-development-engineer-transit-gateway	6fcdf26dd2939894b3f93a97a850a33860586fdc0e14177e2ca5039bb3cac3a2
2026-09-16T15:57:53Z	10522267	23d1523a-26d2-452e-a3cb-3476964cb41b	Software Development Engineer, AWS OpenSearch Service	US, TX, Austin	Austin	TX	USA	August 31, 2026		Software Development	aws	label=team-sde-primary		not_identified	basic_qualifications	none	distributed_systems,cloud_infrastructure,networking,database_search,security_identity,embedded_systems,operations_observability	https://www.amazon.jobs/en/jobs/10522267/software-development-engineer-aws-opensearch-service	24a6742ea8f84be6bc17d1a1537c755b05a47b4e2c007141947681d6f0ee7133
2026-09-16T15:57:53Z	10522799	8c36b796-ef18-4b08-937e-012953367568	Software Engineer II - AI/ML, AWS Neuron	US, WA, Seattle	Seattle	WA	USA	August 31, 2026		Software Development	aws	label=team-machine-learning-primary		not_identified	basic_qualifications	mention_only	compiler_mention,machine_learning,distributed_systems,cloud_infrastructure,embedded_systems	https://www.amazon.jobs/en/jobs/10522799/software-engineer-ii-ai-ml-aws-neuron	95ad7ca65c9fa9f362f074b8c1bed8bdeb23efa76d8c10fa2dbf1a4fd6462572
2026-09-16T15:57:53Z	10522935	5b7f9657-ea55-4f1d-913d-ef0a008d7c77	Robotics - Embedded Software Development Engineer	US, MA, North Reading	North Reading	MA	USA	August 31, 2026		Software Development	subsidiaries	label=team-amazon-robotics		not_identified	basic_qualifications	none	machine_learning,distributed_systems,cloud_infrastructure,networking,database_search,embedded_systems,graphics_media,application_backend,operations_observability	https://www.amazon.jobs/en/jobs/10522935/robotics-embedded-software-development-engineer	4a22eaf01df46eedca903e0979cbf8d0fc963513a2464809604d6043e7e0ca40
2026-09-16T15:57:53Z	10522941	bd9815dd-a36a-460c-8b77-b513c0b01862	Software Development Engineer, AWS DMS	US, WA, Seattle	Seattle	WA	USA	August 31, 2026		Software Development	aws	label=team-sde-primary		not_identified	basic_qualifications	none	distributed_systems,cloud_infrastructure,database_search,security_identity,embedded_systems,application_backend,operations_observability	https://www.amazon.jobs/en/jobs/10522941/software-development-engineer-aws-dms	f80c9233e562c6f7fdd266c00ea4a0dde210ea9c55d71cf9fb423c4c8d7d082a
2026-09-16T15:57:53Z	10522971	fa9f92c3-d429-4388-9a16-ddf7ba05d63a	Software Development Engineer-Test, Alexa Devices	US, WA, Seattle	Seattle	WA	USA	August 31, 2026		Software Development	alexa-and-amazon-devices	label=devices-and-services-teams		not_identified	not_stated	none	cloud_infrastructure,database_search,security_identity,application_backend	https://www.amazon.jobs/en/jobs/10522971/software-development-engineer-test-alexa-devices	cd53af33173eb8cbb368f9ffe94b9d71a41cca4302ae5bed9dc1085c62b27395
2026-09-16T15:57:53Z	10522974	a3a72d50-9f15-4aaf-91d2-5ef4bbae3a00	Software Development Engineer, Leo Manufacturing Software Systems	US, WA, Bellevue	Bellevue	WA	USA	August 31, 2026		Software Development	alexa-and-amazon-devices	label=team-project-kuiper		not_identified	preferred_only	none	networking,security_identity,embedded_systems	https://www.amazon.jobs/en/jobs/10522974/software-development-engineer-leo-manufacturing-software-systems	3ffca9d70795393e79a4e35d6e29dd28f0abf86a62ad5dd2ee82d33d272f50d2
2026-09-16T15:57:53Z	10523003	665b4786-f39c-40c6-99af-0eeca971775f	Software Development Engineer III, AWS Core Networking – Network Fabric Engineering, Core Networking - Edge Capacity	US, CA, Santa Clara	Santa Clara	CA	USA	August 31, 2026		Software Development	aws	label=team-sde-primary		not_identified	preferred_only	none	distributed_systems,cloud_infrastructure,networking,database_search,security_identity,operations_observability	https://www.amazon.jobs/en/jobs/10523003/software-development-engineer-iii-aws-core-networking-network-fabric-engineering-core-networking-edge-capacity	2aefe6d81cbaa3365c607722ecc019005108b326bd962a7872fbad62a9f4169c
2026-09-16T15:57:53Z	10523004	e85ff580-2339-4b8f-82ec-d123d63fc93f	Software Development Engineer - Amazon OpenSearch, VectorSearch, OpenSearch	US, WA, Bellevue	Bellevue	WA	USA	August 31, 2026		Software Development	aws	label=team-sde-primary		not_identified	basic_qualifications	none	cloud_infrastructure,database_search,graphics_media	https://www.amazon.jobs/en/jobs/10523004/software-development-engineer-amazon-opensearch-vectorsearch-opensearch	7d485c44ac7f12b6ac4496e38a76bbbdbf181671ff351a3b64500c6e299cbe9a
2026-09-16T15:57:53Z	10523012	5e42d0a2-9994-4f28-9b66-a2d5b825cd1b	Software Development Engineer, AWS Payments & Fraud Prevention	US, WA, Seattle	Seattle	WA	USA	August 31, 2026		Software Development	aws	label=team-sde-primary		not_identified	basic_qualifications	none	machine_learning,distributed_systems,cloud_infrastructure,networking,security_identity,embedded_systems,operations_observability	https://www.amazon.jobs/en/jobs/10523012/software-development-engineer-aws-payments-fraud-prevention	4804a5cabc5e328a44d6960e55e5d3eaf45bb10b3434bbe0f2af7af16c88be23
2026-09-16T15:57:53Z	10523026	250e80ed-5f51-4e82-8b26-f9ccdf5535c4	Software Dev Engineer, EC2 Nitro, EC2 Nitro	US, WA, Seattle	Seattle	WA	USA	August 31, 2026		Software Development	aws	label=team-sde-primary		not_identified	basic_qualifications	none	machine_learning,distributed_systems,cloud_infrastructure,embedded_systems,application_backend	https://www.amazon.jobs/en/jobs/10523026/software-dev-engineer-ec2-nitro-ec2-nitro	3aa612629680c2cdf9363665434e4b506d22c54ec2d0524ffb735b0fb2032274
2026-09-16T15:57:53Z	10523028	f2e5eadc-dc5b-4a91-9a03-30e9ebfb5a3c	Software Dev Engineer, EC2 Nitro, EC2 Nitro	US, WA, Seattle	Seattle	WA	USA	August 31, 2026		Software Development	aws	label=team-sde-primary		not_identified	basic_qualifications	none	machine_learning,distributed_systems,cloud_infrastructure,embedded_systems,application_backend	https://www.amazon.jobs/en/jobs/10523028/software-dev-engineer-ec2-nitro-ec2-nitro	1a5fbb58df37f215d37b414e468f1046aba069bf37ec31b31b46d9c400b7acf2
2026-09-16T15:57:53Z	10523037	f8b28a26-5cd4-47cb-8410-abaca87b6d8f	Software Dev Engineer II , Last Mile Payments	IN, TS, Hyderabad	Hyderabad	TS	IND	September 1, 2026		Software Development	operations	label=team-last-mile-tech		not_identified	preferred_only	none	distributed_systems	https://www.amazon.jobs/en/jobs/10523037/software-dev-engineer-ii-last-mile-payments	6ffe367f8b28a7ee63b7aaa64f3d994ae4e779f83bbbb0880c8dbb1ea7ae4c67
2026-09-16T15:57:53Z	10523240	8e9e759e-d47c-4f7d-af0e-1cce755c82c2	SDE II, Global Trade (Level 5), Global Trade Foundations	IN, KA, Bengaluru	Bengaluru	KA	IND	September 1, 2026		Software Development	amazon-business	label=no-team-listed		not_identified	preferred_only	none	machine_learning	https://www.amazon.jobs/en/jobs/10523240/sde-ii-global-trade-level-5-global-trade-foundations	908d104cab326b627cad2fb6c5a97782ed7d73dd9ed0762eb1abd3897fe49a7d
2026-09-16T15:57:53Z	10523432	ead7ccd4-9cdd-412b-90dc-5b11de1d419b	Software Development Engineer II, Alexa Multimodal Initiatives, Alexa Devices	IN, MH, Pune	Pune	MH	IND	September 1, 2026		Software Development	alexa-and-amazon-devices	label=amazon-device-software-and-services		not_identified	preferred_only	none	cloud_infrastructure,frontend_mobile,application_backend	https://www.amazon.jobs/en/jobs/10523432/software-development-engineer-ii-alexa-multimodal-initiatives-alexa-devices	98743c683629042b1d3e36fff1a2829f63d5b02afbaa456a93386db075ae48d0
2026-09-16T15:57:53Z	10523491	b809b58c-1789-4c78-aa8a-0f87bd31763f	Software Development Engineer, International Emerging Stores Sub-same Day	US, WA, Bellevue	Bellevue	WA	USA	September 1, 2026		Software Development	kindlecontent	label=team-no-team-listed		not_identified	basic_qualifications	none	distributed_systems,database_search,embedded_systems,operations_observability	https://www.amazon.jobs/en/jobs/10523491/software-development-engineer-international-emerging-stores-sub-same-day	d5c36b687a93b0ca2960c312a0e2d3b05f0bf9dfb49705b9da9b7ae7940cf70e
2026-09-16T15:57:53Z	10523659	06443034-408b-46d5-8c60-e31c0571d0d3	Software Development Engineer II, Amazon External Payments	IN, KA, Bengaluru	Bengaluru	KA	IND	September 1, 2026		Software Development	consumerpayments	label=no-team-listed		not_identified	basic_qualifications	none	application_backend	https://www.amazon.jobs/en/jobs/10523659/software-development-engineer-ii-amazon-external-payments	6eec3b3a503abc4930c7d25b4d1de82868f2a65b30d52d38e43e5ae521ac1ffe
2026-09-16T15:57:53Z	10523673	08db93c9-9416-49aa-8887-cb03b6c51599	Software Dev Engineer II, Prime Air	US, WA, Seattle	Seattle	WA	USA	September 1, 2026		Software Development	retail	label=team-global-prime-air		not_identified	basic_qualifications	none	distributed_systems,cloud_infrastructure,embedded_systems	https://www.amazon.jobs/en/jobs/10523673/software-dev-engineer-ii-prime-air	4341ef8de4bb61799dc6ae5150c3c1c11c90560f06a0f13453a601f9f09d9c1c
2026-09-16T15:57:53Z	10523674	3ae0a1e3-91e9-463f-a3e1-cb84dd10ebb7	Software Dev Engineer II, Prime Air	US, WA, Seattle	Seattle	WA	USA	September 1, 2026		Software Development	retail	label=team-global-prime-air		not_identified	basic_qualifications	none	distributed_systems,cloud_infrastructure,embedded_systems	https://www.amazon.jobs/en/jobs/10523674/software-dev-engineer-ii-prime-air	8923af6269e53154ef46ecdea66091c8d2f30f17dc998f1523135adb1bd35887
2026-09-16T15:57:53Z	10523727	5b7be60a-9533-43d7-9b50-84551b771066	Software Development Engineer III, Android	US, NJ, Newark	Newark	NJ	USA	September 1, 2026		Software Development	subsidiaries	label=team-global-audible		not_identified	preferred_only	none	database_search,frontend_mobile	https://www.amazon.jobs/en/jobs/10523727/software-development-engineer-iii-android	bd2b1f26f6634f2fee92400c4c509b8cfcaa13d49ec40f71a6e5f403f2654d68
2026-09-16T15:57:53Z	10523735	ffb644a3-4bcb-4d19-8d29-8ee12f34b9d2	Software Development Engineer, CIA Orchestration Team	US, TX, Austin	Austin	TX	USA	September 1, 2026		Software Development	subsidiaries	label=team-amazon-robotics		not_identified	basic_qualifications	none	machine_learning,cloud_infrastructure,networking,security_identity,operations_observability	https://www.amazon.jobs/en/jobs/10523735/software-development-engineer-cia-orchestration-team	18c7a03c84d50d478534fed263057cc100af349f40436ef4bf46c63cb6bff9a3
2026-09-16T15:57:53Z	10523762	dadda087-a381-43d4-9f25-f27c5ce0cc5f	Software Development Engineer, PXT Case Management System	IN, TS, Hyderabad	Hyderabad	TS	IND	September 1, 2026		Software Development	amazonian-experience-and-tech	label=team-es-technology		not_identified	basic_qualifications	none	machine_learning,cloud_infrastructure,security_identity	https://www.amazon.jobs/en/jobs/10523762/software-development-engineer-pxt-case-management-system	c09b91fb6f1901934af98ae08eb7107da9caf842935004779e3e354c933c2709
2026-09-16T15:57:53Z	10523770	4feadf3e-6934-41f0-a0db-90b53c3e17fa	Software Dev Engineer II, AWS Transfer Family	US, MA, Boston	Boston	MA	USA	September 1, 2026		Software Development	aws	label=team-sde-primary		not_identified	basic_qualifications	none	distributed_systems,cloud_infrastructure,database_search,embedded_systems	https://www.amazon.jobs/en/jobs/10523770/software-dev-engineer-ii-aws-transfer-family	a53bab808cca40393a6889f28fa6f4a185a0e1939cf374434c6d245abf31d7a3
2026-09-16T15:57:53Z	10523772	34709f55-0813-41ec-b791-26e63662af5c	Software Dev Engineer II, AWS Transfer Family	US, MA, Boston	Boston	MA	USA	September 1, 2026		Software Development	aws	label=team-sde-primary		not_identified	basic_qualifications	none	distributed_systems,cloud_infrastructure,database_search,embedded_systems	https://www.amazon.jobs/en/jobs/10523772/software-dev-engineer-ii-aws-transfer-family	36712378d88fc29aba94bdab7db04f6c2dc45b8f8c2e4ac4b662adcf44f1abf0
2026-09-16T15:57:53Z	10523774	9d8e8d18-5add-4083-9a0c-8194241d87f7	Software Dev Engineer II, AWS Transfer Family	US, MA, Boston	Boston	MA	USA	September 1, 2026		Software Development	aws	label=team-sde-primary		not_identified	basic_qualifications	none	distributed_systems,cloud_infrastructure,database_search,embedded_systems	https://www.amazon.jobs/en/jobs/10523774/software-dev-engineer-ii-aws-transfer-family	5c58641348a3043e0d292c196e929a7f7880c72a4b32b70cdf4df78018f0ab4a
2026-09-16T15:57:53Z	10523953	0c3a0e92-9eeb-417a-8287-89ea72a5e4f2	Software Development Engineer, AWS Config, AWS Config	US, WA, Seattle	Seattle	WA	USA	September 1, 2026		Software Development	aws	label=team-sde-primary		not_identified	basic_qualifications	none	distributed_systems,cloud_infrastructure,security_identity,embedded_systems,application_backend,operations_observability	https://www.amazon.jobs/en/jobs/10523953/software-development-engineer-aws-config-aws-config	dbfebfaf33560e59af1d8ed0f362d8b192fa1d49c7a34e9bbaddbfbf57c5d83c
2026-09-16T15:57:53Z	10524023	f1a1c7c2-86b3-4d66-8404-1d7e9f36873d	Software Development Engineer II, DC Bridge	US, CO, Denver	Denver	CO	USA	September 1, 2026		Software Development	aws	label=team-sde-primary		not_identified	basic_qualifications	none	distributed_systems,cloud_infrastructure,networking,database_search,security_identity,application_backend,operations_observability	https://www.amazon.jobs/en/jobs/10524023/software-development-engineer-ii-dc-bridge	2f1631b6fad77207c1d86481e1721798bfe2f9d5950b067dc21a90d0f5773870
2026-09-16T15:57:53Z	10524045	48ccddac-6d30-4f63-a675-0df46cbb00a6	Software Development Engineer - GenAI/ML, Amazon Selection and Catalog Systems (ASCS)	US, WA, Seattle	Seattle	WA	USA	September 1, 2026		Software Development	ecp	label=team-ascs		not_identified	preferred_only	none	machine_learning,distributed_systems,cloud_infrastructure,database_search,security_identity,graphics_media	https://www.amazon.jobs/en/jobs/10524045/software-development-engineer-genai-ml-amazon-selection-and-catalog-systems-ascs	6ddd315a3f657bfd72ad80459b09b59d08b84c5df5e034252b61a820ca76f39c
2026-09-16T15:57:53Z	10524051	68d6faa5-33d0-43dc-9734-a4f3b7cfce7d	Software Dev Engineer II, Denied Party Screening, Onboarding Tech	US, WA, Seattle	Seattle	WA	USA	September 1, 2026		Software Development	amazon-security	label=team-aws-security		not_identified	basic_qualifications	none	distributed_systems,cloud_infrastructure,security_identity,embedded_systems,operations_observability	https://www.amazon.jobs/en/jobs/10524051/software-dev-engineer-ii-denied-party-screening-onboarding-tech	760a47e3a7630bcb3642638cfd5d951b745635315a41de3e7dbe185c25a7a036
2026-09-16T15:57:53Z	10524052	651eae1c-c64b-446c-b474-77451b52a300	Software Development Engineer, IAM Stores Security	GB, London	London		GBR	September 1, 2026		Software Development	amazon-security	label=team-store-security		not_identified	preferred_only	none	distributed_systems,database_search,security_identity,application_backend,operations_observability	https://www.amazon.jobs/en/jobs/10524052/software-development-engineer-iam-stores-security	284512ea0805a363103c8fa49b70337aea91bea9f6814afd8146f21f850d7460
2026-09-16T15:57:53Z	10524137	0a4b117f-f572-4b99-a4d3-b07f2dc69520	Software Development Engineer, Alexa Communications	CA, ON, Toronto	Toronto	ON	CAN	September 1, 2026		Software Development	alexa-and-amazon-devices	label=team-alexa-echo-devices		not_identified	preferred_only	none	cloud_infrastructure,application_backend	https://www.amazon.jobs/en/jobs/10524137/software-development-engineer-alexa-communications	45daa514b2f0089935143c40fd9d253c42fa3ac571fd31468338ebca75f60a94
2026-09-16T15:57:53Z	10524143	bfb8f173-0dd6-48e6-bc6d-abcf3ba7bd50	Software Development Engineer, Alexa Communications	CA, ON, Toronto	Toronto	ON	CAN	September 1, 2026		Software Development	alexa-and-amazon-devices	label=team-alexa-echo-devices		not_identified	preferred_only	none	cloud_infrastructure,application_backend	https://www.amazon.jobs/en/jobs/10524143/software-development-engineer-alexa-communications	1d005b0b999c2d711eca051d48ee29d9a46ea7ba625909861c556ce99b64f9ae
2026-09-16T15:57:53Z	10524146	73765fc5-d753-43ba-8e72-3fdec056cf44	Software Development Engineer, Device Software Services	IN, KA, Bengaluru	Bengaluru	KA	IND	September 1, 2026		Software Development	alexa-and-amazon-devices	label=no-team-listed		not_identified	preferred_only	none	distributed_systems,cloud_infrastructure,security_identity	https://www.amazon.jobs/en/jobs/10524146/software-development-engineer-device-software-services	ed5722772f5974082ef475acab77409424df7ae8476c5da90614422f540c21b3
2026-09-16T15:57:53Z	10524151	9cbb0fd9-8dff-4d96-bb19-bc22308434b0	Software Development Engineer, Frustration Free Setup	US, WA, Seattle	Seattle	WA	USA	September 1, 2026		Software Development	alexa-and-amazon-devices	label=team-alexa-echo-devices		not_identified	preferred_only	none	cloud_infrastructure,database_search,security_identity	https://www.amazon.jobs/en/jobs/10524151/software-development-engineer-frustration-free-setup	a01b3b747160e637aa0cd7701715fae32da09b065c1fcebb6a8be35c3745e19d
2026-09-16T15:57:53Z	10524157	3dbd38bf-4816-4943-9231-a8104b81df22	Software Dev Engineer III, Amazon Interactive Video Service (IVS), Stream Management	US, WA, Seattle	Seattle	WA	USA	September 1, 2026		Software Development	aws	label=team-sde-primary		not_identified	preferred_only	none	distributed_systems,cloud_infrastructure,embedded_systems,graphics_media,application_backend,operations_observability	https://www.amazon.jobs/en/jobs/10524157/software-dev-engineer-iii-amazon-interactive-video-service-ivs-stream-management	e0d2fe8a7af67c00aaa089e11f7bc7a5cd3a6503c24cb55725f7e65b8e5675a7
2026-09-16T15:57:53Z	10524238	94643f9e-2ca3-411d-a960-8d05f8094f02	Sr Software Dev Engineer, Amazon Smart Vehicles	IN, KA, Bengaluru	Bengaluru	KA	IND	September 1, 2026		Software Development	alexa-and-amazon-devices	label=team-alexa-echo-devices		not_identified	preferred_only	none		https://www.amazon.jobs/en/jobs/10524238/sr-software-dev-engineer-amazon-smart-vehicles	5375b66d9091dbe755b60b0832ebc46257f36ef482b7a54c032f888c03dde60e
2026-09-16T15:57:53Z	10524262	1482ed62-b5aa-4276-8c4a-2b247fe14853	Software Development Engineer II, AVMS	US, TX, Austin	Austin	TX	USA	September 1, 2026		Software Development	amazon-security	label=team-aws-security		not_identified	basic_qualifications	none	distributed_systems,cloud_infrastructure,security_identity,embedded_systems	https://www.amazon.jobs/en/jobs/10524262/software-development-engineer-ii-avms	b847bd46c9a3f50a70f39ec16f781072e2d616f9caf7636812a5423f6365fb58
2026-09-16T15:57:53Z	10524335	cf3c9b88-8ed7-4a71-a292-6efd4977a993	Software Development Engineer, Leo Autopilot	US, WA, Redmond	Redmond	WA	USA	September 1, 2026		Software Development	alexa-and-amazon-devices	label=team-project-kuiper		not_identified	preferred_only	none	cloud_infrastructure,application_backend	https://www.amazon.jobs/en/jobs/10524335/software-development-engineer-leo-autopilot	92bffa93f973e23ba9959aa7cea0498b7877c0485bb32587f24affbae9ce4be5
2026-09-16T15:57:53Z	10524437	9e86855a-2c46-4921-94dc-cead685b18d4	Sr Software Development Engineer - BIOS/UEFI, AWS Hardware Engineering, Firmware Development	US, CA, Cupertino	Cupertino	CA	USA	September 1, 2026		Software Development	aws	label=team-sde-primary		not_identified	preferred_only	none	cloud_infrastructure,security_identity,embedded_systems,graphics_media,application_backend	https://www.amazon.jobs/en/jobs/10524437/sr-software-development-engineer-bios-uefi-aws-hardware-engineering-firmware-development	6ba66ccabb6db0c2b0500b52c3eb24ceaff1ffe83d85edfbacfe63cd9f553564
2026-09-16T15:57:53Z	10524448	5449d1a7-95c6-4d6b-bc9a-2a2df2672656	Software Development Engineer, SCOT-Inbound, Inventory Routing and Replenishment	US, WA, Bellevue	Bellevue	WA	USA	September 1, 2026		Software Development	operations	label=team-supply-chain-optimization		not_identified	preferred_only	none	distributed_systems,cloud_infrastructure,networking,database_search,security_identity,embedded_systems,application_backend	https://www.amazon.jobs/en/jobs/10524448/software-development-engineer-scot-inbound-inventory-routing-and-replenishment	576caa06f8a1c21006ee092cb00570fc5fa56a6f5dd9d3789c416f37f7d490f3
2026-09-16T15:57:53Z	10524457	11a56877-d35d-4d22-9125-af06276cf2cc	SDE-II, Supply Chain Optimization Techonologies - Fulfillment Optimization	US, WA, Bellevue	Bellevue	WA	USA	September 1, 2026		Software Development	operations	label=team-supply-chain-optimization		not_identified	basic_qualifications	none	machine_learning,distributed_systems,networking,embedded_systems	https://www.amazon.jobs/en/jobs/10524457/sde-ii-supply-chain-optimization-techonologies-fulfillment-optimization	72a3297f9ce1865bfcbf7299d821edd2dacf74a75d01188153e388887c8d7788
2026-09-16T15:57:53Z	10524543	8e18b8f5-4a86-4ceb-8012-88477ec4d482	Senior Software Development Engineer, Customer 360	US, WA, Seattle	Seattle	WA	USA	September 1, 2026		Software Development	consumer_engagement	label=team-personalization		not_identified	preferred_only	none	machine_learning	https://www.amazon.jobs/en/jobs/10524543/senior-software-development-engineer-customer-360	5f1a2c8aa8b60c1a7870320ae183e1fcf789fe46af615581c01516352f39c567
2026-09-16T15:57:53Z	10524927	eddbaf52-a33e-46be-a8be-918648851f82	Software Development Engineer, Benefits Technology	US, TX, Dallas	Dallas	TX	USA	September 1, 2026		Software Development	pxt	label=team-aet		not_identified	basic_qualifications	none	machine_learning,distributed_systems,cloud_infrastructure,embedded_systems	https://www.amazon.jobs/en/jobs/10524927/software-development-engineer-benefits-technology	15603754af61467cb3d8ed2f8b4f2a4406a3680b240b36150178ca9dd568710e
2026-09-16T15:57:53Z	10524930	db0ead91-bcde-4e85-923b-dd410960d986	Software Dev Engineer, Benefits Experience and Technology (BXT)	US, TX, Dallas	Dallas	TX	USA	September 1, 2026		Software Development	pxt	label=team-aet		not_identified	basic_qualifications	none	distributed_systems,cloud_infrastructure,networking,security_identity,embedded_systems,operations_observability	https://www.amazon.jobs/en/jobs/10524930/software-dev-engineer-benefits-experience-and-technology-bxt	be8865abdc0a44267f7794c2f266e0ed28f205c86d47755ec3fb58d3b1121227
2026-09-16T15:57:53Z	10524941	3f1d1798-e39c-4b2c-bb4f-a2c0e1834728	Software Engineer, DynamoDB Performance	US, WA, Seattle	Seattle	WA	USA	September 1, 2026		Software Development	aws	label=team-sde-primary		not_identified	basic_qualifications	none	distributed_systems,cloud_infrastructure,database_search,security_identity,embedded_systems,application_backend,operations_observability	https://www.amazon.jobs/en/jobs/10524941/software-engineer-dynamodb-performance	bff81809278480984be66fd6a8f056c013fed83ab3b6ee0bd105423a3bfb0c55
2026-09-16T15:57:53Z	10525077	3d798519-0b66-44d4-ae5d-a0017df92102	Senior Software Development Engineer, AI Acceleration, Amazon Luna	US, WA, Seattle	Seattle	WA	USA	September 1, 2026		Software Development	alexa-and-amazon-devices	label=team-luna		not_identified	basic_qualifications	none	cloud_infrastructure,security_identity,application_backend,operations_observability	https://www.amazon.jobs/en/jobs/10525077/senior-software-development-engineer-ai-acceleration-amazon-luna	d100d17e4f53c54c00584ffac2b485217af021f448607250c53d7efdb61a6564
2026-09-16T15:57:53Z	10525114	a0c2298f-d60e-4a14-82fb-20998d7498a3	Software Development Engineer, Amazon ECS	US, WA, Seattle	Seattle	WA	USA	September 2, 2026		Software Development	aws	label=team-sde-primary		not_identified	basic_qualifications	none	distributed_systems,cloud_infrastructure,networking,embedded_systems,operations_observability	https://www.amazon.jobs/en/jobs/10525114/software-development-engineer-amazon-ecs	06bc8df5b00280b0daa23c8f7bee88bb4799f4a25e3846812811e6fb61f7a334
2026-09-16T15:57:53Z	10525157	3ffccc89-ba67-4ee3-b4dc-d64b4108675f	Software Development Engineer, AWS Vulnerability Management	US, WA, Seattle	Seattle	WA	USA	September 2, 2026		Software Development	amazon-security	label=team-aws-security		not_identified	not_stated	none	cloud_infrastructure,database_search,security_identity,operations_observability	https://www.amazon.jobs/en/jobs/10525157/software-development-engineer-aws-vulnerability-management	9c2989a751eb1b9b1914878cb41d592f8eaf98d9416ff0e610bf157696323e79
2026-09-16T15:57:53Z	10525160	23aa0877-bd0b-4b00-b109-b371f1359cf2	Software Development Engineer, AWS Security	DE, BE, Berlin	Berlin	BE	DEU	September 2, 2026		Software Development	amazon-security	label=team-aws-security		not_identified	preferred_only	none	distributed_systems,cloud_infrastructure,networking,database_search,security_identity,frontend_mobile,application_backend,operations_observability	https://www.amazon.jobs/en/jobs/10525160/software-development-engineer-aws-security	2e3032a6d4af910a3c6f6c85cd4a3d2677c4b20e04b79c1df7066541cbbed9cc
2026-09-16T15:57:53Z	10525188	3c558602-303f-4713-bdb1-ebf15098ab30	Senior Delivery Consultant: Agentic Software Engineer, AWS Professional Services	AU, NSW, Sydney	Sydney	NSW	AUS	September 2, 2026		Software Development	aws	label=team-pro-serv		not_identified	not_stated	none	distributed_systems,cloud_infrastructure,networking,database_search,security_identity,frontend_mobile,application_backend,operations_observability	https://www.amazon.jobs/en/jobs/10525188/senior-delivery-consultant-agentic-software-engineer-aws-professional-services	b64f4c498469cdd55cd9026ccc75a21ad6afcd9c7577688d41943e7f2eadb8cf
2026-09-16T15:57:53Z	10525236	9c9a1ce4-a55c-499a-80d8-81393598e631	Software Engineer, Cross Border Science and Analytics	IN, KA, Bengaluru	Bengaluru	KA	IND	September 2, 2026		Software Development	no-business-category	label=no-team-listed		not_identified	preferred_only	none	cloud_infrastructure,application_backend,operations_observability	https://www.amazon.jobs/en/jobs/10525236/software-engineer-cross-border-science-and-analytics	f79d8e74e0b2d3be77f0dece96df7c401b5677ce69fd94ce8af7200237ca68a0
2026-09-16T15:57:53Z	10525264	705a1c8c-5f75-4043-ae70-e582e756a1a7	Software Development Engineer II , Amazon Cross Border Tech	IN, KA, Bengaluru	Bengaluru	KA	IND	September 2, 2026		Software Development	global-corporate	label=no-team-listed		not_identified	preferred_only	none	database_search,application_backend	https://www.amazon.jobs/en/jobs/10525264/software-development-engineer-ii-amazon-cross-border-tech	63aa96452ed7d069866f18fd2fe61bd5745560e2541a46d2c4aea346b91de279
2026-09-16T15:57:53Z	10525614	b32fa3ea-d9bf-4418-90d8-dac8d894fb05	Software Development Engineer, Digital Acceleration	IN, TN, Chennai	Chennai	TN	IND	September 2, 2026		Software Development	entertainment	label=digital-acceleration		not_identified	preferred_only	none	distributed_systems	https://www.amazon.jobs/en/jobs/10525614/software-development-engineer-digital-acceleration	ccb3976e9c74b4fc35ca59e95a337b2de43166a13a1a0e02853cb5d475fccb27
2026-09-16T15:57:53Z	10525615	51fd4cb8-e848-4bfe-ad21-4b2f7694ad03	Software Development Engineer, Digital Acceleration	IN, TN, Chennai	Chennai	TN	IND	September 2, 2026		Software Development	entertainment	label=digital-acceleration		not_identified	preferred_only	none	distributed_systems	https://www.amazon.jobs/en/jobs/10525615/software-development-engineer-digital-acceleration	7296e1aa7ad45102c426d01decd258a2a643501269e273aaf1fcb58d6783096f
2026-09-16T15:57:53Z	10525633	e40546cf-3b80-48bd-a242-d610fc2648de	Software Development Engineer, Lambda - Experience	IE, D, Dublin	Dublin	D	IRL	September 2, 2026		Software Development	aws	label=team-sde-primary		not_identified	basic_qualifications	none	distributed_systems,cloud_infrastructure,database_search,security_identity,frontend_mobile,application_backend,operations_observability	https://www.amazon.jobs/en/jobs/10525633/software-development-engineer-lambda-experience	86242699947c7b95cf5053de52660bc7cd4f6dbd05b98e2e466b5fb9f9b51c75
2026-09-16T15:57:53Z	10525636	4d9c15ad-a685-49bd-b446-f9ee22a2b421	SDE-1 (FTC)	IN, KA, Bengaluru	Bengaluru	KA	IND	September 2, 2026		Software Development	no-business-category	label=no-team-listed		not_identified	preferred_only	none	distributed_systems,security_identity,operations_observability	https://www.amazon.jobs/en/jobs/10525636/sde-1-ftc	ea4c844691bfe3e2639d0bd0e0245acad1c198bd8c834c65e24805c2fc162b8c
2026-09-16T15:57:53Z	10525640	45b2d3ed-df57-4067-82c9-ccba13ea905c	SDE-1 (FTC)	IN, KA, Bengaluru	Bengaluru	KA	IND	September 2, 2026		Software Development	no-business-category	label=no-team-listed		not_identified	preferred_only	none	distributed_systems,security_identity,operations_observability	https://www.amazon.jobs/en/jobs/10525640/sde-1-ftc	7502214166729db7a0019ce1f26469f58923b5c7cfff448bc2f25210efc78c0e
2026-09-16T15:57:53Z	10525641	96bcc96b-f3d9-4a79-870c-95477ffb17f1	SDE-1 (FTC)	IN, KA, Bengaluru	Bengaluru	KA	IND	September 2, 2026		Software Development	no-business-category	label=no-team-listed		not_identified	preferred_only	none	distributed_systems,security_identity,operations_observability	https://www.amazon.jobs/en/jobs/10525641/sde-1-ftc	af6ebffcc27108f6d3da5cb87e34d27d79e48b36688cd7f52fa8f258ad8c1fc2
2026-09-16T15:57:53Z	10525642	1263c856-f551-4e42-8a1e-d7cb97eadbd3	SDE-1 (FTC)	IN, KA, Bengaluru	Bengaluru	KA	IND	September 2, 2026		Software Development	no-business-category	label=no-team-listed		not_identified	preferred_only	none	distributed_systems,security_identity,operations_observability	https://www.amazon.jobs/en/jobs/10525642/sde-1-ftc	d4cd44f99bcc528f9c20f745e34f4991b4b738a3ad5f434c1e7ba627ed6775a7
2026-09-16T15:57:53Z	10525643	9075e554-02b5-4305-996c-9c89b23e75a0	SDE-1 (FTC)	IN, KA, Bengaluru	Bengaluru	KA	IND	September 2, 2026		Software Development	no-business-category	label=no-team-listed		not_identified	preferred_only	none	distributed_systems,security_identity,operations_observability	https://www.amazon.jobs/en/jobs/10525643/sde-1-ftc	ff09147a0a6cca33e773c60673ce64d786a084f2952ef5faccaa0e387888bbe7
2026-09-16T15:57:53Z	10525878	b158dfcb-dd01-4444-8346-4d2509a7e09e	Embedded Software Engineer , EFA Annapurna	IL, Tel Aviv	Tel Aviv		ISR	September 2, 2026		Software Development	aws	label=team-sde-primary		not_identified	basic_qualifications	none	machine_learning,cloud_infrastructure,networking,database_search,embedded_systems	https://www.amazon.jobs/en/jobs/10525878/embedded-software-engineer-efa-annapurna	cb9edd815f1533c0b6576738733d7f95729abe70d3f12a37f46619e8b01521a8
2026-09-16T15:57:53Z	10525910	a2a811fa-4290-4651-8202-636b62011a16	Software Development Engineer II, Amazon Fulfillment Technologies (AFT) - Workforce Optimization	CA, ON, Toronto	Toronto	ON	CAN	September 2, 2026		Software Development	operations	label=team-amazon-fulfillment-technology		not_identified	preferred_only	none	distributed_systems,networking	https://www.amazon.jobs/en/jobs/10525910/software-development-engineer-ii-amazon-fulfillment-technologies-aft-workforce-optimization	8d6ccfaf6390115062fdce4e0d898b2820406f629db77c230f305336667cc057
2026-09-16T15:57:53Z	10526053	248cd5dd-f1c6-414c-84d1-13a5fe4f967c	Software Development Engineer, Last Mile Delivery Automation, Autonomous Vehicle	US, WA, Bellevue	Bellevue	WA	USA	September 2, 2026		Software Development	fulfillment-and-operations	label=team-last-mile-delivery		not_identified	basic_qualifications	none	distributed_systems,cloud_infrastructure,networking,database_search,embedded_systems,operations_observability	https://www.amazon.jobs/en/jobs/10526053/software-development-engineer-last-mile-delivery-automation-autonomous-vehicle	b3f6472ba39feba432e6ae3e58b35ad297142553e80b4a400c14d18ba5a7f25d
2026-09-16T15:57:53Z	10526436	c87c5f66-c575-42fd-8b66-e238f98a8f4d	Software Development Engineer, AI Studios Engineering	US, CA, Culver City	Culver City	CA	USA	September 2, 2026		Software Development	entertainment	label=team-primevideo		not_identified	basic_qualifications	none	distributed_systems,cloud_infrastructure,embedded_systems,application_backend,operations_observability	https://www.amazon.jobs/en/jobs/10526436/software-development-engineer-ai-studios-engineering	a7f7328dbad9c37306bf61157dd049b6e84b065a1001247e36decc9322c07093
2026-09-16T15:57:53Z	10526482	312ff630-3fa7-4483-bc8a-a7397306edc5	Software Development Engineer, DevX LIFT	US, NC, Raleigh	Raleigh	NC	USA	September 2, 2026		Software Development	aws	label=team-sde-primary		not_identified	preferred_only	none	distributed_systems,cloud_infrastructure,networking,database_search,security_identity,embedded_systems,frontend_mobile,application_backend	https://www.amazon.jobs/en/jobs/10526482/software-development-engineer-devx-lift	f7c00403e4b833e5b5f8036768f5581745c4486810c7bc56b30d0ae370d6b79e
2026-09-16T15:57:53Z	10526509	af9268bc-e02d-47c0-b5af-df1f264b8545	Software Development Engineer, Amazon Fulfillment Technologies (AFT) - Platform Engineering & Services	US, WA, Bellevue	Bellevue	WA	USA	September 2, 2026		Software Development	operations	label=team-amazon-fulfillment-technology		not_identified	basic_qualifications	none	distributed_systems,cloud_infrastructure,networking,embedded_systems,operations_observability	https://www.amazon.jobs/en/jobs/10526509/software-development-engineer-amazon-fulfillment-technologies-aft-platform-engineering-services	866242600a17a946f003d7d3b0a52d4ebb3825f95d20588704984ad131ad39fe
2026-09-16T15:57:53Z	10526510	f35e65a5-b42d-4406-b5bd-b8d65e9587a1	Software Development Engineer, Leo Software	US, WA, Redmond	Redmond	WA	USA	September 2, 2026		Software Development	alexa-and-amazon-devices	label=team-project-kuiper		not_identified	preferred_only	none	cloud_infrastructure,security_identity,embedded_systems,frontend_mobile,application_backend	https://www.amazon.jobs/en/jobs/10526510/software-development-engineer-leo-software	5a4c8328e1adf18473c3a790d4c8ce5adb4956e4dc4ac0f82c5045f63a5896d4
2026-09-16T15:57:53Z	10526538	ec84e81f-1e33-45e9-ba2b-c302ba2dc006	Software Development Engineer II, AWS Managed Services	US, WA, Seattle	Seattle	WA	USA	September 2, 2026		Software Development	aws	label=team-sde-primary		not_identified	basic_qualifications	none	distributed_systems,cloud_infrastructure,security_identity,embedded_systems,operations_observability	https://www.amazon.jobs/en/jobs/10526538/software-development-engineer-ii-aws-managed-services	9f3f1674b9c427e9bdff67f8fec8a649e629da439384ef66aa08e6f3f2696886
2026-09-16T15:57:53Z	10526542	68558eb5-5662-43de-a845-b8f8db54dd27	Software Development Engineer, AWS Elemental MediaTailor	US, WA, Seattle	Seattle	WA	USA	September 2, 2026		Software Development	aws	label=team-sde-primary		not_identified	preferred_only	none	distributed_systems,cloud_infrastructure,networking,database_search,security_identity,graphics_media,operations_observability	https://www.amazon.jobs/en/jobs/10526542/software-development-engineer-aws-elemental-mediatailor	196b0a4d58d2ca2a5eaf6caa1bd9d5be702075f6f7c178ef745943d2dd9277bc
2026-09-16T15:57:53Z	10526555	07e8a96f-f080-4ddc-b250-2046985358ed	Software Development Engineer, Amazon Leo	US, TX, Austin	Austin	TX	USA	September 2, 2026		Software Development	alexa-and-amazon-devices	label=team-project-kuiper		not_identified	basic_qualifications	none	machine_learning,distributed_systems,embedded_systems	https://www.amazon.jobs/en/jobs/10526555/software-development-engineer-amazon-leo	5cbf7d7d8703becaa46e1176c18ec08764d6be234b25c8fbe4779fee0d42e5c6
2026-09-16T15:57:53Z	10526566	e9ee3e21-ca4b-447f-ac56-fe100ddfcc16	Software Development Engineer - AWS, Amazon GuardDuty	US, CA, Santa Monica	Santa Monica	CA	USA	September 2, 2026		Software Development	aws	label=team-sde-primary		not_identified	basic_qualifications	none	machine_learning,distributed_systems,cloud_infrastructure,security_identity,embedded_systems,operations_observability	https://www.amazon.jobs/en/jobs/10526566/software-development-engineer-aws-amazon-guardduty	e0c3c59e89fdb5be7bf67955197d2e2706a5664df1005f6d9880f794ba0f7234
2026-09-16T15:57:53Z	10526567	901f2c77-0907-483a-ad45-3f487cffc84d	Software Development Engineer - AWS, Amazon GuardDuty	US, CA, Santa Monica	Santa Monica	CA	USA	September 2, 2026		Software Development	aws	label=team-sde-primary		not_identified	basic_qualifications	none	machine_learning,distributed_systems,cloud_infrastructure,security_identity,embedded_systems,operations_observability	https://www.amazon.jobs/en/jobs/10526567/software-development-engineer-aws-amazon-guardduty	e0782313477808f005df05115e1c8a92c7fa32ed810d0e807cfd2958f9893a02
2026-09-16T15:57:53Z	10526569	340ca3f4-4384-462e-972e-26a608584124	Senior Software Dev Engineer, GuardDuty	US, MA, Boston	Boston	MA	USA	September 2, 2026		Software Development	aws	label=team-sde-primary		not_identified	preferred_only	none	machine_learning,distributed_systems,cloud_infrastructure,security_identity,application_backend,operations_observability	https://www.amazon.jobs/en/jobs/10526569/senior-software-dev-engineer-guardduty	5809fb68ccc4d30a4b3bc996541b1d712ec3af259790f282ebcece0047a51976
2026-09-16T15:57:53Z	10526571	8a08da9e-909c-4d60-b21a-e18b9840b59f	Senior Software Dev Engineer, GuardDuty	US, NY, New York	New York	NY	USA	September 2, 2026		Software Development	aws	label=team-sde-primary		not_identified	preferred_only	none	machine_learning,distributed_systems,cloud_infrastructure,networking,security_identity,operations_observability	https://www.amazon.jobs/en/jobs/10526571/senior-software-dev-engineer-guardduty	f78e08b427b7d3798be85c5c0f3e01a4502f9e2530072f246750da14a7c17f71
2026-09-16T15:57:53Z	10526573	42800d30-800f-4a3f-92a6-5dac268641ce	Software Development Engineer, AWS GuardDuty	US, WA, Seattle	Seattle	WA	USA	September 2, 2026		Software Development	aws	label=team-sde-primary		not_identified	basic_qualifications	none	machine_learning,distributed_systems,cloud_infrastructure,security_identity,embedded_systems,application_backend,operations_observability	https://www.amazon.jobs/en/jobs/10526573/software-development-engineer-aws-guardduty	ea8a109698e3d31c820bb8cc60e51783eb50672661e2872596ee380127392957
2026-09-16T15:57:53Z	10526574	0446202d-1d5b-48f6-bbb1-accce292d5b8	Software Engineer, Internet Edge Services	AU, NSW, Sydney	Sydney	NSW	AUS	September 2, 2026		Software Development	aws	label=team-sde-primary		not_identified	preferred_only	none	cloud_infrastructure,networking,database_search,security_identity,graphics_media,application_backend	https://www.amazon.jobs/en/jobs/10526574/software-engineer-internet-edge-services	f1c3ff95771ccc2446386d7fe79479bc362e8015b33051abc7d6cf8dd65fbe75
2026-09-16T15:57:53Z	10526575	6b13fe9d-8e68-40ee-89e8-ad0cfe52c703	Software Development Engineer, GCNA-D	AU, NSW, Sydney	Sydney	NSW	AUS	September 2, 2026		Software Development	aws	label=team-sde-primary		not_identified	preferred_only	none	distributed_systems,cloud_infrastructure,networking,database_search,security_identity,graphics_media,application_backend	https://www.amazon.jobs/en/jobs/10526575/software-development-engineer-gcna-d	b3867e06918134e78210e47195ae079fbcd03125812268644f08a27c674df0d4
2026-09-16T15:57:53Z	10526602	cdea41d4-f9d3-4f94-be9a-55ae4f849f52	Sr. Software Dev Engineer, CloudTrail	US, VA, Arlington	Arlington	VA	USA	September 2, 2026		Software Development	aws	label=team-sde-primary		not_identified	preferred_only	none	distributed_systems,cloud_infrastructure,security_identity,application_backend,operations_observability	https://www.amazon.jobs/en/jobs/10526602/sr-software-dev-engineer-cloudtrail	57fc2aff7319aac881c8ec55747fa852d94152d49f349b8148750333aeb77677
2026-09-16T15:57:53Z	10526604	19a9b328-bac4-4963-949e-01276f7a4e73	Software Development Engineer, Measurement, AdTech, and Data Science	US, WA, Seattle	Seattle	WA	USA	September 2, 2026		Software Development	advertising	label=team-ad-serving-and-measurement		not_identified	preferred_only	none	machine_learning,distributed_systems,cloud_infrastructure,database_search,security_identity,embedded_systems,operations_observability	https://www.amazon.jobs/en/jobs/10526604/software-development-engineer-measurement-adtech-and-data-science	31cfb36c0aefa2464b902077c3580ea4612a901accac3e2e204f3cc722610b1b
2026-09-16T15:57:53Z	10526632	ca7cb6ca-1d29-4e36-84e4-1b0165864049	Software Development Engineer, Route 53 Waypoint	US, VA, Herndon	Herndon	VA	USA	September 2, 2026		Software Development	aws	label=team-sde-primary		not_identified	preferred_only	none	distributed_systems,cloud_infrastructure,networking,database_search,security_identity,application_backend	https://www.amazon.jobs/en/jobs/10526632/software-development-engineer-route-53-waypoint	1a18348277b9d2c3d2f14d482b559aa68bd1d4d3508f35a982be3f7376b89bd5
2026-09-16T15:57:53Z	10526645	b61124e6-9541-4ddc-9cc9-797a4616ae50	Software Development Engineer , Amazon Leo Commerce	US, WA, Redmond	Redmond	WA	USA	September 2, 2026		Software Development	alexa-and-amazon-devices	label=team-project-kuiper		not_identified	basic_qualifications	none	distributed_systems,networking,security_identity,embedded_systems	https://www.amazon.jobs/en/jobs/10526645/software-development-engineer-amazon-leo-commerce	789953e99921519d8b4b95e529ec7e6e58cce2f7c55267dd388b04bebf28b168
2026-09-16T15:57:53Z	10526657	67d6a22c-a27e-45fa-bed0-f8be50b8a5e4	Software Development Engineer, AWS S3	GB, Cambridge	Cambridge		GBR	September 2, 2026		Software Development	aws	label=team-sde-primary		not_identified	preferred_only	none	machine_learning,distributed_systems,cloud_infrastructure,database_search,security_identity	https://www.amazon.jobs/en/jobs/10526657/software-development-engineer-aws-s3	13cf594a7329bcd5cb1aad73f944a35b5ca30cd99016d2c0cbadf30289fa0267
2026-09-16T15:57:53Z	10526711	7f77022e-db0d-4ce1-b7b3-e342b15895d3	Senior Software Development Engineer, Amazon MQ	CA, BC, Vancouver	Vancouver	BC	CAN	September 2, 2026		Software Development	aws	label=team-sde-primary		not_identified	preferred_only	none	cloud_infrastructure,database_search,security_identity,application_backend	https://www.amazon.jobs/en/jobs/10526711/senior-software-development-engineer-amazon-mq	085bbc8df08b2977024d764d8829e3104961904fd0d29ac243b7741750b832c8
2026-09-16T15:57:53Z	10526761	b30e3ec4-7a7b-4270-b478-9f5fcb989041	Software Development Engineer II, Building Connectivity Engineering	US, WA, Seattle	Seattle	WA	USA	September 2, 2026		Software Development	aws	label=team-sde-primary		not_identified	basic_qualifications	none	distributed_systems,cloud_infrastructure,networking,security_identity,embedded_systems,application_backend	https://www.amazon.jobs/en/jobs/10526761/software-development-engineer-ii-building-connectivity-engineering	d818e6cdc543a0bbce0691341176c3b47e01ac8f248f9fd990e0fda3594033f1
2026-09-16T15:57:53Z	10526762	6c496a59-b377-48a5-b2f0-86721d491e27	Software Development Engineer II, Building Connectivity Engineering	US, WA, Seattle	Seattle	WA	USA	September 2, 2026		Software Development	aws	label=team-sde-primary		not_identified	basic_qualifications	none	distributed_systems,cloud_infrastructure,networking,security_identity,embedded_systems,application_backend	https://www.amazon.jobs/en/jobs/10526762/software-development-engineer-ii-building-connectivity-engineering	3fac2002409826d651f48366cbb905884f9832f62fed7357fb5e3330f5756aed
2026-09-16T15:57:53Z	10526793	1c0feb0e-f730-4dc9-855d-f687daaea970	Software Development Engineer (SDE), SDN, Amazon LEO	US, WA, Redmond	Redmond	WA	USA	September 2, 2026		Software Development	alexa-and-amazon-devices	label=team-project-kuiper		not_identified	preferred_only	none	cloud_infrastructure,networking,operations_observability	https://www.amazon.jobs/en/jobs/10526793/software-development-engineer-sde-sdn-amazon-leo	9f403aec33bbc998a20752da8c64e46f606ec770b92858c4ba2c404d9cedaf55
2026-09-16T15:57:53Z	10526808	03d1142c-9ecc-4ff6-8d08-41c10d97f921	Software Dev Engineer I, Graviton Software, Annapurna Labs	US, TX, Austin	Austin	TX	USA	September 2, 2026		Software Development	aws	label=team-machine-learning-primary		not_identified	preferred_only	none	distributed_systems,cloud_infrastructure,database_search,embedded_systems,application_backend	https://www.amazon.jobs/en/jobs/10526808/software-dev-engineer-i-graviton-software-annapurna-labs	5624815c8bca0325805ffda6fb45c14cbcb3b156ea39bdd612a449d8a7695c2d
2026-09-16T15:57:53Z	10526828	7eb45544-ee27-4d5a-b593-027a30a4d098	Software Development Engineer II, Prime Video Ads Channels	US, WA, Seattle	Seattle	WA	USA	September 2, 2026		Software Development	entertainment	label=team-primevideo		not_identified	preferred_only	none	distributed_systems,cloud_infrastructure,database_search,graphics_media,application_backend	https://www.amazon.jobs/en/jobs/10526828/software-development-engineer-ii-prime-video-ads-channels	b638d89f013eb0c64e9e920357f8382a4173236d6d73cae9296164150f2e528a
2026-09-16T15:57:53Z	10526906	5b9abaad-f098-4ae4-8e82-c08fe11c162a	Software Development Engineer, Amazon Music	IN, KA, Bengaluru	Bengaluru	KA	IND	September 2, 2026		Software Development	entertainment	label=team-music		not_identified	preferred_only	none	distributed_systems,cloud_infrastructure,graphics_media	https://www.amazon.jobs/en/jobs/10526906/software-development-engineer-amazon-music	8feb1a2f91c00d52782481005f13eb10c8abd7409c1c8e38f81aaae7b0a6b92a
2026-09-16T15:57:53Z	10526922	26f1adf2-4b85-4274-a94b-eab09b968db4	Software Dev Engineer, Amazon Leo Customer Terminals	US, WA, Redmond	Redmond	WA	USA	September 3, 2026		Software Development	alexa-and-amazon-devices	label=team-project-kuiper		not_identified	basic_qualifications	none	distributed_systems,cloud_infrastructure,networking,security_identity,embedded_systems,operations_observability	https://www.amazon.jobs/en/jobs/10526922/software-dev-engineer-amazon-leo-customer-terminals	224f7e1db371d09eeb6d06d96af62f19132a2966da0bec03711c8ab8c358e486
2026-09-16T15:57:53Z	10526923	1413e95b-8600-41fb-9e84-e2848ce82972	Sr. Embedded Software Engineer, Leo Autopilot	US, WA, Redmond	Redmond	WA	USA	September 3, 2026		Software Development	alexa-and-amazon-devices	label=team-project-kuiper		not_identified	preferred_only	none	cloud_infrastructure,embedded_systems	https://www.amazon.jobs/en/jobs/10526923/sr-embedded-software-engineer-leo-autopilot	89a6f2f6111d27bb7e7e387cfcdb20ff967dfd0b9923b8746c408246b6d8a36a
2026-09-16T15:57:53Z	10526942	933e7f32-e212-4e79-9991-b290f9e6a8b6	Software Development Engineer, Amazon MQ	US, Virtual	Virtual		USA	September 3, 2026		Software Development	aws	label=team-sde-primary		not_identified	preferred_only	none	cloud_infrastructure	https://www.amazon.jobs/en/jobs/10526942/software-development-engineer-amazon-mq	b22a0609c92e4fb82f008d60acadb446c89dcb717647ef860d97328e3ca13102
2026-09-16T15:57:53Z	10527581	20d837d2-2532-4fa6-8a93-0c996fd84f18	Software Dev Engineer II, AWS Healthcare AI	US, WA, Seattle	Seattle	WA	USA	September 3, 2026		Software Development	aws	label=team-sde-primary		not_identified	basic_qualifications	none	machine_learning,distributed_systems,cloud_infrastructure,embedded_systems,application_backend	https://www.amazon.jobs/en/jobs/10527581/software-dev-engineer-ii-aws-healthcare-ai	1b35f4ac27d37d098d70fd0e043a50ee5d94faaa73658a37e9af6bed691a8c5f
2026-09-16T15:57:53Z	10527582	66ef5c65-7d7d-40ad-8125-ae19bbe56cde	Software Dev Engineer II, AWS Healthcare AI	US, WA, Seattle	Seattle	WA	USA	September 3, 2026		Software Development	aws	label=team-sde-primary		not_identified	preferred_only	none	machine_learning,cloud_infrastructure,application_backend	https://www.amazon.jobs/en/jobs/10527582/software-dev-engineer-ii-aws-healthcare-ai	4d956a4c55386134a65aa8d26374571842c91a1cc3bb4cfea10b624c1c06b71b
2026-09-16T15:57:53Z	10528085	227a6edd-e780-4e65-82c7-5d260e28fd39	Software Dev Engineer, Publisher Ad Server	US, WA, Seattle	Seattle	WA	USA	September 3, 2026		Software Development	advertising	label=team-amazon-ads		not_identified	preferred_only	none	cloud_infrastructure,operations_observability	https://www.amazon.jobs/en/jobs/10528085/software-dev-engineer-publisher-ad-server	7dd7e1ea9d424e54889278ed64a54e091f8dc2f882c2585fdf7b9df60cd52e8f
2026-09-16T15:57:53Z	10528107	e1f7f6e8-f4f3-447d-a026-09495b2acdae	Software Development Engineer II, Alexa Endpoint Experiences, Alexa Devices	IN, MH, Pune	Pune	MH	IND	September 3, 2026		Software Development	alexa-and-amazon-devices	label=amazon-device-software-and-services		not_identified	preferred_only	none	cloud_infrastructure,frontend_mobile,application_backend	https://www.amazon.jobs/en/jobs/10528107/software-development-engineer-ii-alexa-endpoint-experiences-alexa-devices	449de9a8a3179e229d2e0bf5280145a755c9f093e606d6e6bea67c00a995a358
2026-09-16T15:57:53Z	10528166	dbc93c60-9512-497b-9890-aa755ae1a155	Software Development Engineer - Elasticache, AWS ElastiCache	IE, D, Dublin	Dublin	D	IRL	September 3, 2026		Software Development	aws	label=team-sde-primary		not_identified	basic_qualifications	none	distributed_systems,cloud_infrastructure,database_search,security_identity,application_backend,operations_observability	https://www.amazon.jobs/en/jobs/10528166/software-development-engineer-elasticache-aws-elasticache	8e7f07de21aba8334390701846fe3358a3a93b72550174fd83edd905e2bca719
2026-09-16T15:57:53Z	10528280	3a5eb4f2-c54c-4058-8b09-a5b4bbfaf407	Software Development Engineer	US, WA, Redmond	Redmond	WA	USA	September 3, 2026		Software Development	alexa-and-amazon-devices	label=team-project-kuiper		not_identified	basic_qualifications	none	distributed_systems,networking,security_identity,embedded_systems,application_backend	https://www.amazon.jobs/en/jobs/10528280/software-development-engineer	6b02ec4b8d241b60a0d899ac533c311087e9af6d76576cffa7460d256ee1166a
2026-09-16T15:57:53Z	10528281	5628d494-c4c1-43ba-8f03-3096a09dbcc6	Software Development Engineer, Amazon Leo for Government	US, CA, Sunnyvale	Sunnyvale	CA	USA	September 3, 2026		Software Development	alexa-and-amazon-devices	label=team-project-kuiper		not_identified	basic_qualifications	none	distributed_systems,networking,security_identity,embedded_systems	https://www.amazon.jobs/en/jobs/10528281/software-development-engineer-amazon-leo-for-government	2cc37a7d14baa336a6e66b34b5bf5d4468b7a19f0cf63502eb3ebdc353f1901a
2026-09-16T15:57:53Z	10528516	d3f63229-a2d5-4b83-961c-edb69fed8ef2	Software Dev Engineer II, Paragon	IN, KA, Bengaluru	Bengaluru	KA	IND	September 3, 2026		Software Development	selling-partner-services	label=no-team-listed		not_identified	preferred_only	none	machine_learning,distributed_systems,cloud_infrastructure,frontend_mobile,application_backend	https://www.amazon.jobs/en/jobs/10528516/software-dev-engineer-ii-paragon	931b4793783d5780539096079fb11588f21ba513c06c8133151d9f173ed59fbb
2026-09-16T15:57:53Z	10528576	8f52a9f9-2b24-406b-a3bb-ccae75f2d523	Software Development Engineer, Identity Services	US, WA, Seattle	Seattle	WA	USA	September 3, 2026		Software Development	ecp	label=team-identity-services		not_identified	basic_qualifications	none	distributed_systems,security_identity,embedded_systems	https://www.amazon.jobs/en/jobs/10528576/software-development-engineer-identity-services	2fead7a6e2b23d5a395d34187c03f5a634418e1c6e620a3c42f1452ad3a8e1e1
2026-09-16T15:57:53Z	10528626	e4e5d59f-e89f-4146-bfd2-cd2805657427	Software Development Engineer, Generative AI, Annapurna Labs - Neuroboros Team	US, NY, New York	New York	NY	USA	September 3, 2026		Software Development	aws	label=team-machine-learning-primary		not_identified	basic_qualifications	mention_only	compiler_mention,machine_learning,distributed_systems,cloud_infrastructure,networking,security_identity,embedded_systems,operations_observability	https://www.amazon.jobs/en/jobs/10528626/software-development-engineer-generative-ai-annapurna-labs-neuroboros-team	efc49b663c855d359ca33898823c9b4d93546f0ec6d9843aea2b4dcdf8ea8fa1
2026-09-16T15:57:53Z	10528633	2b66de5c-015a-4443-b3c0-03fa1eab2d41	Software Development Engineer, Generative AI, Annapurna Labs - Neuroboros Team	US, NY, New York	New York	NY	USA	September 3, 2026		Software Development	aws	label=team-machine-learning-primary		not_identified	basic_qualifications	mention_only	compiler_mention,machine_learning,distributed_systems,cloud_infrastructure,networking,security_identity,embedded_systems,operations_observability	https://www.amazon.jobs/en/jobs/10528633/software-development-engineer-generative-ai-annapurna-labs-neuroboros-team	e4e922d913a621da6a08f59f539d520f30caf45bdcbc8b844bd774cbc69d40de
2026-09-16T15:57:53Z	10528662	6d03afab-7777-444d-b316-5fc8d743006c	Software Development Engineer, Leo Manufacturing Software Systems	US, WA, Bellevue	Bellevue	WA	USA	September 3, 2026		Software Development	alexa-and-amazon-devices	label=team-project-kuiper		not_identified	preferred_only	none	networking,security_identity,embedded_systems	https://www.amazon.jobs/en/jobs/10528662/software-development-engineer-leo-manufacturing-software-systems	d8e7ab7b9ee55a3b8e1a386d31349d2755a237c550d4e622d5f2f705ed876596
2026-09-16T15:57:53Z	10528709	5cff1b73-8df1-40b8-bbe7-71beddb05d84	Software Development Engineer, AWS AI Agentic Automated Reasoning (AR)	US, WA, Seattle	Seattle	WA	USA	September 3, 2026		Software Development	aws	label=team-sde-primary		not_identified	basic_qualifications	none	distributed_systems,cloud_infrastructure,networking,database_search,embedded_systems,application_backend,operations_observability	https://www.amazon.jobs/en/jobs/10528709/software-development-engineer-aws-ai-agentic-automated-reasoning-ar	b77b5572a4b9e706f9fd0d758111c0243e87bd0b9b17f598a5d4430a76d2db86
2026-09-16T15:57:53Z	10528710	db9549f2-2a99-4dca-ad2a-9db48a58487f	Sr. Software Development Engineer, Agentic AI	US, WA, Seattle	Seattle	WA	USA	September 3, 2026		Software Development	aws	label=team-sde-primary		not_identified	preferred_only	none	cloud_infrastructure,application_backend	https://www.amazon.jobs/en/jobs/10528710/sr-software-development-engineer-agentic-ai	c2118dc3c5540f458a9e8ef4ba0c95a94bd4d2287fae10304449b823aec53dd4
2026-09-16T15:57:53Z	10528714	38b62117-692e-4e4a-96ac-15b39443d81f	Software Development Engineer, Quick Governance Platform	US, NY, New York	New York	NY	USA	September 3, 2026		Software Development	aws	label=team-sde-primary		not_identified	basic_qualifications	none	machine_learning,distributed_systems,cloud_infrastructure,security_identity,embedded_systems,application_backend,operations_observability	https://www.amazon.jobs/en/jobs/10528714/software-development-engineer-quick-governance-platform	fe14abeca706a86b73e025aba0bbf08c44e956df20b7ab82cec78822db3dbd48
2026-09-16T15:57:53Z	10528718	e86055e9-7d53-4d35-adaf-f60b91b16db9	Software Development Engineer, Quick Governance Platform	US, NY, New York	New York	NY	USA	September 3, 2026		Software Development	aws	label=team-sde-primary		not_identified	basic_qualifications	none	machine_learning,distributed_systems,cloud_infrastructure,security_identity,embedded_systems,application_backend,operations_observability	https://www.amazon.jobs/en/jobs/10528718/software-development-engineer-quick-governance-platform	71f53c33dbb6550ab00192e05ff52692c6888021b110b31255e1a669b5062d34
2026-09-16T15:57:53Z	10528822	080a7e43-7fc5-46a1-8416-03fd3d36e083	Sr. Software Dev Engineer, Antenna System Validation, Amazon Leo	US, WA, Redmond	Redmond	WA	USA	September 3, 2026		Software Development	alexa-and-amazon-devices	label=team-project-kuiper		not_identified	preferred_only	none	distributed_systems,cloud_infrastructure,networking,database_search,embedded_systems,application_backend,operations_observability	https://www.amazon.jobs/en/jobs/10528822/sr-software-dev-engineer-antenna-system-validation-amazon-leo	47040ef030c5f3ad12f9c118da547d7ec57864240aae625c4b2ac5345eb61eb6
2026-09-16T15:57:53Z	10528827	a8803a7b-dd01-4640-9f81-ecb291be1dda	Sr. Software Dev Engineer, Antenna System Validation, Amazon Leo	US, WA, Redmond	Redmond	WA	USA	September 3, 2026		Software Development	alexa-and-amazon-devices	label=team-project-kuiper		not_identified	preferred_only	none	distributed_systems,cloud_infrastructure,networking,database_search,security_identity,embedded_systems,application_backend,operations_observability	https://www.amazon.jobs/en/jobs/10528827/sr-software-dev-engineer-antenna-system-validation-amazon-leo	d7c4012a36ee929d3d1f7ffce118d5db56d2ae80195173f6de7fd42fc226391e
2026-09-16T15:57:53Z	10528830	fb1a76b4-363e-48ff-b0d4-cb60d72947b8	Software Development Engineer III, Annapurna Labs	US, WA, Seattle	Seattle	WA	USA	September 3, 2026		Software Development	aws	label=team-machine-learning-primary		not_identified	preferred_only	core_candidate_body	compiler_mention,machine_learning,distributed_systems,cloud_infrastructure,networking,database_search,security_identity	https://www.amazon.jobs/en/jobs/10528830/software-development-engineer-iii-annapurna-labs	d7de1bc9d31584aa04cb16618869a37b0ad19b169aa73e35a2933e84c12bf380
2026-09-16T15:57:53Z	10528850	882ce4ce-d751-4adb-8c91-87f8514c2e3b	Software Development Engineer , Inventory Accounting	US, WA, Redmond	Redmond	WA	USA	September 3, 2026		Software Development	alexa-and-amazon-devices	label=team-project-kuiper		not_identified	basic_qualifications	none	machine_learning,distributed_systems,cloud_infrastructure,networking,embedded_systems	https://www.amazon.jobs/en/jobs/10528850/software-development-engineer-inventory-accounting	37fcaf6e99938f2f5c33105a29fde04514691643b1e4909116753a40a5ff7f5f
2026-09-16T15:57:53Z	10528874	46617074-eb06-4d68-9e81-56a788521333	Software Dev Engineer II, Infra Supply Chain	US, WA, Seattle	Seattle	WA	USA	September 3, 2026		Software Development	aws	label=team-sde-primary		not_identified	basic_qualifications	none	distributed_systems,cloud_infrastructure,networking,database_search,security_identity,embedded_systems,application_backend	https://www.amazon.jobs/en/jobs/10528874/software-dev-engineer-ii-infra-supply-chain	0425256d7442902e244b8e4d90440d8f4fe8604f833baf8d526a8ab8a2a7ed27
2026-09-16T15:57:53Z	10528933	31c7098c-28b3-4851-b365-7fd730042e47	Software Development Engineer, AWS Contract Onboarding	US, NY, New York	New York	NY	USA	September 3, 2026		Software Development	aws	label=team-sde-primary		not_identified	preferred_only	none	machine_learning,distributed_systems,cloud_infrastructure,database_search,frontend_mobile,application_backend	https://www.amazon.jobs/en/jobs/10528933/software-development-engineer-aws-contract-onboarding	5f1a92c6b031c16bbe7b56ac700be964b5423c8680c7aeb5db054a693d67ec50
2026-09-16T15:57:53Z	10528962	af166157-19b4-42d0-8e6d-a82b3597230a	Software Engineer II, Leo Commerce	US, WA, Redmond	Redmond	WA	USA	September 3, 2026		Software Development	alexa-and-amazon-devices	label=team-project-kuiper		not_identified	preferred_only	none	networking,security_identity,frontend_mobile	https://www.amazon.jobs/en/jobs/10528962/software-engineer-ii-leo-commerce	5076176bb28aafe526ba2c0630d69a1ec0f0256de7ccd4f3dedb65cb824a5042
2026-09-16T15:57:53Z	10529065	0452e3ea-5b83-47f2-a1f1-9cb15c31ef7d	Software Development Engineer, DASH	US, WA, Redmond	Redmond	WA	USA	September 3, 2026		Software Development	alexa-and-amazon-devices	label=team-project-kuiper		not_identified	basic_qualifications	none	distributed_systems,embedded_systems,frontend_mobile,application_backend	https://www.amazon.jobs/en/jobs/10529065/software-development-engineer-dash	831633b084c9a17a505dee941e1f865aa2161923cc4e38a42e53a750e8f9b368
2026-09-16T15:57:53Z	10529217	cee8ed06-721c-4b1a-bbfa-9bac0809d681	Software Development Engineer III, AAIS Mosaic Data Platform	US, WA, Seattle	Seattle	WA	USA	September 3, 2026		Software Development	aws	label=team-sde-primary		not_identified	not_stated	none	distributed_systems,cloud_infrastructure,database_search,security_identity,graphics_media,application_backend,operations_observability	https://www.amazon.jobs/en/jobs/10529217/software-development-engineer-iii-aais-mosaic-data-platform	ab340446a556acf4473c38a11eaac12c49a8741df617230e6711c1d6b5ab1190
2026-09-16T15:57:53Z	10529253	30deecbe-8957-4548-a38a-843aaeb0a567	Software Development Engineer , Adaptive Search Relevance	US, WA, Seattle	Seattle	WA	USA	September 3, 2026		Software Development	advertising	label=team-analytics-and-insights		not_identified	preferred_only	none	machine_learning,distributed_systems,cloud_infrastructure,database_search,security_identity,embedded_systems,graphics_media,operations_observability	https://www.amazon.jobs/en/jobs/10529253/software-development-engineer-adaptive-search-relevance	4c0ead4237c0073740882e7860f6b61c4b61fcf9013b76f57b79ab526ad54c77
2026-09-16T15:57:53Z	10529254	b37de8f2-9655-4263-9324-db83ef4c51b0	Software Development Engineer , Adaptive Search Relevance	US, WA, Seattle	Seattle	WA	USA	September 3, 2026		Software Development	advertising	label=team-analytics-and-insights		not_identified	preferred_only	none	machine_learning,distributed_systems,cloud_infrastructure,database_search,security_identity,embedded_systems,graphics_media,operations_observability	https://www.amazon.jobs/en/jobs/10529254/software-development-engineer-adaptive-search-relevance	6662ae3ff500eb7fa8bb473a322fa8acb6d28880a588c9750a39baad5ec805f4
2026-09-16T15:57:53Z	10529262	1181e3d2-f423-4a85-8f72-ac0b78310336	Software Dev Engineer, Antenna System Validation, Amazon Leo	US, WA, Redmond	Redmond	WA	USA	September 3, 2026		Software Development	alexa-and-amazon-devices	label=team-project-kuiper		not_identified	basic_qualifications	none	distributed_systems,cloud_infrastructure,networking,database_search,security_identity,embedded_systems,application_backend,operations_observability	https://www.amazon.jobs/en/jobs/10529262/software-dev-engineer-antenna-system-validation-amazon-leo	ada5b7c72fbc5ab442d47e616969419841923ca2b4101496a782f27c40762c80
2026-09-16T15:57:53Z	10529275	62ca1e7d-2f9b-44a1-b2a9-dbb45fbf7b05	Sr. SDE, Edge AI ML Platform, Edge AI and Science	CA, BC, Vancouver	Vancouver	BC	CAN	September 3, 2026		Software Development	alexa-and-amazon-devices	label=amazon-device-software-and-services		not_identified	not_stated	mention_only	compiler_mention,machine_learning,distributed_systems,cloud_infrastructure,security_identity,embedded_systems,graphics_media,application_backend,operations_observability	https://www.amazon.jobs/en/jobs/10529275/sr-sde-edge-ai-ml-platform-edge-ai-and-science	367623a7e322175d2f56182852a53ead8aa6dfe66dce1e859a7ac4b038775745
2026-09-16T15:57:53Z	10529297	74fc0155-cc9a-4b78-b04b-3a62208eb8ec	Software Dev Engineer III, Amazon Interactive Video Service (IVS), Stream Management	US, WA, Seattle	Seattle	WA	USA	September 3, 2026		Software Development	aws	label=team-sde-primary		not_identified	preferred_only	none	distributed_systems,cloud_infrastructure,embedded_systems,graphics_media,application_backend,operations_observability	https://www.amazon.jobs/en/jobs/10529297/software-dev-engineer-iii-amazon-interactive-video-service-ivs-stream-management	976b8ead6f580dacbd37445113162b7348348f7ae9a7253d9a08f8df6e35d8fb
2026-09-16T15:57:53Z	10529301	7b0be091-23cc-49ca-b335-debb30572e2c	Software Developer II, Cosmos	US, MA, Westboro	Westboro	MA	USA	September 3, 2026		Software Development	subsidiaries	label=team-amazon-robotics		not_identified	basic_qualifications	none	distributed_systems,cloud_infrastructure,networking,database_search,embedded_systems,frontend_mobile,graphics_media,operations_observability	https://www.amazon.jobs/en/jobs/10529301/software-developer-ii-cosmos	73d5dc39fedf0146a060f710f6daefb0ac3e9dea80b6aedadccd04ce5cd1eddb
2026-09-16T15:57:53Z	10529317	04e9ab02-b068-4584-a669-1c932b812990	Software Development Engineer, Amazon Quick	US, CA, Santa Clara	Santa Clara	CA	USA	September 3, 2026		Software Development	aws	label=team-sde-primary		not_identified	basic_qualifications	none	machine_learning,distributed_systems,cloud_infrastructure,embedded_systems	https://www.amazon.jobs/en/jobs/10529317/software-development-engineer-amazon-quick	7c99875f7416d5d1ab44489862502db501d0a4613bd11d361eba960486356e14
2026-09-16T15:57:53Z	10529419	369039a9-de01-4284-a2b9-9f2640c51884	Sr. Software Development Engineer, Amazon Quick - Mission Control Triggers	US, CA, San Francisco	San Francisco	CA	USA	September 3, 2026		Software Development	aws	label=team-sde-primary		not_identified	preferred_only	none	distributed_systems,cloud_infrastructure,database_search,frontend_mobile,application_backend,operations_observability	https://www.amazon.jobs/en/jobs/10529419/sr-software-development-engineer-amazon-quick-mission-control-triggers	9b2045ae8afb527581fc54ae4bb03eb924dce58649e6a037665f4227ae3d30cd
2026-09-16T15:57:53Z	10529450	de447621-5ad1-40b1-9207-56d1bab643ca	Sr. Software Development Engineer, Agentic AI	US, NJ, Jersey City	Jersey City	NJ	USA	September 3, 2026		Software Development	aws	label=team-sde-primary		not_identified	preferred_only	none	machine_learning,distributed_systems,cloud_infrastructure	https://www.amazon.jobs/en/jobs/10529450/sr-software-development-engineer-agentic-ai	6c4b5958cf05b7ef54940b05a2325ddd8501a11e67e0ff6d37c0afe8efc0aa9b
2026-09-16T15:57:53Z	10529483	7f79a1d3-f7e5-4415-a856-b29589650aab	Software Development Engineer II, AWS Vulnerability Management	US, WA, Seattle	Seattle	WA	USA	September 3, 2026		Software Development	amazon-security	label=team-aws-security		not_identified	not_stated	none	cloud_infrastructure,database_search,security_identity,operations_observability	https://www.amazon.jobs/en/jobs/10529483/software-development-engineer-ii-aws-vulnerability-management	679b6145017aa882349671b35e8f40152684f87d40b124b716128253f7fb4b63
2026-09-16T15:57:53Z	10529525	910f6c22-6fcd-4dbb-9d17-33648f347038	Software Development Engineer Intern/Co-Op, ROBOTICS - 2027	US, MA, North Reading	North Reading	MA	USA	September 4, 2026		Software Development	subsidiaries	label=team-amazon-robotics		not_identified	basic_qualifications	none	machine_learning,distributed_systems,cloud_infrastructure,networking,database_search,frontend_mobile,graphics_media,application_backend,operations_observability	https://www.amazon.jobs/en/jobs/10529525/software-development-engineer-intern-co-op-robotics-2027	796989795824ec02fc7b8294357512bdb2450f88862d5b6fa083cd3700dc7469
2026-09-16T15:57:53Z	10529546	f00e23a1-7b2c-4936-b02c-586bca8b38bb	Software Development Engineer, Amazon Dedicated Cloud, Early Career - 2026	US, WA, Seattle	Seattle	WA	USA	September 4, 2026		Software Development	studentprograms	label=team-jobs-for-grads		not_identified	basic_qualifications	none	machine_learning,distributed_systems,cloud_infrastructure,database_search,security_identity,frontend_mobile,application_backend,operations_observability	https://www.amazon.jobs/en/jobs/10529546/software-development-engineer-amazon-dedicated-cloud-early-career-2026	d6e076dbb345bafdefbb0ae56c70b65dce91c961d1c136a813d7515c6b33f66d
2026-09-16T15:57:53Z	10529611	6c87a453-00d0-413f-b019-96ce672590bd	Software Development Engineer, Ordering	CA, BC, Vancouver	Vancouver	BC	CAN	September 4, 2026		Software Development	ecp	label=team-ordering-services		not_identified	preferred_only	none	distributed_systems	https://www.amazon.jobs/en/jobs/10529611/software-development-engineer-ordering	a8812dec4ea9a67258bd1ff07e841237426bed023696f8a9f754b10364aae4a3
2026-09-16T15:57:53Z	10529704	f39bdc9a-23e7-4b25-a2bc-9a46e283faf4	Software Development Engineer, Ring Cloud Computer Vision	GB, Cambridge	Cambridge		GBR	September 4, 2026		Software Development	alexa-and-amazon-devices	label=team-ring-key-blink		not_identified	preferred_only	none	distributed_systems,cloud_infrastructure,security_identity,graphics_media	https://www.amazon.jobs/en/jobs/10529704/software-development-engineer-ring-cloud-computer-vision	f7ccddca5ca6bef50766d1cf5111dd798eb148ba6e5c7e544def3de68b3ff0e5
2026-09-16T15:57:53Z	10529736	95861b7b-e90d-4409-b63b-31b0ff6404b2	Sr. Software Development Engineer, Amazon	IN, KA, Bengaluru	Bengaluru	KA	IND	September 4, 2026		Software Development	amazon-business	label=no-team-listed		not_identified	preferred_only	none	distributed_systems	https://www.amazon.jobs/en/jobs/10529736/sr-software-development-engineer-amazon	c0d424bfd3089576553ef9a7434275f2101c3d93e4ec1c9fb83db3acf6925489
2026-09-16T15:57:53Z	10529792	dbbd8478-da73-413e-8ac0-6e95b5eb10e0	Software Development Engineer II, Agentic WorkSpaces Client	US, WA, Seattle	Seattle	WA	USA	September 4, 2026		Software Development	aws	label=team-sde-primary		not_identified	basic_qualifications	none	distributed_systems,cloud_infrastructure,networking,security_identity,embedded_systems,application_backend,operations_observability	https://www.amazon.jobs/en/jobs/10529792/software-development-engineer-ii-agentic-workspaces-client	02045734b0de7a9c64bade1383a44bae0d2b36c249e0af54fecfda58f07f1307
2026-09-16T15:57:53Z	10529793	cb28425d-747f-48f9-95a3-8923145e4366	Sr. Software Development Engineer, Agentic WorkSpaces Client	US, WA, Seattle	Seattle	WA	USA	September 4, 2026		Software Development	aws	label=team-sde-primary		not_identified	preferred_only	none	cloud_infrastructure,networking,security_identity,application_backend,operations_observability	https://www.amazon.jobs/en/jobs/10529793/sr-software-development-engineer-agentic-workspaces-client	02911a3717c0d3442706de0ab45e9fe26d5c61293acfc9662e6544e615d416ff
2026-09-16T15:57:53Z	10529821	1fdaa29b-eda5-49b0-a724-da13a8bab652	Embedded Software Engineer, Amazon Leo OISL Star Tracker	US, CA, Northridge	Northridge	CA	USA	September 4, 2026		Software Development	alexa-and-amazon-devices	label=team-project-kuiper		not_identified	preferred_only	none	distributed_systems,cloud_infrastructure,networking,embedded_systems,operations_observability	https://www.amazon.jobs/en/jobs/10529821/embedded-software-engineer-amazon-leo-oisl-star-tracker	03ab8546ba78df06772f63a05eecb0227e36a53ce435eadea4c2da8556b681b6
2026-09-16T15:57:53Z	10529830	80d6fe4c-4132-475c-818f-e75a297a2c58	Software Development Engineer, Early Career	US, NJ, Newark	Newark	NJ	USA	September 4, 2026		Software Development	subsidiaries	label=team-global-audible		not_identified	basic_qualifications	none	cloud_infrastructure,database_search,frontend_mobile	https://www.amazon.jobs/en/jobs/10529830/software-development-engineer-early-career	c4a68aa5d8fbaa09bdf6ee8ff313adc5416b029655c01144ae7e0765302e0c23
2026-09-16T15:57:53Z	10529838	148d10ed-6dfc-4bc2-8590-0fcd1ed882d9	Software Dev Engineer - II , Live Events Advertising	US, NY, New York	New York	NY	USA	September 4, 2026		Software Development	advertising	label=team-amazon-ads		not_identified	basic_qualifications	none	machine_learning,cloud_infrastructure,operations_observability	https://www.amazon.jobs/en/jobs/10529838/software-dev-engineer-ii-live-events-advertising	f8965354519e70780c6b921dd5ba8cc5021fae420af28c3347d031473405adcf
2026-09-16T15:57:53Z	10529944	97a5b17a-00fa-4442-8791-ca947cfaa16b	Software Development Engineer , AFT-PES	US, WA, Bellevue	Bellevue	WA	USA	September 4, 2026		Software Development	operations	label=team-amazon-fulfillment-technology		not_identified	preferred_only	none	machine_learning,distributed_systems,cloud_infrastructure,networking,frontend_mobile	https://www.amazon.jobs/en/jobs/10529944/software-development-engineer-aft-pes	2ae100b1ded060488745d391688e3a7f90488472976755637d8d064088ffb411
2026-09-16T15:57:53Z	10529972	f8479fcf-a828-403f-bd07-31c0f0c41585	Software Development Engineer, Amazon Ads	US, IL, Chicago	Chicago	IL	USA	September 4, 2026		Software Development	advertising	label=team-amazon-ads		not_identified	preferred_only	none		https://www.amazon.jobs/en/jobs/10529972/software-development-engineer-amazon-ads	b29722b565b16c06184aac30b39a782958723d9d646c12f2911b69283f3cc3f3
2026-09-16T15:57:53Z	10530034	43716d39-9ec6-4116-bbdc-76f3f8798c98	Software Dev Engineer II, Long Term Planning and Forecasting	US, WA, Bellevue	Bellevue	WA	USA	September 4, 2026		Software Development	operations	label=team-supply-chain-optimization		not_identified	basic_qualifications	none	machine_learning,distributed_systems,cloud_infrastructure,networking,security_identity,embedded_systems,operations_observability	https://www.amazon.jobs/en/jobs/10530034/software-dev-engineer-ii-long-term-planning-and-forecasting	6ed612700edf81dba35d07c9b9671d501c7f1c8129bdfd9cfbd9d10e7c2bde54
2026-09-16T15:57:53Z	10530093	7bc22ee9-e7d4-43d9-89a1-c310527befe4	Software Development Engineer, RDS SQL Server	IE, D, Dublin	Dublin	D	IRL	September 4, 2026		Software Development	aws	label=team-sde-primary		not_identified	preferred_only	none	distributed_systems,cloud_infrastructure,database_search,security_identity,operations_observability	https://www.amazon.jobs/en/jobs/10530093/software-development-engineer-rds-sql-server	13f8d32e187a56237594bd3bbb99f354aee11726ff7fb141074c59943449f358
2026-09-16T15:57:53Z	10530110	51026aa8-23b7-4daf-9b1c-03a86d4cd743	Software Development Engineer, Agent Platforms & Services	US, WA, Seattle	Seattle	WA	USA	September 4, 2026		Software Development	advertising	label=team-amazon-ads		not_identified	preferred_only	none	distributed_systems,cloud_infrastructure,networking,security_identity,embedded_systems,operations_observability	https://www.amazon.jobs/en/jobs/10530110/software-development-engineer-agent-platforms-services	a4fefc019d8296c7d550068634141d3942748a9b77bf9b1c8143b9765e5d96f7
2026-09-16T15:57:53Z	10530111	a3bb1278-3e3c-4cf2-af3c-79c116c1a5eb	Software Development Engineer, Agent Platforms & Services	US, WA, Seattle	Seattle	WA	USA	September 4, 2026		Software Development	advertising	label=team-amazon-ads		not_identified	preferred_only	none	distributed_systems,cloud_infrastructure,networking,security_identity,embedded_systems,operations_observability	https://www.amazon.jobs/en/jobs/10530111/software-development-engineer-agent-platforms-services	820efacb62e77fdd8e0589d35326770d4e2882c3ef43dd8c6124aca9fba4c63b
2026-09-16T15:57:53Z	10530139	c3fc4e58-4f1d-4d61-bb79-cc63410c421a	Software Development Engineer, Agent Platforms & Services	US, NY, New York	New York	NY	USA	September 4, 2026		Software Development	advertising	label=team-amazon-ads		not_identified	preferred_only	none	distributed_systems,cloud_infrastructure,networking,security_identity,embedded_systems,operations_observability	https://www.amazon.jobs/en/jobs/10530139/software-development-engineer-agent-platforms-services	258f3d4d9b7acdf0ddfc0e1b32877fd395b2bfd68b49140df61d4ab39a4fd963
2026-09-16T15:57:53Z	10530257	860098e1-02a3-463b-90df-ae6277e75b92	Software Development Engineer, Early Career	US, MA, Cambridge	Cambridge	MA	USA	September 4, 2026		Software Development	subsidiaries	label=team-global-audible		not_identified	basic_qualifications	none	distributed_systems,cloud_infrastructure,database_search,frontend_mobile	https://www.amazon.jobs/en/jobs/10530257/software-development-engineer-early-career	3c1cc173922be7ba4ced955e87710f73eabfeab05b8755266376e175635a4a58
2026-09-16T15:57:53Z	10530296	6d581b54-8751-4080-a121-abfa7f1a8495	Software Dev Engineer II, Item and Offers Platform	US, CA, Sunnyvale	Sunnyvale	CA	USA	September 4, 2026		Software Development	ecp	label=team-ascs		not_identified	basic_qualifications	none	distributed_systems,embedded_systems	https://www.amazon.jobs/en/jobs/10530296/software-dev-engineer-ii-item-and-offers-platform	5c91692a700e9d6d10419be8acf8f8530d60dd84013fe01559ce6f6dc9063de9
2026-09-16T15:57:53Z	10530357	0f7d489e-cea3-4722-b7f4-e122a09d7c52	Software Development Engineer, Search Thematic Advertising Experiences	US, NY, New York	New York	NY	USA	September 4, 2026		Software Development	advertising	label=team-amazon-ads		not_identified	preferred_only	none	machine_learning,distributed_systems,cloud_infrastructure,database_search,application_backend	https://www.amazon.jobs/en/jobs/10530357/software-development-engineer-search-thematic-advertising-experiences	e6a2d3b73686e3b27524be50bb89d526cd8fd56a9286b91aceda1a85f5615ccb
2026-09-16T15:57:53Z	10530361	4c0029a2-cce0-44e3-b19a-0d588030c932	Software Development Engineer II, E Reader Software	IN, KA, Bengaluru	Bengaluru	KA	IND	September 4, 2026		Software Development	alexa-and-amazon-devices	label=amazon-device-software-and-services		not_identified	preferred_only	none	frontend_mobile	https://www.amazon.jobs/en/jobs/10530361/software-development-engineer-ii-e-reader-software	289d452686e0947a83f28738cf611eba5327cf29ed08679f9fb11a9a2fdbd933
2026-09-16T15:57:53Z	10530431	2ddd7e37-35ed-4219-b409-9430fac7d6e0	Software Development Engineer II, AWS Edge Connectivity Services	US, VA, Arlington	Arlington	VA	USA	September 4, 2026		Software Development	aws	label=team-us-security-clearance-jobs-primary		not_identified	basic_qualifications	mention_only	compiler_mention,machine_learning,distributed_systems,cloud_infrastructure,networking,database_search,security_identity,application_backend,operations_observability	https://www.amazon.jobs/en/jobs/10530431/software-development-engineer-ii-aws-edge-connectivity-services	1c75d4979eec65a9c78c920ed250a7b4a55cdb09594f450fbd901e3e90af7689
2026-09-16T15:57:53Z	10530460	010f90e9-d3d3-4ba9-b98a-0436c4827d33	Software Dev Engineer, GuardDuty	US, NY, New York	New York	NY	USA	September 4, 2026		Software Development	aws	label=team-sde-primary		not_identified	basic_qualifications	none	machine_learning,distributed_systems,cloud_infrastructure,security_identity,embedded_systems,operations_observability	https://www.amazon.jobs/en/jobs/10530460/software-dev-engineer-guardduty	24648b8bf8a11ba67eda631bed98211c3c72c1d1d3099aedea3f9dd1707b21c0
2026-09-16T15:57:53Z	10530494	bca47040-f689-445d-92f2-49a0a0b099e4	Software Engineer II, Prime Air	US, WA, Seattle	Seattle	WA	USA	September 4, 2026		Software Development	retail	label=team-global-prime-air		not_identified	basic_qualifications	none	distributed_systems,cloud_infrastructure,embedded_systems	https://www.amazon.jobs/en/jobs/10530494/software-engineer-ii-prime-air	7e7f97977214b72a50dbd5cee9d2b8579353c84a81aa9e46a086bf67b3a8c924
2026-09-16T15:57:53Z	10530503	5df4a0e0-0917-435f-a1df-2353a718a4c4	Senior Embedded Software Engineer	US, MA, N.reading	N.reading	MA	USA	September 4, 2026		Software Development	subsidiaries	label=team-amazon-robotics		not_identified	basic_qualifications	none	cloud_infrastructure,networking,security_identity,embedded_systems	https://www.amazon.jobs/en/jobs/10530503/senior-embedded-software-engineer	5d4bdd94a462d841b9afe675f58ee7002475b907dd421e3d63aea0e89b3e3f89
2026-09-16T15:57:53Z	10530548	db3a2cc1-38fd-4822-847a-3dd1f5402e2a	Senior Software Dev Engineer , AWS Elastic Container Service	US, WA, Seattle	Seattle	WA	USA	September 4, 2026		Software Development	aws	label=team-sde-primary		not_identified	preferred_only	none	cloud_infrastructure,networking,embedded_systems,application_backend,operations_observability	https://www.amazon.jobs/en/jobs/10530548/senior-software-dev-engineer-aws-elastic-container-service	95437f6703f549b0bf9a6fe3b8af73e453703f4ff99370e750f11210956431ff
2026-09-16T15:57:53Z	10530549	7903cfa0-86fd-47e2-ac1c-7e8a10fe7ded	Software Dev Engineer, AWS Elastic Container Service	US, WA, Seattle	Seattle	WA	USA	September 4, 2026		Software Development	aws	label=team-sde-primary		not_identified	basic_qualifications	none	distributed_systems,cloud_infrastructure,networking,embedded_systems	https://www.amazon.jobs/en/jobs/10530549/software-dev-engineer-aws-elastic-container-service	e38b81ebb5f823322426e556f1c340a5e532d92fe005334c81da90d10055d57b
2026-09-16T15:57:53Z	10530550	8889d9e0-dbe7-4c36-ae26-865675f2531f	Software Dev Engineer, AWS Elastic Container Service	US, WA, Seattle	Seattle	WA	USA	September 4, 2026		Software Development	aws	label=team-sde-primary		not_identified	basic_qualifications	none	distributed_systems,cloud_infrastructure,networking,embedded_systems	https://www.amazon.jobs/en/jobs/10530550/software-dev-engineer-aws-elastic-container-service	37fa393b79df9c0fb9e36a9c70f19d0f2315e8c9f5e83fae876bb8da02a98db7
2026-09-16T15:57:53Z	10530551	f310665a-6cc1-4cc3-929e-034d03a06293	Software Dev Engineer, AWS Elastic Container Service	US, WA, Seattle	Seattle	WA	USA	September 4, 2026		Software Development	aws	label=team-sde-primary		not_identified	basic_qualifications	none	distributed_systems,cloud_infrastructure,networking,embedded_systems	https://www.amazon.jobs/en/jobs/10530551/software-dev-engineer-aws-elastic-container-service	2daf609cbc91a639a84e34943ac55520be7bca09bdf0dfccd98449a4ec6309f0
2026-09-16T15:57:53Z	10530552	2203890c-81d4-4280-95e5-adfbb496650b	Software Dev Engineer, AWS Elastic Container Service	US, WA, Seattle	Seattle	WA	USA	September 4, 2026		Software Development	aws	label=team-sde-primary		not_identified	basic_qualifications	none	distributed_systems,cloud_infrastructure,networking,embedded_systems	https://www.amazon.jobs/en/jobs/10530552/software-dev-engineer-aws-elastic-container-service	a4972a59175dad813f768aba2b003b06e4a02308682358001e25c14dea7cd84c
2026-09-16T15:57:53Z	10530553	7942408c-ce57-4a1a-9d86-2f33b8e15a18	Software Dev Engineer, AWS Elastic Container Service	US, WA, Seattle	Seattle	WA	USA	September 4, 2026		Software Development	aws	label=team-sde-primary		not_identified	basic_qualifications	none	distributed_systems,cloud_infrastructure,networking,embedded_systems	https://www.amazon.jobs/en/jobs/10530553/software-dev-engineer-aws-elastic-container-service	7c9aec0d05334c8e200f3cd0b801be4f56254b89fc0ed239f5a1252d97224f9d
2026-09-16T15:57:53Z	10530554	8118e22e-78fe-48bc-aee5-be6db9f55cd8	Software Dev Engineer, AWS Elastic Container Service	US, WA, Seattle	Seattle	WA	USA	September 4, 2026		Software Development	aws	label=team-sde-primary		not_identified	basic_qualifications	none	distributed_systems,cloud_infrastructure,networking,embedded_systems	https://www.amazon.jobs/en/jobs/10530554/software-dev-engineer-aws-elastic-container-service	bfee6968a50e615418700b4ddf08c020e78eb2ceeef6a3abbcf1357d8e60349d
2026-09-16T15:57:53Z	10530555	88d3dd17-0968-4084-af1d-95e161519f1e	Software Dev Engineer, AWS Elastic Container Service	US, WA, Seattle	Seattle	WA	USA	September 4, 2026		Software Development	aws	label=team-sde-primary		not_identified	basic_qualifications	none	distributed_systems,cloud_infrastructure,networking,embedded_systems	https://www.amazon.jobs/en/jobs/10530555/software-dev-engineer-aws-elastic-container-service	901a3637ea712cf0c87824a4dd9e245ddd912009f5585f6584aaaef97ce808b9
2026-09-16T15:57:53Z	10530563	da7b804b-2d0c-4510-9387-04bd3d524286	Senior Software Development Engineer - Release Engineering, Network Product Development	US, WA, Seattle	Seattle	WA	USA	September 4, 2026		Software Development	aws	label=team-sde-primary		not_identified	basic_qualifications	none	machine_learning,cloud_infrastructure,networking,database_search,security_identity,embedded_systems,application_backend,operations_observability	https://www.amazon.jobs/en/jobs/10530563/senior-software-development-engineer-release-engineering-network-product-development	b43826722f96ff8cc9bf38d1fae21e28cf0a119dd14fab0fee806b7a44a8951d
2026-09-16T15:57:53Z	10530565	a23466b9-abca-4d61-936b-fab30613afc8	Software Development Engineer, DevX LIFT	US, NC, Raleigh	Raleigh	NC	USA	September 4, 2026		Software Development	aws	label=team-sde-primary		not_identified	preferred_only	none	cloud_infrastructure,networking,frontend_mobile	https://www.amazon.jobs/en/jobs/10530565/software-development-engineer-devx-lift	a48d66b6177de8fd36ce22d208ae640ad1c66f3543180d953e740453396708ab
2026-09-16T15:57:53Z	10530575	3b5ad79a-36db-4301-8a3a-5c5921ab609d	SDE II, Homepage & NavX	US, WA, Seattle	Seattle	WA	USA	September 4, 2026		Software Development	consumer_engagement	label=no-team-listed		not_identified	basic_qualifications	none	machine_learning,distributed_systems,embedded_systems	https://www.amazon.jobs/en/jobs/10530575/sde-ii-homepage-navx	28bdeefd27fc609db7ea04ea0475f7669fc58105a2398048773df60a0fbc0b6c
2026-09-16T15:57:53Z	10530577	a38d21cf-81da-405c-88ce-c666ce40ae97	Software Development Engineer II, Amazon MSK	US, CA, Santa Monica	Santa Monica	CA	USA	September 4, 2026		Software Development	aws	label=team-sde-primary		not_identified	preferred_only	none	cloud_infrastructure,graphics_media,application_backend	https://www.amazon.jobs/en/jobs/10530577/software-development-engineer-ii-amazon-msk	239c871ae8e727d1c3ec17ee4013297b9d1058b5eac5cbe2125c62bb50aaa78a
2026-09-16T15:57:53Z	10530587	f28328e8-e5f2-497e-aa36-b8d3a0798797	Software Development Engineer, AWS Infra Supply Chain Automation, AWS Infra Supply Chain Automation	US, WA, Seattle	Seattle	WA	USA	September 5, 2026		Software Development	aws	label=team-sde-primary		not_identified	basic_qualifications	none	distributed_systems,cloud_infrastructure,networking,database_search,security_identity,embedded_systems	https://www.amazon.jobs/en/jobs/10530587/software-development-engineer-aws-infra-supply-chain-automation-aws-infra-supply-chain-automation	83b61f12fe3fdf85ccbb03a056835b7dfe27ed13e4794754310f7e12b723580d
2026-09-16T15:57:53Z	10530588	30ad8312-3342-4a27-b063-14c8688869e8	Software Development Engineer II, AWS Supply Chain, AWS, Infra Supply Chain Automation	US, WA, Seattle	Seattle	WA	USA	September 5, 2026		Software Development	aws	label=team-sde-primary		not_identified	basic_qualifications	none	distributed_systems,cloud_infrastructure,embedded_systems	https://www.amazon.jobs/en/jobs/10530588/software-development-engineer-ii-aws-supply-chain-aws-infra-supply-chain-automation	2ef5d2446a1f180f7f66213b07d3687fc0c0678e797d7f042c83ad49ec5b459a
2026-09-16T15:57:53Z	10530589	96846477-f839-4828-a277-440b21271fa0	Software Development Engineer, AWS Infra Supply Chain Automation - Backbone planning	US, WA, Seattle	Seattle	WA	USA	September 5, 2026		Software Development	aws	label=team-sde-primary		not_identified	basic_qualifications	none	distributed_systems,cloud_infrastructure,networking,database_search,security_identity,embedded_systems,application_backend	https://www.amazon.jobs/en/jobs/10530589/software-development-engineer-aws-infra-supply-chain-automation-backbone-planning	d587e681b34e6ecbe2cad634998d334f5d42adcf5e558468ba4f4f143ac38cdd
2026-09-16T15:57:53Z	10530594	79a88cb2-f125-47bc-9fb5-0f6eaa4059ab	Software Development Engineer II , Amazon Cross Border Tech	IN, KA, Bengaluru	Bengaluru	KA	IND	September 7, 2026		Software Development	no-business-category	label=no-team-listed		not_identified	preferred_only	none	database_search,application_backend	https://www.amazon.jobs/en/jobs/10530594/software-development-engineer-ii-amazon-cross-border-tech	bf68701f25962d8a49500751c56a5610053355212a1ec0abcdc89e0348e1dd3a
2026-09-16T15:57:53Z	10530595	e394c09f-7909-4a4e-a4b5-8a71be01ed0f	Software Development Engineer II , Amazon Cross Border Tech	IN, KA, Bengaluru	Bengaluru	KA	IND	September 5, 2026		Software Development	global-corporate	label=no-team-listed		not_identified	preferred_only	none	database_search,application_backend	https://www.amazon.jobs/en/jobs/10530595/software-development-engineer-ii-amazon-cross-border-tech	8dcc4d573ad2b3663536bb1c7b03c607d5d78d46a6bd0d9803a7fcb4a94f470b
2026-09-16T15:57:53Z	10530713	12a68657-b0a5-4d8b-b991-c2e5761626c8	SDE-II, Supply Chain	US, WA, Bellevue	Bellevue	WA	USA	September 5, 2026		Software Development	operations	label=team-supply-chain-optimization		not_identified	basic_qualifications	none	machine_learning,distributed_systems,networking,embedded_systems	https://www.amazon.jobs/en/jobs/10530713/sde-ii-supply-chain	473777eec0b7ceaf7000a924a513365b077dc7e46de909517d30788f012952e9
2026-09-16T15:57:53Z	10530717	e2f082e9-56d4-441d-91ff-27cfaf7da8da	Software Dev Engineer II, Paragon Workbench	IN, KA, Bengaluru	Bengaluru	KA	IND	September 5, 2026		Software Development	selling-partner-services	label=no-team-listed		not_identified	preferred_only	none	machine_learning,distributed_systems,frontend_mobile,application_backend	https://www.amazon.jobs/en/jobs/10530717/software-dev-engineer-ii-paragon-workbench	56e32b20d88ecc3ffc6ef567d5eb2d7893a338f9303f81855dd6084db7a4ea65
2026-09-16T15:57:53Z	10530718	5d15c8ec-14d8-42b2-9dd0-f460a7693e1e	Software Dev Engineer, Paragon	IN, KA, Bengaluru	Bengaluru	KA	IND	September 5, 2026		Software Development	selling-partner-services	label=no-team-listed		not_identified	preferred_only	none	distributed_systems,database_search	https://www.amazon.jobs/en/jobs/10530718/software-dev-engineer-paragon	c1b57a27a1f1f5ac04991e7b220dfca2164379b121b1639ae6370a3a640691ab
2026-09-16T15:57:53Z	10530720	44703c8e-d8da-42f9-8bb9-d8a6575bc64a	SDE - II, Search Product Grouping And Discovery Team	US, WA, Seattle	Seattle	WA	USA	September 5, 2026		Software Development	retail	label=team-search-experience		not_identified	preferred_only	none	distributed_systems,database_search,embedded_systems,graphics_media,application_backend,operations_observability	https://www.amazon.jobs/en/jobs/10530720/sde-ii-search-product-grouping-and-discovery-team	f2a8e57be74aa7983e40864fb033c00d898bc8a897d5f9c98e7b7a4221fe4f40
2026-09-16T15:57:53Z	10530741	19d42bb4-870c-42fa-a073-7f05fc003375	Software Development Engineer, Shopping Personalization AI, Amazon Stores	IL, Tel Aviv	Tel Aviv		ISR	September 6, 2026		Software Development	retail	label=team-search-experience		not_identified	basic_qualifications	none	machine_learning,graphics_media,operations_observability	https://www.amazon.jobs/en/jobs/10530741/software-development-engineer-shopping-personalization-ai-amazon-stores	014c9296b760d61c426bd85ed192adf4927600e3ec5ae94c09eb7937ac10b6f8
2026-09-16T15:57:53Z	10530753	b20b150e-ac7c-4388-a361-ec9773a693b7	Software Development Engineer	IN, KA, Bengaluru	Bengaluru	KA	IND	September 6, 2026		Software Development	selling-partner-services	label=no-team-listed		not_identified	preferred_only	none	distributed_systems,cloud_infrastructure,networking	https://www.amazon.jobs/en/jobs/10530753/software-development-engineer	54240fcd021b8ac16d8db423d9b7acb1bf4c8a10ca64bab7b9def52b034b0468
2026-09-16T15:57:53Z	10530754	ed585b94-5f6a-4225-971d-2a3332cf91f0	Software Development Engineer	IN, KA, Bengaluru	Bengaluru	KA	IND	September 6, 2026		Software Development	selling-partner-services	label=no-team-listed		not_identified	preferred_only	none	distributed_systems,cloud_infrastructure,networking	https://www.amazon.jobs/en/jobs/10530754/software-development-engineer	0f10dd93d7e7369265544dabf1acb297416bc3100f18df1f605dfac5cbc0b734
2026-09-16T15:57:53Z	10530757	8590937d-cd91-46cf-9c7f-eb2843eb8009	Principal Software Engineer, Fulfillment by Amazon - IOS	IN, KA, Bengaluru	Bengaluru	KA	IND	September 6, 2026		Software Development	kindlecontent	label=team-no-team-listed		not_identified	not_stated	none	networking,frontend_mobile	https://www.amazon.jobs/en/jobs/10530757/principal-software-engineer-fulfillment-by-amazon-ios	294bc0f95f7f5bd2bd14058d2e7fbfa241eaa53235548346cf92c4372f427ab2
2026-09-16T15:57:53Z	10530852	45ba46f5-67e8-4de6-bca9-d056518e6d45	Software Development Engineer, International Emerging Stores Sub-same Day	US, WA, Bellevue	Bellevue	WA	USA	September 7, 2026		Software Development	retail	label=team-us-amazon-prime		not_identified	basic_qualifications	none	distributed_systems,database_search,embedded_systems,operations_observability	https://www.amazon.jobs/en/jobs/10530852/software-development-engineer-international-emerging-stores-sub-same-day	5ef15511c44adb80a36618066dc2fe4da3ab1f57018fcc7ff33656f0e4d8b86c
2026-09-16T15:57:53Z	10530854	fba8fa4b-f055-4047-a1d2-f47bba880dca	Sr. Software Engineer- AI/ML, AWS Neuron	US, WA, Seattle	Seattle	WA	USA	September 7, 2026		Software Development	aws	label=team-no-matching-primary-label-listed		not_identified	basic_qualifications	mention_only	compiler_mention,machine_learning,distributed_systems,cloud_infrastructure,graphics_media	https://www.amazon.jobs/en/jobs/10530854/sr-software-engineer-ai-ml-aws-neuron	9e2f3f98b371b532c72c1153cccb15636c50fb58cbbd84e2ea63dc10b50edf0d
2026-09-16T15:57:53Z	10530932	6a844514-909b-4a1e-95d3-b9a22dd66b46	Software Development Engineer II, FinTech	IN, TS, Hyderabad	Hyderabad	TS	IND	September 7, 2026		Software Development	finance	label=team-fintech		not_identified	not_stated	none	distributed_systems,cloud_infrastructure,security_identity	https://www.amazon.jobs/en/jobs/10530932/software-development-engineer-ii-fintech	db7bebe881377cb042cbf637dcf6f973591f6a4a95dbd0e6f47bee44cefd3f8d
2026-09-16T15:57:53Z	10530940	4c06211b-5a47-4adc-b32f-7768fbd494dc	Software Development Engineer I, Amazon Payments	IN, TS, Hyderabad	Hyderabad	TS	IND	September 7, 2026		Software Development	no-business-category	label=no-team-listed		not_identified	preferred_only	none	machine_learning	https://www.amazon.jobs/en/jobs/10530940/software-development-engineer-i-amazon-payments	a2fa96e10ff33e13b7fc8dbdbd1febfdeb68c9220f5bae7aa16a2bb671493c04
2026-09-16T15:57:53Z	10531028	ddfe6155-bd5f-4b4e-8107-f4bb0d9376e6	SDE-II, Supply Chain	US, WA, Bellevue	Bellevue	WA	USA	September 7, 2026		Software Development	operations	label=team-supply-chain-optimization		not_identified	basic_qualifications	none	machine_learning,distributed_systems,networking,embedded_systems	https://www.amazon.jobs/en/jobs/10531028/sde-ii-supply-chain	c60601e073827d7c843143bff5b5f9e3eed9c394a517bc7437b8a362737d769b
2026-09-16T15:57:53Z	10531125	a42ccadf-e343-4788-bf30-996e3ea79893	Software Development Engineer II, EU INTech - Prime and Marketing Tech	ES, M, Madrid	Madrid	M	ESP	September 7, 2026		Software Development	no-business-category	label=no-team-listed		not_identified	preferred_only	none	machine_learning,distributed_systems,cloud_infrastructure,security_identity,application_backend	https://www.amazon.jobs/en/jobs/10531125/software-development-engineer-ii-eu-intech-prime-and-marketing-tech	a9abc4f69b9ac2fe615b60819249eff75a5b21c8299efe8691c586137bb3e15d
2026-09-16T15:57:53Z	10531401	f56a0159-8a69-492a-95bf-f450c658414d	Software Dev Engineer - Big Data Processing, S3 - Data and Analytics	DE, BE, Berlin	Berlin	BE	DEU	September 8, 2026		Software Development	studentprograms	label=team-jobs-for-grads		not_identified	basic_qualifications	none	distributed_systems,cloud_infrastructure,database_search,security_identity,frontend_mobile,application_backend,operations_observability	https://www.amazon.jobs/en/jobs/10531401/software-dev-engineer-big-data-processing-s3-data-and-analytics	91a9e23085692df759e367879a452876226d59ef62bf91a40d602e46aa71fac7
2026-09-16T15:57:53Z	10531567	4c3d0f61-2727-4dda-819e-c5c73bfa9702	Software Dev Engineer I, L4 FTC, IESP Merchant Tech	IN, KA, Bengaluru	Bengaluru	KA	IND	September 8, 2026		Software Development	no-business-category	label=no-team-listed		not_identified	basic_qualifications	none	cloud_infrastructure	https://www.amazon.jobs/en/jobs/10531567/software-dev-engineer-i-l4-ftc-iesp-merchant-tech	137ad833974ac36d69d63895079d5edb10ade20da8c459f22aa0f1be0f7f3b3e
2026-09-16T15:57:53Z	10531674	c448fa30-dd16-4514-991c-f0a35b6fb5f7	Sr SDE - AFX, AFX	US, WA, Seattle	Seattle	WA	USA	September 8, 2026		Software Development	aws	label=team-sales-primary		not_identified	preferred_only	none	machine_learning,cloud_infrastructure,database_search,application_backend,operations_observability	https://www.amazon.jobs/en/jobs/10531674/sr-sde-afx-afx	0cfcf1484a07939b196acd2315b87030da93ad2cb84c0cedd5fb8d7a25684347
2026-09-16T15:57:53Z	10531789	d80969da-a717-44e6-a963-06583a96184f	Software Development Engineer II, TFS	IN, KA, Bengaluru	Bengaluru	KA	IND	September 8, 2026		Software Development	ats	label=team-middle-mile-tech		not_identified	preferred_only	none	machine_learning,cloud_infrastructure,networking	https://www.amazon.jobs/en/jobs/10531789/software-development-engineer-ii-tfs	fbda064dcccb937a36c91f460dcc0e1c3b931a8ab3e0c95a875bc13c4844312b
2026-09-16T15:57:53Z	10531826	027ecf22-9f78-4be9-823b-ca948b833016	Software Development Engineer II, AWS WorkSpaces, AWS WorkSpaces Control Plane Backend	US, WA, Seattle	Seattle	WA	USA	September 8, 2026		Software Development	aws	label=team-sde-primary		not_identified	preferred_only	none	distributed_systems,cloud_infrastructure,security_identity,application_backend	https://www.amazon.jobs/en/jobs/10531826/software-development-engineer-ii-aws-workspaces-aws-workspaces-control-plane-backend	952047befb0814c9cc6b8dea87c11b525e74e13e5cb8dd518cf8d0c799510dff
2026-09-16T15:57:53Z	10531867	f868eb38-8881-42d9-900f-1dee0d5a35ca	Software Development Engineer, Amazon GameLift Streams	US, WA, Seattle	Seattle	WA	USA	September 8, 2026		Software Development	aws	label=team-sde-primary		not_identified	basic_qualifications	none	cloud_infrastructure,security_identity,frontend_mobile,graphics_media,application_backend	https://www.amazon.jobs/en/jobs/10531867/software-development-engineer-amazon-gamelift-streams	2a383b8062ffbc3b9337670f6a57f276658cf4bda8b928e1a3b30fdccf43b33c
2026-09-16T15:57:53Z	10531914	c3bb2d12-37e0-4b45-a84d-71a6cebdc91d	Software Dev Engineer, AWS Sustainability Tech	CA, BC, Vancouver	Vancouver	BC	CAN	September 8, 2026		Software Development	aws	label=team-sde-primary		not_identified	preferred_only	none	distributed_systems,cloud_infrastructure,networking,database_search,security_identity	https://www.amazon.jobs/en/jobs/10531914/software-dev-engineer-aws-sustainability-tech	9bc3322858a341503c2580bb967096ca0c536d65ac8688437e924e33fe7843a7
2026-09-16T15:57:53Z	10532089	db64eba2-ec8d-4d53-a347-de255e3111d2	Software Development Engineer , Leo Commerce, Leo Commerce	US, WA, Redmond	Redmond	WA	USA	September 8, 2026		Software Development	alexa-and-amazon-devices	label=team-project-kuiper		not_identified	basic_qualifications	none	distributed_systems,cloud_infrastructure,embedded_systems,operations_observability	https://www.amazon.jobs/en/jobs/10532089/software-development-engineer-leo-commerce-leo-commerce	74b4023b10ff222947dd77ed35767f1a295375bb4ca3195ffbd6ddae71628990
2026-09-16T15:57:53Z	10532091	7194fa25-2e7a-49fc-8bae-bc6d93791b90	Software Development Engineer , Leo Commerce, Leo Commerce	US, WA, Redmond	Redmond	WA	USA	September 8, 2026		Software Development	alexa-and-amazon-devices	label=team-project-kuiper		not_identified	basic_qualifications	none	distributed_systems,cloud_infrastructure,embedded_systems,operations_observability	https://www.amazon.jobs/en/jobs/10532091/software-development-engineer-leo-commerce-leo-commerce	f653774ee98ce248c263f8eb723c18c247a6a9372d9574997df0fc0cc5abca14
2026-09-16T15:57:53Z	10532170	e976eccc-c114-4e77-a6b1-afc3df894b28	Software Development Engineer II, AWS Catalog	US, CA, East Palo Alto	East Palo Alto	CA	USA	September 8, 2026		Software Development	aws	label=team-sde-primary		not_identified	basic_qualifications	none	distributed_systems,cloud_infrastructure,networking,database_search,embedded_systems,application_backend	https://www.amazon.jobs/en/jobs/10532170/software-development-engineer-ii-aws-catalog	8da305f63f927ed6b3ae7be8e7086b1d5869ea27a6e36146ef4825fc842f8da4
2026-09-16T15:57:53Z	10532182	acb6d843-d78a-4455-8753-ccbe0e18760f	Senior Software Development Engineer, AWS Infrastructure Supply Chain Automation	US, WA, Seattle	Seattle	WA	USA	September 8, 2026		Software Development	aws	label=team-sde-primary		not_identified	basic_qualifications	none	machine_learning,cloud_infrastructure,networking,database_search,security_identity,application_backend	https://www.amazon.jobs/en/jobs/10532182/senior-software-development-engineer-aws-infrastructure-supply-chain-automation	d94a44dbe93a7f4f42783b973245c2cc910670e6fe25a5831f76918c4e5c95a9
2026-09-16T15:57:53Z	10532230	78e6ee8d-ffa3-4921-a7e8-b8df47651981	Software Development Engineer, Tax Engine	CA, BC, Vancouver	Vancouver	BC	CAN	September 8, 2026		Software Development	ecp	label=team-tax-systems		not_identified	preferred_only	none	distributed_systems,cloud_infrastructure	https://www.amazon.jobs/en/jobs/10532230/software-development-engineer-tax-engine	0fc38234ea13249636ac24948b82f4887117d69bd572700ca891de742d89c489
2026-09-16T15:57:53Z	10532279	70c6f1ed-1308-452e-b8f5-4adef60f70b9	Software Development Engineer II	IN, KA, Bengaluru	Bengaluru	KA	IND	September 8, 2026		Software Development	selling-partner-services	label=no-team-listed		not_identified	preferred_only	none	distributed_systems,cloud_infrastructure,networking	https://www.amazon.jobs/en/jobs/10532279/software-development-engineer-ii	9b9d9093f5632f6041db21aebbea8cca69abdc0f45b5b454a2d9792730a64ff9
2026-09-16T15:57:53Z	10532287	4194620a-c439-4244-9809-a5c8ba0aebcc	Sr Software Development Engineer, Aurora Serverless Control Plane	US, WA, Seattle	Seattle	WA	USA	September 8, 2026		Software Development	aws	label=team-sde-primary		not_identified	preferred_only	none	distributed_systems,cloud_infrastructure,database_search,application_backend	https://www.amazon.jobs/en/jobs/10532287/sr-software-development-engineer-aurora-serverless-control-plane	79379924684da90c7b815b61a041f5e9470eee2f3d03d90ada970eab95337c8c
2026-09-16T15:57:53Z	10532301	3fab455a-99f8-48b6-bfd9-98427fcf792e	Software Dev Engineer II, Amazon Leo	US, WA, Redmond	Redmond	WA	USA	September 8, 2026		Software Development	alexa-and-amazon-devices	label=team-project-kuiper		not_identified	basic_qualifications	none	distributed_systems,cloud_infrastructure,networking,embedded_systems,operations_observability	https://www.amazon.jobs/en/jobs/10532301/software-dev-engineer-ii-amazon-leo	40117f11249e42021eb6bb46284cf0ba3ff244bcf5cdc9107e861e4e861a804b
2026-09-16T15:57:53Z	10532316	6e958e37-7489-4e0b-a4fb-53eaa4acdea0	Software Dev Engineer, Amazon Connect	US, WA, Seattle	Seattle	WA	USA	September 8, 2026		Software Development	aws	label=team-sde-primary		not_identified	preferred_only	none	machine_learning,cloud_infrastructure,database_search,application_backend	https://www.amazon.jobs/en/jobs/10532316/software-dev-engineer-amazon-connect	f7c025e95d88864b5fdbcb9cbcea1eb332fe6260f704f8498abc8fac25f4afee
2026-09-16T15:57:53Z	10532360	32232991-f80a-459d-a55e-4f697f9ede49	Software Development Engineer, PostX - APEX	US, CA, Mountain View	Mountain View	CA	USA	September 8, 2026		Software Development	advertising	label=team-amazon-ads		not_identified	basic_qualifications	none	distributed_systems,embedded_systems,graphics_media,operations_observability	https://www.amazon.jobs/en/jobs/10532360/software-development-engineer-postx-apex	ed1654140245877d1796e4a321e2b8037ebcc242a05f1b2d4c3769ac350bc608
2026-09-16T15:57:53Z	10532554	2ef89ea7-bea2-45d4-8111-ac64e34d237e	Software Development Engineer, CreativeX	US, NY, New York	New York	NY	USA	September 8, 2026		Software Development	advertising	label=team-amazon-ads		not_identified	basic_qualifications	none	distributed_systems,embedded_systems,frontend_mobile,application_backend	https://www.amazon.jobs/en/jobs/10532554/software-development-engineer-creativex	085c240d568dfe7d4da07199edfafacf2a3149d5dd58153e19f84fb9aa20553f
2026-09-16T15:57:53Z	10532574	5f05e136-545f-44e5-9cb7-fca2726e3663	Software Development Engineer, Personalization, Amazon Personalization	US, WA, Seattle	Seattle	WA	USA	September 8, 2026		Software Development	consumer_engagement	label=team-personalization		not_identified	preferred_only	none	machine_learning,cloud_infrastructure,database_search,operations_observability	https://www.amazon.jobs/en/jobs/10532574/software-development-engineer-personalization-amazon-personalization	fbbf57fff6424cdeb8ad3c6bbeb7543c651708d829b6cef77ba191e402be1149
2026-09-16T15:57:53Z	10532576	d9a4918f-9812-4e0f-b77d-37d429715727	Software Development Engineer, Personalization, Amazon Personalization	US, WA, Seattle	Seattle	WA	USA	September 8, 2026		Software Development	consumer_engagement	label=team-personalization		not_identified	preferred_only	none	machine_learning,cloud_infrastructure,database_search,operations_observability	https://www.amazon.jobs/en/jobs/10532576/software-development-engineer-personalization-amazon-personalization	8aeb1d6ed12f5af6e18e298981e08020c49f7e451450d10910ee814bba3d36ee
2026-09-16T15:57:53Z	10532581	d4007d20-4bc5-4b7a-a6ad-28ea96d7c336	Senior Robotics SDE, Safe Autonomy, Compass	US, CA, Pasadena	Pasadena	CA	USA	September 8, 2026		Software Development	subsidiaries	label=team-amazon-robotics		not_identified	preferred_only	none	embedded_systems,application_backend	https://www.amazon.jobs/en/jobs/10532581/senior-robotics-sde-safe-autonomy-compass	8583c4255b627529f555f5568f2f737207acd2d05bc53c3948e73abfd6820c8e
2026-09-16T15:57:53Z	10532746	f4392db4-dd85-458d-be97-2f0f8bda3f55	Software Development Engineer, Data Platform & Analytics - ART19	US, CA, San Francisco	San Francisco	CA	USA	September 8, 2026		Software Development	advertising	label=team-amazon-ads		not_identified	not_stated	none	cloud_infrastructure,networking,application_backend,operations_observability	https://www.amazon.jobs/en/jobs/10532746/software-development-engineer-data-platform-analytics-art19	732dab5f146803f21e68b88fc2ead1595aa0d671bf3f9976f995089b6f6f5023
2026-09-16T15:57:53Z	10532801	844b11cf-6ce9-4214-b0d6-6410d24449cf	Software Dev Engineer II, AWS Applied AI Solutions	US, WA, Seattle	Seattle	WA	USA	September 8, 2026		Software Development	aws	label=team-sde-primary		not_identified	preferred_only	none	distributed_systems,cloud_infrastructure,security_identity,embedded_systems,application_backend,operations_observability	https://www.amazon.jobs/en/jobs/10532801/software-dev-engineer-ii-aws-applied-ai-solutions	3a60db78f87d42c2af381249ce8f6108cc0d6cb82b450ddadf84c25f0320046d
2026-09-16T15:57:53Z	10532819	a55357f4-c767-4a88-baa7-1432166026a0	Software Development Engineer, AWS Contract Onboarding	US, NY, New York	New York	NY	USA	September 8, 2026		Software Development	aws	label=team-sde-primary		not_identified	basic_qualifications	none	machine_learning,distributed_systems,cloud_infrastructure,database_search,embedded_systems,frontend_mobile	https://www.amazon.jobs/en/jobs/10532819/software-development-engineer-aws-contract-onboarding	f1c55910478ecc9585fa535558646d808f0cb03af1382726a3b4af73e842a3ae
2026-09-16T15:57:53Z	10533184	0056ff0e-46df-49cc-81a0-0ca9f99de474	Robotics SDE, Safe Autonomy, Compass	US, CA, Pasadena	Pasadena	CA	USA	September 8, 2026		Software Development	subsidiaries	label=team-amazon-robotics		not_identified	preferred_only	none	embedded_systems,application_backend	https://www.amazon.jobs/en/jobs/10533184/robotics-sde-safe-autonomy-compass	85f27d6844f2e15b2fa784e0ca34a8ee83b6c2712db24582edae9842656d8ffb
2026-09-16T15:57:53Z	10533196	68f7eb69-1739-4644-b5d8-cfa28f0cb035	Software Development Engineer II, Ads AI Core Infra	AU, VIC, Melbourne	Melbourne	VIC	AUS	September 8, 2026		Software Development	advertising	label=team-amazon-ads		not_identified	preferred_only	none	distributed_systems,cloud_infrastructure,security_identity,application_backend	https://www.amazon.jobs/en/jobs/10533196/software-development-engineer-ii-ads-ai-core-infra	73254267964cb6f942906c574ab68571e7e8f39886752af473a845574b8cfc3f
2026-09-16T15:57:53Z	10533390	a5ef19fd-9303-40ba-93a9-106f2bc7a04c	Software Development Engineer, AWS OpenSearch	US, TX, Austin	Austin	TX	USA	September 8, 2026		Software Development	aws	label=team-sde-primary		not_identified	preferred_only	none	machine_learning,distributed_systems,cloud_infrastructure,database_search,security_identity,application_backend,operations_observability	https://www.amazon.jobs/en/jobs/10533390/software-development-engineer-aws-opensearch	5cda8a88b2c7455b5fe90979f7f8383379d66ec5cd91c6786ffe91650ea5364f
2026-09-16T15:57:53Z	10533654	895cf63c-0bd5-4df1-be6f-546a2c3fb98a	Software Development Engineer, S3 Buckets	US, WA, Seattle	Seattle	WA	USA	September 9, 2026		Software Development	aws	label=team-sde-primary		not_identified	basic_qualifications	none	distributed_systems,cloud_infrastructure,database_search,security_identity,graphics_media,application_backend,operations_observability	https://www.amazon.jobs/en/jobs/10533654/software-development-engineer-s3-buckets	f0d6b431551b43d854c35ec1e4e47df5ae6ac8cd9b8bdfa51b0a66eae3a4fc36
2026-09-16T15:57:53Z	10533656	676dec72-4019-4bc4-91bd-5cee288ca0f1	Software Development Engineer, AWS Vulnerability Management (AVM)	US, TX, Austin	Austin	TX	USA	September 9, 2026		Software Development	amazon-security	label=team-aws-security		not_identified	not_stated	none	machine_learning,cloud_infrastructure,security_identity,application_backend	https://www.amazon.jobs/en/jobs/10533656/software-development-engineer-aws-vulnerability-management-avm	2815c939162c7c4681adfc4589a87ad96729e3918aa6ea3888efb26a921f8491
2026-09-16T15:57:53Z	10533696	eec0d582-3f62-4282-acd1-3860484e5a03	Software Development Engineer	IN, TS, Hyderabad	Hyderabad	TS	IND	September 9, 2026		Software Development	amazon-business	label=no-team-listed		not_identified	preferred_only	none	application_backend	https://www.amazon.jobs/en/jobs/10533696/software-development-engineer	5e07f93dc8e70af58cff826f4ac0d839499d5bae60931030a8280e5648fd57ee
2026-09-16T15:57:53Z	10533778	4aa3682b-92f7-4b6a-a644-8aa96af46fe2	Software Development Engineer II	IN, KA, Bengaluru	Bengaluru	KA	IND	September 9, 2026		Software Development	selling-partner-services	label=no-team-listed		not_identified	preferred_only	none	distributed_systems,database_search,application_backend	https://www.amazon.jobs/en/jobs/10533778/software-development-engineer-ii	f9cfe47d0dcc47ddec26c240a71d21f2bf8bd563d44e6a6ad0e453207153febb
2026-09-16T15:57:53Z	10533780	fa1d1e23-13f6-4b3a-9370-740222539f33	Software Development Engineer II	IN, KA, Bengaluru	Bengaluru	KA	IND	September 9, 2026		Software Development	selling-partner-services	label=no-team-listed		not_identified	preferred_only	none	distributed_systems,database_search,application_backend	https://www.amazon.jobs/en/jobs/10533780/software-development-engineer-ii	ba2deed3ba9edafe65d2a6af6f573a5a05c730e6651e6a298204fae71a26577e
2026-09-16T15:57:53Z	10533782	b1a7d437-d80b-4bc6-81b4-9d4704cc2e58	Software Dev Engineer-II, Infra Supply Chain Automation	IN, KA, Bengaluru	Bengaluru	KA	IND	September 9, 2026		Software Development	aws	label=team-sde-primary		not_identified	preferred_only	none	cloud_infrastructure,networking,database_search,security_identity,application_backend	https://www.amazon.jobs/en/jobs/10533782/software-dev-engineer-ii-infra-supply-chain-automation	6116d308072530f65eefccb67f3932a1caae27e28beb14a7c76f6eb60b48284e
2026-09-16T15:57:53Z	10533784	c05ef523-2b89-4ed3-9f5e-c0ebccf5b5bb	Senior Software Dev Engineer, SCOT-FO, Shipment Optimization (ATROPS)	US, WA, Bellevue	Bellevue	WA	USA	September 9, 2026		Software Development	operations	label=team-supply-chain-optimization		not_identified	preferred_only	none	distributed_systems,networking,application_backend	https://www.amazon.jobs/en/jobs/10533784/senior-software-dev-engineer-scot-fo-shipment-optimization-atrops	bacab22822b503472cfa93fe195a2dd09e01b53d1a762fad23988999b413a97d
2026-09-16T15:57:53Z	10533899	9c15b107-9369-4767-90b4-30f31273ff6c	Software Engineer in Test , Graviton Team	IL, Tel Aviv	Tel Aviv		ISR	September 9, 2026		Software Development	aws	label=team-sde-primary		not_identified	not_stated	none	cloud_infrastructure,embedded_systems	https://www.amazon.jobs/en/jobs/10533899/software-engineer-in-test-graviton-team	096452e17d76eb8b5d90eb3732b3fa93be0358c01e44b2fea14efb436dc56504
2026-09-16T15:57:53Z	10534007	f8ddf9dc-4076-4644-b883-e84a6813ff29	Software Engineer - Linux kernel, EFA	IL, Haifa	Haifa		ISR	September 9, 2026		Software Development	aws	label=team-sde-primary		not_identified	basic_qualifications	none	machine_learning,cloud_infrastructure,networking,embedded_systems,graphics_media,operations_observability	https://www.amazon.jobs/en/jobs/10534007/software-engineer-linux-kernel-efa	6dec129d37967448c40088efc1a7b421f8d3157016a164cb366f615b79563b6f
2026-09-16T15:57:53Z	10534042	e83cf88d-b84e-4bbf-b7c8-842924f8785a	Software Development Engineer, Amazon Security Platform Engineering	US, CA, San Luis Obispo	San Luis Obispo	CA	USA	September 9, 2026		Software Development	amazon-security	label=no-team-list		not_identified	preferred_only	none	distributed_systems,cloud_infrastructure,security_identity	https://www.amazon.jobs/en/jobs/10534042/software-development-engineer-amazon-security-platform-engineering	eff9cbeb82806bc96a3a98711bea67be44ed29295dd3bf409b23f12e411fee44
2026-09-16T15:57:53Z	10534234	daeba40e-c9a5-4612-a68c-342e3963e7fd	Software Development Engineer II, Omnichannel Metrics (OCM) - Measurement, Ad Tech, and Data Science (MADS)	CA, ON, Toronto	Toronto	ON	CAN	September 9, 2026		Software Development	advertising	label=team-ad-serving-and-measurement		not_identified	preferred_only	none	machine_learning,distributed_systems,cloud_infrastructure,database_search,security_identity,graphics_media,operations_observability	https://www.amazon.jobs/en/jobs/10534234/software-development-engineer-ii-omnichannel-metrics-ocm-measurement-ad-tech-and-data-science-mads	53658fe19b1ae1d8414740e51992049909ce01c010538d29f937620ade3254ed
2026-09-16T15:57:53Z	10534235	aeb49c5b-8bc7-49db-b9ca-1d04430df7e2	Software Development Engineer II, Omnichannel Metrics (OCM) - Measurement, Ad Tech, and Data Science (MADS)	CA, ON, Toronto	Toronto	ON	CAN	September 9, 2026		Software Development	advertising	label=team-ad-serving-and-measurement		not_identified	preferred_only	none	machine_learning,distributed_systems,cloud_infrastructure,database_search,security_identity,graphics_media,operations_observability	https://www.amazon.jobs/en/jobs/10534235/software-development-engineer-ii-omnichannel-metrics-ocm-measurement-ad-tech-and-data-science-mads	bb50614b675729c431e32304920087b6ee0ef9f768012f78de3a90ad4b169fc7
2026-09-16T15:57:53Z	10534326	29863997-eae1-430f-8068-161ff0206f00	Software Development Engineer II, ECS Developer Platforms	US, NJ, Jersey City	Jersey City	NJ	USA	September 9, 2026		Software Development	aws	label=team-sde-primary		not_identified	basic_qualifications	none	distributed_systems,cloud_infrastructure,networking,embedded_systems,frontend_mobile,application_backend	https://www.amazon.jobs/en/jobs/10534326/software-development-engineer-ii-ecs-developer-platforms	840fff93a86c995ba78c59412ae9d2ad15b3b43f43094ac065bea889ab5148e1
2026-09-16T15:57:53Z	10534383	2411c395-b9a1-4ea8-9f82-f5177228a061	Software Engineer, Internet Edge Services	AU, NSW, Sydney	Sydney	NSW	AUS	September 9, 2026		Software Development	aws	label=team-sde-primary		not_identified	preferred_only	none	cloud_infrastructure,networking,database_search,security_identity,graphics_media,application_backend	https://www.amazon.jobs/en/jobs/10534383/software-engineer-internet-edge-services	65af35b359846eddb2aa2a3fc97e4aa4d3bf8bdef9ea268464bef6998cade4b1
2026-09-16T15:57:53Z	10534417	fe4f342e-c119-4ac1-8a2a-8838fc4321da	Software Development Engineer, Everyday Essentials Experiences	IN, KA, Bengaluru	Bengaluru	KA	IND	September 9, 2026		Software Development	no-business-category	label=no-team-listed		not_identified	basic_qualifications	none	database_search,operations_observability	https://www.amazon.jobs/en/jobs/10534417/software-development-engineer-everyday-essentials-experiences	eb84e4b15788e67cd79619467f2f4d72c9601c5dea861be9da636593d313dc4d
2026-09-16T15:57:53Z	10534447	153191c6-057a-4174-bd38-702d74d8168d	Software Development Engineer, Alexa Audio, Alexa Audio	IN, TN, Chennai	Chennai	TN	IND	September 9, 2026		Software Development	alexa-and-amazon-devices	label=devices-and-services-teams		not_identified	preferred_only	none	machine_learning,cloud_infrastructure,graphics_media,application_backend	https://www.amazon.jobs/en/jobs/10534447/software-development-engineer-alexa-audio-alexa-audio	ff6b756948029f8324e5d1d2b7f6272b0c18503d105ee4aceddca8b47a08bf6a
2026-09-16T15:57:53Z	10534451	ff668318-4a71-4b6d-b75f-90a9e30b23b2	Software Dev Engineer II, ECS - Experience	US, NJ, Jersey City	Jersey City	NJ	USA	September 9, 2026		Software Development	aws	label=team-sde-primary		not_identified	basic_qualifications	none	distributed_systems,cloud_infrastructure,embedded_systems,application_backend,operations_observability	https://www.amazon.jobs/en/jobs/10534451/software-dev-engineer-ii-ecs-experience	31736a545cd03d75a719971b2ed89d61e293c1a1c495beb45979af74a2df6e7e
2026-09-16T15:57:53Z	10534469	74faf33d-67b2-484b-954a-8ea12f471166	Software Engineer II, Athena Engine Front End	US, NY, New York	New York	NY	USA	September 9, 2026		Software Development	aws	label=team-aws-cloud-management		not_identified	basic_qualifications	none	distributed_systems,cloud_infrastructure,networking,database_search,embedded_systems,frontend_mobile,application_backend	https://www.amazon.jobs/en/jobs/10534469/software-engineer-ii-athena-engine-front-end	c9dd59254e009d8b1d9828f4c1020dd108133b9258ba898f4f05b186cf3e93d4
2026-09-16T15:57:53Z	10534560	af430099-7b0d-4105-9f44-96c33ab247d5	Software Dev Engineer, AWS CX - Cloudscape	US, CA, East Palo Alto	East Palo Alto	CA	USA	September 9, 2026		Software Development	aws	label=team-sde-primary		not_identified	basic_qualifications	none	machine_learning,distributed_systems,cloud_infrastructure,security_identity,embedded_systems,frontend_mobile,application_backend	https://www.amazon.jobs/en/jobs/10534560/software-dev-engineer-aws-cx-cloudscape	72caa44aca0428c0680a724b45ddb6e6a8b9ecfbfbedac8618fc9fff280dc0b0
2026-09-16T15:57:53Z	10534561	1bb48e09-8f2e-4e83-846a-d46eaf560775	Sr. Software Dev Engineer, AWS CX - Cloudscape	US, CA, East Palo Alto	East Palo Alto	CA	USA	September 9, 2026		Software Development	aws	label=team-sde-primary		not_identified	preferred_only	none	machine_learning,cloud_infrastructure,security_identity	https://www.amazon.jobs/en/jobs/10534561/sr-software-dev-engineer-aws-cx-cloudscape	7ead6914c5b2a29ce3b3bc228a724c2a88ef932427b8fd16873d0a4cca5f4ad0
2026-09-16T15:57:53Z	10534632	6b248d05-a331-4603-a514-50b492534b1a	Software Development Engineer, AWS CloudWatch OpenTelemetry	US, WA, Seattle	Seattle	WA	USA	September 9, 2026		Software Development	aws	label=team-sde-primary		not_identified	not_stated	none	distributed_systems,cloud_infrastructure,database_search,operations_observability	https://www.amazon.jobs/en/jobs/10534632/software-development-engineer-aws-cloudwatch-opentelemetry	50f9b773d3cfbad294dc0ebfb416d3eebf31729cfea50dcf478faa49e35b8e05
2026-09-16T15:57:53Z	10534633	5bd913e5-b1d6-4ccd-bfeb-8614ed371280	Software Development Engineer, AWS CloudWatch OpenTelemetry	US, WA, Seattle	Seattle	WA	USA	September 9, 2026		Software Development	aws	label=team-sde-primary		not_identified	not_stated	none	distributed_systems,cloud_infrastructure,networking,database_search,operations_observability	https://www.amazon.jobs/en/jobs/10534633/software-development-engineer-aws-cloudwatch-opentelemetry	0e7207be7f64c63baa398b32589f257edc9dbc768fd32b144f896a8e6ab9db10
2026-09-16T15:57:53Z	10534634	c9a77efb-496f-4791-b2f1-323ed764a4f5	Software Dev Engineer, Nw Monitoring & Remediation	US, WA, Seattle	Seattle	WA	USA	September 9, 2026		Software Development	aws	label=team-sde-primary		not_identified	basic_qualifications	none	distributed_systems,cloud_infrastructure,networking,database_search,security_identity,embedded_systems,graphics_media,operations_observability	https://www.amazon.jobs/en/jobs/10534634/software-dev-engineer-nw-monitoring-remediation	00c41ac01638c0ada534a75841ac83822b37a6dab59759af28919266fbf2adba
2026-09-16T15:57:53Z	10534656	db2ede04-b161-41d4-b573-7cd90e0e4a8e	Software Development Engineer II, Fulfillment by Amazon (FBA)	IN, KA, Bengaluru	Bengaluru	KA	IND	September 9, 2026		Software Development	selling-partner-services	label=no-team-listed		not_identified	basic_qualifications	none	distributed_systems,cloud_infrastructure,networking,application_backend	https://www.amazon.jobs/en/jobs/10534656/software-development-engineer-ii-fulfillment-by-amazon-fba	ca1ce58aa2bac3fa4c2fd8e8c31e57cde06bac75941fbb378aa6d0cceec9e6e4
2026-09-16T15:57:53Z	10534657	a056921a-0ca2-424e-9692-6de6ed77e533	Software Development Engineer , Amazon Leo , Amazon Leo Commerce	US, WA, Redmond	Redmond	WA	USA	September 9, 2026		Software Development	alexa-and-amazon-devices	label=team-project-kuiper		not_identified	basic_qualifications	none	machine_learning,distributed_systems,cloud_infrastructure,networking,security_identity,embedded_systems,frontend_mobile,graphics_media,application_backend	https://www.amazon.jobs/en/jobs/10534657/software-development-engineer-amazon-leo-amazon-leo-commerce	4168e4c9d481a13df7fb4455ee09ee290af1d66064e99f5db33f829446e74c94
2026-09-16T15:57:53Z	10534666	0873fbd9-daaa-4687-bf92-34ca82e2d092	Software Development Engineer	IN, KA, Bengaluru	Bengaluru	KA	IND	September 9, 2026		Software Development	selling-partner-services	label=no-team-listed		not_identified	preferred_only	none	distributed_systems,cloud_infrastructure,networking	https://www.amazon.jobs/en/jobs/10534666/software-development-engineer	780385ba298ddb242698e5076de662e576bdc684516abd13571dd2e986df0332
2026-09-16T15:57:53Z	10534684	4ee70003-e98c-47e0-a2b8-15cb46f2c754	Software Development Engineer, FBA Supply Chain Intelligence, Inventory Authority Platform	US, WA, Bellevue	Bellevue	WA	USA	September 9, 2026		Software Development	selling-partner-services	label=no-team-listed		not_identified	basic_qualifications	none	distributed_systems,cloud_infrastructure,networking,security_identity,embedded_systems,graphics_media,operations_observability	https://www.amazon.jobs/en/jobs/10534684/software-development-engineer-fba-supply-chain-intelligence-inventory-authority-platform	d132832c983da760a797a98fa9b9f094682f06412e317fabbd28e5d43ddf4623
2026-09-16T15:57:53Z	10534694	a14e9530-74fa-49bd-9a42-d93f11cd0588	Software Dev Engineer, Supply Chain Security, AWS Hardware Supply Chain Security	US, TX, Austin	Austin	TX	USA	September 9, 2026		Software Development	amazon-security	label=team-aws-security		not_identified	basic_qualifications	none	distributed_systems,cloud_infrastructure,security_identity,embedded_systems	https://www.amazon.jobs/en/jobs/10534694/software-dev-engineer-supply-chain-security-aws-hardware-supply-chain-security	b8825dd3fb743530c55fa17d56b08ea0c8e35a0c4d4d3d2af5e58fef3d2cd04e
2026-09-16T15:57:53Z	10534921	f27389b5-88f0-40d2-8bf7-664b0c0b3e94	Software Development Engineer, AmazonAPI Infrastructure	US, WA, Seattle	Seattle	WA	USA	September 9, 2026		Software Development	ecp	label=builder-works		not_identified	preferred_only	none	cloud_infrastructure,frontend_mobile,application_backend	https://www.amazon.jobs/en/jobs/10534921/software-development-engineer-amazonapi-infrastructure	1097fa902727fbac14d9d00fb763a2fd29f0cf2b444f8666d6c0c5ef805649a5
2026-09-16T15:57:53Z	10534922	3a9ecdae-e831-4f2c-a793-23966d527c8d	Software Dev Engineer II, Amazon Financials Foundation Services (AFFS)	US, WA, Seattle	Seattle	WA	USA	September 9, 2026		Software Development	ecp	label=team-ecfi3		not_identified	preferred_only	none	machine_learning,distributed_systems,cloud_infrastructure	https://www.amazon.jobs/en/jobs/10534922/software-dev-engineer-ii-amazon-financials-foundation-services-affs	8a2486483cfa99ad34b6c2c1d9cf0ac80081d88774a76e52356576ecc4337675
2026-09-16T15:57:53Z	10534986	7290c4b7-ae89-4ab9-a061-5ebc008d2eaf	Senior Software Development Engineer, EC2 Nitro	US, CA, Santa Clara	Santa Clara	CA	USA	September 9, 2026		Software Development	aws	label=team-sde-primary		not_identified	preferred_only	none	cloud_infrastructure,database_search,security_identity,embedded_systems	https://www.amazon.jobs/en/jobs/10534986/senior-software-development-engineer-ec2-nitro	ed6f5559b0db2f9f66e2f9b4e19b5eb44a30af2c3f683a19f20dbc80cbc25a0e
2026-09-16T15:57:53Z	10534987	b07cdd29-7513-43fa-a6db-090732d198ff	Software Development Engineer, EC2 Nitro, EC2 Local Instance Store	US, CA, Santa Clara	Santa Clara	CA	USA	September 9, 2026		Software Development	aws	label=team-sde-primary		not_identified	basic_qualifications	none	distributed_systems,cloud_infrastructure,networking,database_search,security_identity,embedded_systems	https://www.amazon.jobs/en/jobs/10534987/software-development-engineer-ec2-nitro-ec2-local-instance-store	a7e62921f972c99a3b61360dd6aaa604139aacdc8b5a193f605ab77602c804d2
2026-09-16T15:57:53Z	10534988	f8b3cb96-b915-430d-8c13-24d4a5c90375	SDE II EC2 Nitro, EC2 Nitro	US, CA, Santa Clara	Santa Clara	CA	USA	September 9, 2026		Software Development	aws	label=team-sde-primary		not_identified	basic_qualifications	none	cloud_infrastructure,database_search,security_identity,embedded_systems	https://www.amazon.jobs/en/jobs/10534988/sde-ii-ec2-nitro-ec2-nitro	01927222087a2fa128c2b74948af16fafdbc695a06575eae111a7e1e04c17047
2026-09-16T15:57:53Z	10534989	554fa642-fb28-418f-af1b-e5ed88f06d32	Senior Software Development Engineer, EC2 Nitro	US, CA, Santa Clara	Santa Clara	CA	USA	September 9, 2026		Software Development	aws	label=team-sde-primary		not_identified	preferred_only	none	cloud_infrastructure,database_search,security_identity,embedded_systems	https://www.amazon.jobs/en/jobs/10534989/senior-software-development-engineer-ec2-nitro	dbe1686c8c431f8c9088de5ef4b4de6caef0185433a915ee0886dc1decccfe12
2026-09-16T15:57:53Z	10534994	99b1ca22-032f-4cd8-bfee-8e5b62bc46ce	SDE 2, Amazon S3, Amazon S3	US, WA, Seattle	Seattle	WA	USA	September 9, 2026		Software Development	aws	label=team-sde-primary		not_identified	basic_qualifications	none	distributed_systems,cloud_infrastructure,database_search,embedded_systems,application_backend,operations_observability	https://www.amazon.jobs/en/jobs/10534994/sde-2-amazon-s3-amazon-s3	de5025137bcb4a51610d962c09f59405592094204299b2e63b595e382902dfa6
2026-09-16T15:57:53Z	10535019	3009a992-bbb6-46f2-a872-fb5b59249e4a	Software Development Engineer -Control Plane, AWS Scalable Intent Driven Routing (SIDR)	US, CA, Santa Clara	Santa Clara	CA	USA	September 9, 2026		Software Development	aws	label=team-sde-primary		not_identified	basic_qualifications	none	distributed_systems,cloud_infrastructure,networking,embedded_systems,application_backend	https://www.amazon.jobs/en/jobs/10535019/software-development-engineer-control-plane-aws-scalable-intent-driven-routing-sidr	8b89867765034cf29286ee67111cac7e8fc43ec7f6e2898a0c421f3b7ebb1fcc
2026-09-16T15:57:53Z	10535087	d999c8cc-3fbf-4575-8798-80f3acfa2089	SDE, Neuron Inference, Neuron Inference	US, WA, Seattle	Seattle	WA	USA	September 9, 2026		Software Development	aws	label=team-no-matching-primary-label-listed		not_identified	basic_qualifications	mention_only	compiler_mention,machine_learning,distributed_systems,cloud_infrastructure,embedded_systems	https://www.amazon.jobs/en/jobs/10535087/sde-neuron-inference-neuron-inference	42022858035b9f9f3bb099b284a37210fa63a22362acd56e45901edfd0b90776
2026-09-16T15:57:53Z	10535229	94a7d37c-94ea-4702-a6e0-df8b3649593f	Software Development Engineer, People eXperience and Technology (PXT)	US, WA, Bellevue	Bellevue	WA	USA	September 9, 2026		Software Development	pxt	label=team-aet		not_identified	preferred_only	none	machine_learning,cloud_infrastructure	https://www.amazon.jobs/en/jobs/10535229/software-development-engineer-people-experience-and-technology-pxt	522fae0bb314b9a10f0705a86ff0a4a53cc9c5f0dec64563dcae851fc7a659dc
2026-09-16T15:57:53Z	10535234	8bf53a38-0aeb-448c-94e5-3ce797342ec8	Software Development Engineer, iOS	US, MA, Cambridge	Cambridge	MA	USA	September 9, 2026		Software Development	subsidiaries	label=team-global-audible		not_identified	basic_qualifications	none	frontend_mobile,application_backend	https://www.amazon.jobs/en/jobs/10535234/software-development-engineer-ios	46cc98595848c96366bc3c84120a860e15e262d9f3890d9a0c72b06c4dcfa839
2026-09-16T15:57:53Z	10535237	a6e6c523-3f7e-418f-b163-89ce2c26abe1	Senior Software Development Engineer, Audible Fintech	US, NJ, Newark	Newark	NJ	USA	September 9, 2026		Software Development	subsidiaries	label=team-global-audible		not_identified	basic_qualifications	none	distributed_systems,cloud_infrastructure,database_search,frontend_mobile	https://www.amazon.jobs/en/jobs/10535237/senior-software-development-engineer-audible-fintech	02dcb502ee0a64ba565286579191ce9554aed0ade98a58307a5866d5b26e2f71
2026-09-16T15:57:53Z	10535280	000ca9c4-ad04-4790-b0fa-ffc7d79992d3	Software Development Engineer Intern, ROBOTICS - 2027	CA, ON, Toronto	Toronto	ON	CAN	September 9, 2026		Software Development	subsidiaries	label=team-amazon-robotics		not_identified	basic_qualifications	none	machine_learning,distributed_systems,cloud_infrastructure,networking,database_search,frontend_mobile,graphics_media,application_backend,operations_observability	https://www.amazon.jobs/en/jobs/10535280/software-development-engineer-intern-robotics-2027	c1840ca1692bdec7944635a95dc7fc9416a14f708608a979de6795028f8d80fa
2026-09-16T15:57:53Z	10535302	92607ee0-a84a-4e37-907f-085cc0fb91c0	Software Development Engineer, Frontier Amazon Dedicated Cloud (ADC)	US, CO, Denver	Denver	CO	USA	September 9, 2026		Software Development	aws	label=team-government-cloud		not_identified	basic_qualifications	none	machine_learning,distributed_systems,cloud_infrastructure,networking,database_search,security_identity,application_backend	https://www.amazon.jobs/en/jobs/10535302/software-development-engineer-frontier-amazon-dedicated-cloud-adc	2fd61e3e6b0e5368ddcce481b58cafe0fcc56b3a717ac58a83c8e4c9b134e0f5
2026-09-16T15:57:53Z	10535311	9a3fd9ce-3ef4-4b97-8173-4ce6f91b9791	Embedded Software Engineer, Amazon Leo Optical Inter-Satellite Link	US, CA, Northridge	Northridge	CA	USA	September 9, 2026		Software Development	alexa-and-amazon-devices	label=team-project-kuiper		not_identified	basic_qualifications	none	distributed_systems,cloud_infrastructure,networking,embedded_systems	https://www.amazon.jobs/en/jobs/10535311/embedded-software-engineer-amazon-leo-optical-inter-satellite-link	2273bbef9e845ac80eb4ac59013eeaf88c3bc16e3535edc42e8162a50ccaa68c
2026-09-16T15:57:53Z	10535504	cf5d308b-bf7e-423b-a9fa-760a6c3c9844	Software Development Engineer, AWS Security Communications	US, VA, Herndon	Herndon	VA	USA	September 9, 2026		Software Development	amazon-security	label=team-aws-security		not_identified	preferred_only	none	machine_learning,distributed_systems,cloud_infrastructure,security_identity,embedded_systems,operations_observability	https://www.amazon.jobs/en/jobs/10535504/software-development-engineer-aws-security-communications	d9be28a50e77374d0e6f9c6a3ea61dfb043ce4dc678ab142351560c4ef084a41
2026-09-16T15:57:53Z	10535519	db1b806f-d396-45a8-9c56-bf0c1423be4c	Software Dev Engineer II, Infrastructure Supply Chain Automation	US, WA, Seattle	Seattle	WA	USA	September 9, 2026		Software Development	aws	label=team-sde-primary		not_identified	not_stated	none	distributed_systems,cloud_infrastructure,networking,database_search,security_identity,application_backend	https://www.amazon.jobs/en/jobs/10535519/software-dev-engineer-ii-infrastructure-supply-chain-automation	6d5d359afee75decc2e65da6c8583a7349e0afe125505cae75f5c0ffe4c07e25
2026-09-16T15:57:53Z	10535540	1c383e85-67d8-48e6-bd44-dca2cb3371be	Software Development Engineer, S3 Nexus	CA, BC, Vancouver	Vancouver	BC	CAN	September 9, 2026		Software Development	aws	label=team-sde-primary		not_identified	preferred_only	none	distributed_systems,cloud_infrastructure,networking,database_search,security_identity,graphics_media,operations_observability	https://www.amazon.jobs/en/jobs/10535540/software-development-engineer-s3-nexus	8016f87459048b341ac4d73957984ac7d9d1e101db3c5f375a05b7f60497cf92
2026-09-16T15:57:53Z	10535559	6e37c281-cfa1-4248-9ec1-96602ae33802	Software Development Engineer - AWS OpenSearch, OpenSearch Dashboards	US, WA, Bellevue	Bellevue	WA	USA	September 9, 2026		Software Development	aws	label=team-sde-primary		not_identified	basic_qualifications	none	distributed_systems,cloud_infrastructure,database_search,security_identity,embedded_systems,application_backend,operations_observability	https://www.amazon.jobs/en/jobs/10535559/software-development-engineer-aws-opensearch-opensearch-dashboards	2737c809720b560fff1c3d644cb6e6a8c5ebd0f09c2df4a5a6c263662f662a79
2026-09-16T15:57:53Z	10535575	d0614f1c-89af-4a59-a743-090afd9b2c9b	Sr Software Development Engineer, AWS Vulnerability Management	US, TX, Austin	Austin	TX	USA	September 9, 2026		Software Development	amazon-security	label=team-aws-security		not_identified	preferred_only	none	cloud_infrastructure,security_identity	https://www.amazon.jobs/en/jobs/10535575/sr-software-development-engineer-aws-vulnerability-management	937888f545892b4755905c458962623fc63972fc6f4bcfcfbb64667c6bc80da8
2026-09-16T15:57:53Z	10535590	820aedef-25bb-437f-bf70-3df192b041e2	Senior Software Development Engineer, Amazon Quick	US, WA, Seattle	Seattle	WA	USA	September 10, 2026		Software Development	aws	label=team-sde-primary		not_identified	preferred_only	none	machine_learning,security_identity	https://www.amazon.jobs/en/jobs/10535590/senior-software-development-engineer-amazon-quick	c5ebb82bab781b15bd04b3bfec8f87d50a07fe33149651d2379338ba54609af2
2026-09-16T15:57:53Z	10535659	54631daa-fed6-4765-aa46-1daacc252446	Software Development Engineer II, Advertiser Growth Engine	CA, ON, Toronto	Toronto	ON	CAN	September 10, 2026		Software Development	advertising	label=team-amazon-ads		not_identified	preferred_only	none	machine_learning,distributed_systems,networking	https://www.amazon.jobs/en/jobs/10535659/software-development-engineer-ii-advertiser-growth-engine	2a926098cb6ddace2414efbdb83d1ee1bbb07f6e91915b3f1dfa742c9eb416d7
2026-09-16T15:57:53Z	10535686	e22240a8-2533-40e0-ba36-dc2e820e5dc1	Software Dev Engineer II, Alexa Shopping	US, WA, Seattle	Seattle	WA	USA	September 10, 2026		Software Development	retail	label=team-search-experience		not_identified	preferred_only	none	machine_learning,networking,database_search	https://www.amazon.jobs/en/jobs/10535686/software-dev-engineer-ii-alexa-shopping	29b303f4036c96c4f181d9de0d7b906be7fefbf24a4c750b3f0443fa162d0edc
2026-09-16T15:57:53Z	10535706	5688b83f-c83b-4ebe-bc64-da62e9151815	Software Development Engineer II, Post Silicon Validation	US, TX, Austin	Austin	TX	USA	September 10, 2026		Software Development	aws	label=team-aws-cloud-management		not_identified	preferred_only	none	machine_learning,cloud_infrastructure,networking,embedded_systems,graphics_media	https://www.amazon.jobs/en/jobs/10535706/software-development-engineer-ii-post-silicon-validation	e83338c8a2b20a621f7b022c0fa44bd06549c8daa06e02064fc09b54597c76b7
2026-09-16T15:57:53Z	10535774	5a852285-e31a-4811-930f-3df3746b24ec	Software Dev Engineer 2	IN, KA, Bengaluru	Bengaluru	KA	IND	September 10, 2026		Software Development	international-stores	label=team-amazon-payments		not_identified	basic_qualifications	none	distributed_systems,database_search,security_identity,frontend_mobile,application_backend	https://www.amazon.jobs/en/jobs/10535774/software-dev-engineer-2	7840d5d1db5743a176c1112a695ac73d6c05a5c934b10f17ff44a2d09a338500
2026-09-16T15:57:53Z	10535796	900a2b70-271d-429a-bfdc-e13473e63e9d	Embedded Software Engineer, SRD Annapurna Labs	IL, Haifa	Haifa		ISR	September 10, 2026		Software Development	aws	label=team-sde-primary		not_identified	basic_qualifications	none	cloud_infrastructure,networking,database_search,security_identity,embedded_systems,application_backend	https://www.amazon.jobs/en/jobs/10535796/embedded-software-engineer-srd-annapurna-labs	3bf1f2dc16c7e5b6022210bbe1a543e9a685dadfea979e8ef4a0f5ec8870487c
2026-09-16T15:57:53Z	10535856	f78bdc9a-062b-41c2-9b67-4d73cd7a88ff	Software Development Engineer II , Amazon Cross Border Tech	IN, KA, Bengaluru	Bengaluru	KA	IND	September 10, 2026		Software Development	global-corporate	label=no-team-listed		not_identified	preferred_only	none	database_search,application_backend	https://www.amazon.jobs/en/jobs/10535856/software-development-engineer-ii-amazon-cross-border-tech	78c10e72ba5d56aaf1c9a66002df5af487ab6e01fb5137a9a07af2125ac0b53d
2026-09-16T15:57:53Z	10535938	61ccf839-1421-4ded-a829-aec67ba9472c	Sr. Software Development Engineer, Unified Content Processing Platform	RO, Iasi	Iasi		ROU	September 10, 2026		Software Development	selling-partner-services	label=team-selling-partner-risk		not_identified	basic_qualifications	none	machine_learning,distributed_systems,cloud_infrastructure,security_identity	https://www.amazon.jobs/en/jobs/10535938/sr-software-development-engineer-unified-content-processing-platform	50c138de0b31f2eee473524034b92d5d8c4d30601d55895fc785d845c651d707
2026-09-16T15:57:53Z	10536015	67938499-d7d2-4473-a06b-1ee085d7bddd	Senior Software Engineer - AI/ML, AWS Neuron Inference	US, WA, Seattle	Seattle	WA	USA	September 10, 2026		Software Development	aws	label=team-no-matching-primary-label-listed		not_identified	preferred_only	mention_only	compiler_mention,machine_learning,cloud_infrastructure	https://www.amazon.jobs/en/jobs/10536015/senior-software-engineer-ai-ml-aws-neuron-inference	6c31deb5a5573fafbc4039953cf1e414117d9c147015b079af6afc3cfa2436d8
2026-09-16T15:57:53Z	10536169	862779ee-a27b-4fba-8b3c-233d6e2afa84	Software Development Engineer II, AWS Activate	US, WA, Seattle	Seattle	WA	USA	September 10, 2026		Software Development	aws	label=team-sde-primary		not_identified	basic_qualifications	none	machine_learning,cloud_infrastructure	https://www.amazon.jobs/en/jobs/10536169/software-development-engineer-ii-aws-activate	6d28221bbe31f48ffee816ff409d0cd093fb153a06096c6000e3458daf479df4
2026-09-16T15:57:53Z	10536204	40331d19-a9ee-46e4-87f6-5b05a97d5c0c	Software Development Engineer - II, Emerging Planning Solutions Tools	US, WA, Seattle	Seattle	WA	USA	September 10, 2026		Software Development	aws	label=team-sales-primary		not_identified	basic_qualifications	none	distributed_systems,cloud_infrastructure,embedded_systems,application_backend	https://www.amazon.jobs/en/jobs/10536204/software-development-engineer-ii-emerging-planning-solutions-tools	950cd17f20a597530ac3dcc34efffe6667f33a1856114a202efb2a32e0787f14
2026-09-16T15:57:53Z	10536212	26f088df-7a5b-4471-8cc8-98ac4e210852	SDE III, AWS Field Experience	US, WA, Seattle	Seattle	WA	USA	September 10, 2026		Software Development	aws	label=team-sales-primary		not_identified	preferred_only	none	distributed_systems,cloud_infrastructure,database_search,security_identity,frontend_mobile,application_backend,operations_observability	https://www.amazon.jobs/en/jobs/10536212/sde-iii-aws-field-experience	7cd13ab6df0700fea059e00578573052530a0e16fbde2181a1497c9e91b8c91f
2026-09-16T15:57:53Z	10536353	db3c3aa7-bf6f-4f64-8cd9-96f93dd5bd8a	Sr. Software Development Engineer, RBS Tech	IN, KA, Bengaluru	Bengaluru	KA	IND	September 10, 2026		Software Development	amazon-business	label=no-team-listed		not_identified	basic_qualifications	none	machine_learning,distributed_systems,cloud_infrastructure	https://www.amazon.jobs/en/jobs/10536353/sr-software-development-engineer-rbs-tech	8ea5c61db49e31ce73da6331d416a42d5c3c8ef2c90da2a163029958606b4430
2026-09-16T15:57:53Z	10536359	98e8bf4b-513e-4f93-8a5a-d8cce9ecfc54	Software Development Engineer , Amazon Leo , Amazon Leo Commerce	US, WA, Redmond	Redmond	WA	USA	September 10, 2026		Software Development	alexa-and-amazon-devices	label=team-project-kuiper		not_identified	basic_qualifications	none	machine_learning,distributed_systems,cloud_infrastructure,networking,embedded_systems,graphics_media,application_backend	https://www.amazon.jobs/en/jobs/10536359/software-development-engineer-amazon-leo-amazon-leo-commerce	9f684d2ad4c20e9acf9d978e5657fe6054e736bb7a6773e291e0c1e2f74b4689
2026-09-16T15:57:53Z	10536365	d1b8dea7-d26c-4771-b255-1176bd3e8753	Sr. Software Development Engineer, Measurement, Ad Tech, and Data Science (MADS)	US, CO, Boulder	Boulder	CO	USA	September 10, 2026		Software Development	advertising	label=team-ad-serving-and-measurement		not_identified	preferred_only	none	machine_learning,cloud_infrastructure,database_search	https://www.amazon.jobs/en/jobs/10536365/sr-software-development-engineer-measurement-ad-tech-and-data-science-mads	5d590fb7c34ccd1e2f51eda58cd4804f9f3d3686495124cb0017ec51d3a92e26
2026-09-16T15:57:53Z	10536429	fdb41bed-d832-47f7-8f1d-f9256a53fe85	Software Dev Engineer II, Luna	US, CA, Irvine	Irvine	CA	USA	September 10, 2026		Software Development	alexa-and-amazon-devices	label=team-luna		not_identified	preferred_only	none	cloud_infrastructure,graphics_media	https://www.amazon.jobs/en/jobs/10536429/software-dev-engineer-ii-luna	46ec52943c446dcbf258a9b2f7865d066f786c447b6bd43bb74d26fce7a8de4f
2026-09-16T15:57:53Z	10536442	7f1c764e-d78b-4013-b2ea-c362188283a2	Software Development Engineer, Software Automation Team	US, WA, Seattle	Seattle	WA	USA	September 10, 2026		Software Development	aws	label=team-sde-primary		not_identified	preferred_only	none	cloud_infrastructure,networking,database_search,security_identity,application_backend	https://www.amazon.jobs/en/jobs/10536442/software-development-engineer-software-automation-team	24a51486cde11edb32a7796820dfa2d68f6d65bb6a95d5b7a86af2baf012ad78
2026-09-16T15:57:53Z	10536479	856a391d-c897-4172-b20e-7ea12217b5dd	Software Development Engineer, AWS	US, MN, Minneapolis	Minneapolis	MN	USA	September 10, 2026		Software Development	aws	label=team-sde-primary		not_identified	basic_qualifications	none	distributed_systems,cloud_infrastructure,networking,database_search,security_identity,embedded_systems,application_backend,operations_observability	https://www.amazon.jobs/en/jobs/10536479/software-development-engineer-aws	3c7a4922761714ac244858400a4be8ce74fa0fa84cf189f69cc9029e6ee6b94e
2026-09-16T15:57:53Z	10536489	dcd72c26-b4fa-4537-ab8d-df3a44264110	Software Development Engineer - Gen AI, Connect (AI Agent)	US, NY, New York	New York	NY	USA	September 10, 2026		Software Development	aws	label=team-sde-primary		not_identified	basic_qualifications	none	machine_learning,distributed_systems,cloud_infrastructure,embedded_systems,application_backend	https://www.amazon.jobs/en/jobs/10536489/software-development-engineer-gen-ai-connect-ai-agent	fb58330c9476ec7cc89c6c2dcc471c82644dc17461ab3614ba473a8a537ef812
2026-09-16T15:57:53Z	10536497	263a7dd9-708e-4191-bf8d-c05f42fbcb44	Software Development Engineer , Leo Commerce, Leo Commerce	US, WA, Redmond	Redmond	WA	USA	September 10, 2026		Software Development	alexa-and-amazon-devices	label=team-project-kuiper		not_identified	basic_qualifications	none	distributed_systems,cloud_infrastructure,embedded_systems,operations_observability	https://www.amazon.jobs/en/jobs/10536497/software-development-engineer-leo-commerce-leo-commerce	fde906aef63cd43a47bdd40f9ef888967bc57c6933246c8e3146e590b25ebef5
2026-09-16T15:57:53Z	10536501	e0be54ac-3d7c-4029-99ad-0e9342dc2ee5	Software Development Engineer, Quick Governance Platform	US, NY, New York	New York	NY	USA	September 10, 2026		Software Development	aws	label=team-sde-primary		not_identified	basic_qualifications	none	machine_learning,distributed_systems,cloud_infrastructure,security_identity,embedded_systems,application_backend,operations_observability	https://www.amazon.jobs/en/jobs/10536501/software-development-engineer-quick-governance-platform	007771843e4f5bd3c68e426b567d7ff62354361163fc9c9bc31152494a7d2394
2026-09-16T15:57:53Z	10536688	83804546-fb74-41fc-9030-6655bf344733	Software Dev Engineer II, Amazon Catalog	US, WA, Seattle	Seattle	WA	USA	September 10, 2026		Software Development	ecp	label=team-ascs		not_identified	preferred_only	none	machine_learning,distributed_systems,security_identity	https://www.amazon.jobs/en/jobs/10536688/software-dev-engineer-ii-amazon-catalog	33c84999f891c678d2b6e0c44d2b33be6e5ebb36f3fe347957b4d6df0eac8c87
2026-09-16T15:57:53Z	10536736	519b5f06-5061-469b-86af-158d08d448fd	Software Development Engineer, IES SRDEX	US, WA, Bellevue	Bellevue	WA	USA	September 10, 2026		Software Development	operations	label=team-global-customer-fulfillment-services		not_identified	basic_qualifications	none	distributed_systems,cloud_infrastructure,networking,database_search,security_identity,embedded_systems	https://www.amazon.jobs/en/jobs/10536736/software-development-engineer-ies-srdex	f58482f9558e0a71dff61aa19e9c72bb9604e58ea429f2ae9c3a298b6a71f474
2026-09-16T15:57:53Z	10536757	28d30de1-487d-4f9f-97da-680ccc7b659c	Software Dev Engineer - AI Agents, IES LATech	BR, SP, Sao Paulo	Sao Paulo	SP	BRA	September 10, 2026		Software Development	retail	label=team-intech		not_identified	preferred_only	none	machine_learning	https://www.amazon.jobs/en/jobs/10536757/software-dev-engineer-ai-agents-ies-latech	eaf776a8a5da55e43465bc93d75984dee52071a66924eeceaeac0b13eed3c2b8
2026-09-16T15:57:53Z	10536758	e8ff9c8e-9f8d-4b9f-b6fc-585e122ee894	Software Dev Engineer - AI Agents, IES LATech	BR, SP, Sao Paulo	Sao Paulo	SP	BRA	September 10, 2026		Software Development	retail	label=team-intech		not_identified	preferred_only	none	machine_learning	https://www.amazon.jobs/en/jobs/10536758/software-dev-engineer-ai-agents-ies-latech	ab7f75186efd80947e9a8f2480acc49bf853e020f0e7f82e2bad6a380f4dee92
2026-09-16T15:57:53Z	10536792	68ada1ee-0bdd-4fef-9290-5d979f7f13aa	Software Engineer II, Elastic File System (EFS)	US, MA, Boston	Boston	MA	USA	September 10, 2026		Software Development	aws	label=team-sde-primary		not_identified	basic_qualifications	mention_only	compiler_mention,distributed_systems,cloud_infrastructure,networking,database_search,embedded_systems,application_backend,operations_observability	https://www.amazon.jobs/en/jobs/10536792/software-engineer-ii-elastic-file-system-efs	477b0c0bf0519f34c431b4312b3bde2b17e5e5c996bfd8e936f15d299c3b39a7
2026-09-16T15:57:53Z	10536809	b93787d4-0113-4b0d-99d5-0ac6e30e4d60	Software Development Engineer , Amazon Leo	US, WA, Redmond	Redmond	WA	USA	September 10, 2026		Software Development	alexa-and-amazon-devices	label=team-project-kuiper		not_identified	preferred_only	none	networking,security_identity	https://www.amazon.jobs/en/jobs/10536809/software-development-engineer-amazon-leo	60d7166b586029b24decb65af229772e0d4529c6872bf7b9743eb03231b9278a
2026-09-16T15:57:53Z	10536811	4d8f2d70-612c-4fcf-876c-81ac8333eb30	Software Development Engineer , Amazon Leo Commerce, Amazon Leo Commerce	US, WA, Redmond	Redmond	WA	USA	September 10, 2026		Software Development	alexa-and-amazon-devices	label=team-project-kuiper		not_identified	basic_qualifications	none	distributed_systems,networking,security_identity,embedded_systems	https://www.amazon.jobs/en/jobs/10536811/software-development-engineer-amazon-leo-commerce-amazon-leo-commerce	2867889a80142a79c54725d079401392e9f5d2821ef0415d25a056d29835af50
2026-09-16T15:57:53Z	10536812	bb0a423a-d116-4cbc-b055-83aac7104f78	Software Development Engineer II, Amazon Leo Commerce, Amazon Leo Commerce	US, WA, Redmond	Redmond	WA	USA	September 10, 2026		Software Development	alexa-and-amazon-devices	label=team-project-kuiper		not_identified	basic_qualifications	none	distributed_systems,networking,security_identity,embedded_systems	https://www.amazon.jobs/en/jobs/10536812/software-development-engineer-ii-amazon-leo-commerce-amazon-leo-commerce	052abc45dad428d4d1e1622114d7f48e68a964f378e5178bbefa25dc85d7692e
2026-09-16T15:57:53Z	10536815	75cbca23-b590-46e6-a88f-6d11040523b5	Software Development Engineer , Amazon Leo	US, WA, Redmond	Redmond	WA	USA	September 10, 2026		Software Development	alexa-and-amazon-devices	label=team-project-kuiper		not_identified	preferred_only	none	networking,security_identity	https://www.amazon.jobs/en/jobs/10536815/software-development-engineer-amazon-leo	d59981e415f0680fb5897692e35b0157097e6bbf1418dc0c42fd19709e041297
2026-09-16T15:57:53Z	10536816	87b569d2-2237-4a0d-8cb2-6257202df850	Software Development Engineer II, Recipient Experience, Recipient Experience	IN, TS, Hyderabad	Hyderabad	TS	IND	September 10, 2026		Software Development	transportation-and-logistics	label=team-last-mile-delivery		not_identified	preferred_only	none	distributed_systems,database_search,application_backend	https://www.amazon.jobs/en/jobs/10536816/software-development-engineer-ii-recipient-experience-recipient-experience	ecc965242495b8e09673211957a6aaeec138c82e940b36b0ae13c12ac312bc45
2026-09-16T15:57:53Z	10536837	240762fb-9152-4115-9296-7385d198e85b	Sr SDE - Embedded Platform, Amazon Leo	US, CA, Sunnyvale	Sunnyvale	CA	USA	September 10, 2026		Software Development	alexa-and-amazon-devices	label=team-project-kuiper		not_identified	preferred_only	none	networking,embedded_systems	https://www.amazon.jobs/en/jobs/10536837/sr-sde-embedded-platform-amazon-leo	b64d7d75c97c7200621e15fb5f3315bad7ac136bb3b11fcd1b534dc1b9328f73
2026-09-16T15:57:53Z	10536886	4103f86a-5eb7-4117-bb22-3b21d9d4338f	Sr Software Dev Engineer, S3 Request Processing, S3 - Simple Storage Service	US, VA, Arlington	Arlington	VA	USA	September 10, 2026		Software Development	aws	label=team-aws-cloud-management		not_identified	preferred_only	none	distributed_systems,cloud_infrastructure,database_search,security_identity,frontend_mobile,application_backend,operations_observability	https://www.amazon.jobs/en/jobs/10536886/sr-software-dev-engineer-s3-request-processing-s3-simple-storage-service	94d0928d26ab79027d11611b1c34349aaa237eacf424bcda5a5a4087a6b13f81
2026-09-16T15:57:53Z	10536911	305109e3-2f98-4583-8b9b-abc54cc164d4	Sr. Software Development Engineer, Leo Secure Communications Team	US, WA, Redmond	Redmond	WA	USA	September 10, 2026		Software Development	alexa-and-amazon-devices	label=team-project-kuiper		not_identified	preferred_only	none	embedded_systems	https://www.amazon.jobs/en/jobs/10536911/sr-software-development-engineer-leo-secure-communications-team	9eb3b0fdbfe2410c964193dcd9d33b88295eeaf6bfd2ed9211b26f2b67c6b1a8
2026-09-16T15:57:53Z	10536943	003b3e0e-6b38-4347-988d-00df76452c78	Software Development Engineer, AWS OpenSearch	US, TX, Austin	Austin	TX	USA	September 10, 2026		Software Development	aws	label=team-sde-primary		not_identified	preferred_only	none	machine_learning,distributed_systems,cloud_infrastructure,database_search,security_identity,application_backend,operations_observability	https://www.amazon.jobs/en/jobs/10536943/software-development-engineer-aws-opensearch	72e25b3f9b3bccefbfa21782a59c8c59e5c5e208f52be05b593d90ebb0adee0f
2026-09-16T15:57:53Z	10537026	e72c1293-74fe-4f8d-ac51-25bc02ccbf28	Software Development Engineer - Discovery Tech, DiscoTec (Discovery Technology & Science)	ES, M, Madrid	Madrid	M	ESP	September 11, 2026		Software Development	no-business-category	label=no-team-listed		not_identified	preferred_only	none	distributed_systems,database_search,security_identity	https://www.amazon.jobs/en/jobs/10537026/software-development-engineer-discovery-tech-discotec-discovery-technology-science	2ca2babce8ec31c576065a08f9b9d68a97cadb4282fc85a6f006951f111590a1
2026-09-16T15:57:53Z	10537085	ab865f26-9bdf-432b-95ff-17255d0c8d58	Software Development Engineer, Sponsored Products and Brands	US, CA, Palo Alto	Palo Alto	CA	USA	September 11, 2026		Software Development	advertising	label=team-amazon-ads		not_identified	preferred_only	none	machine_learning,distributed_systems,cloud_infrastructure,database_search,embedded_systems,application_backend,operations_observability	https://www.amazon.jobs/en/jobs/10537085/software-development-engineer-sponsored-products-and-brands	c51a1462c828a1a0c01a87b9887ce5ce908090d0191fc2af3b6af0eaf3851799
2026-09-16T15:57:53Z	10537170	5a737004-0bc1-47df-81f4-bd06d2b33273	Software Dev Engineer - Test, Ring & Blink Firmware	TW, TPE, Taipei	Taipei	TPE	TWN	September 11, 2026		Software Development	studentprograms	label=team-jobs-for-grads		not_identified	basic_qualifications	none	security_identity,embedded_systems	https://www.amazon.jobs/en/jobs/10537170/software-dev-engineer-test-ring-blink-firmware	e73024370e2f95d050d33f39dcd566e99dd8340bc9ba344012db948f7a248f05
2026-09-16T15:57:53Z	10537284	dc2b9fdb-9ead-402c-a478-928d6518a754	2026 Software Dev Engineer Intern - Spain	ES, M, Madrid	Madrid	M	ESP	September 11, 2026		Software Development	studentprograms	label=team-internships-for-students		not_identified	basic_qualifications	none	distributed_systems,cloud_infrastructure,networking,database_search,security_identity,application_backend,operations_observability	https://www.amazon.jobs/en/jobs/10537284/2026-software-dev-engineer-intern-spain	d4162b3fa774502f5c221a5b7793ecc462475a06f4a5692ac7b5b845f10ed500
2026-09-16T15:57:53Z	10537310	dc4450f5-17d5-4383-b3e0-8b883f681744	Software Development Engineer 2, Prime Video Personalization and Discovery	US, NY, New York	New York	NY	USA	September 11, 2026		Software Development	entertainment	label=team-primevideo		not_identified	basic_qualifications	none	distributed_systems,database_search,embedded_systems	https://www.amazon.jobs/en/jobs/10537310/software-development-engineer-2-prime-video-personalization-and-discovery	e57c2dce53bfa6b3500a53d4580426d8b69de744780b0dbd9a68189e71f520df
2026-09-16T15:57:53Z	10537393	d801fa46-e222-475d-aecd-299e85c424e1	Software Development Engineer, AI Studios Engineering	US, CA, Culver City	Culver City	CA	USA	September 11, 2026		Software Development	entertainment	label=team-primevideo		not_identified	basic_qualifications	none	distributed_systems,cloud_infrastructure,embedded_systems,application_backend,operations_observability	https://www.amazon.jobs/en/jobs/10537393/software-development-engineer-ai-studios-engineering	a9ef0a9397dd9464e2887f1e2f0cf1e95b90677612816f73b45743505bd2f238
2026-09-16T15:57:53Z	10537470	8ef9377f-bfbd-491b-8cb4-52c80869afd3	Software Dev Engineer Embedded Development	ES, M, Madrid	Madrid	M	ESP	September 11, 2026		Software Development	studentprograms	label=team-jobs-for-grads		not_identified	basic_qualifications	none	machine_learning,distributed_systems,cloud_infrastructure,database_search,security_identity,embedded_systems,graphics_media,application_backend,operations_observability	https://www.amazon.jobs/en/jobs/10537470/software-dev-engineer-embedded-development	b5d109e72e97a3e02584e8446587dec76523bd8ac5aa88b0fe6e308f75fb6b1f
2026-09-16T15:57:53Z	10537483	ba11b613-20e1-492c-bd05-c05e206b21f5	Software Development Engineer, Shield (Anti-DDoS)	IE, D, Dublin	Dublin	D	IRL	September 11, 2026		Software Development	aws	label=team-sde-primary		not_identified	preferred_only	none	distributed_systems,cloud_infrastructure,security_identity,application_backend,operations_observability	https://www.amazon.jobs/en/jobs/10537483/software-development-engineer-shield-anti-ddos	49fd44c482f6541d0b4018b0b9b7fd09b0956135cb94ff18f798b485fcdcea0b
2026-09-16T15:57:53Z	10537511	d39132ce-086d-4de6-9ce5-7e5bf95f0c2f	Software Development Engineer , Amazon Customer Service	US, WA, Seattle	Seattle	WA	USA	September 11, 2026		Software Development	customer-service	label=technology		not_identified	basic_qualifications	none	distributed_systems,cloud_infrastructure,database_search,application_backend	https://www.amazon.jobs/en/jobs/10537511/software-development-engineer-amazon-customer-service	3b1297aef3cb46b1e63d222fc8e20d5e6dbd618a35281581afeb5753b4af8aa5
2026-09-16T15:57:53Z	10537568	d8f7f50d-c02b-416a-a878-bcb9a4a8e529	SDE II - Financial Risk Mitigation, Payment Instrument Trust	US, WA, Seattle	Seattle	WA	USA	September 11, 2026		Software Development	selling-partner-services	label=no-team-listed		not_identified	preferred_only	none	security_identity	https://www.amazon.jobs/en/jobs/10537568/sde-ii-financial-risk-mitigation-payment-instrument-trust	bdb91ad2b06c2e5b5fe0bc7d5f04be96fb45a2d070d8c8018ab51570e5f7ac51
2026-09-16T15:57:53Z	10537578	262e31ca-92de-4973-b957-45568d619d32	Senior Software Dev Engineer , AWS Transform	FR, Bordeaux	Bordeaux		FRA	September 11, 2026		Software Development	aws	label=team-sde-primary		not_identified	basic_qualifications	none	machine_learning,cloud_infrastructure,database_search,security_identity,application_backend,operations_observability	https://www.amazon.jobs/en/jobs/10537578/senior-software-dev-engineer-aws-transform	01eb778bc187f80277703f140b1039771c80e1cc2181449e8d17fd879f2ec7e6
2026-09-16T15:57:53Z	10537579	b44a3b21-4a54-40a7-bf0d-1b404e90a127	Software Development Engineer, Neuron Explorer	CA, ON, Toronto	Toronto	ON	CAN	September 11, 2026		Software Development	aws	label=team-no-matching-primary-label-listed		not_identified	basic_qualifications	mention_only	compiler_mention,machine_learning,cloud_infrastructure,application_backend	https://www.amazon.jobs/en/jobs/10537579/software-development-engineer-neuron-explorer	bc741e29232c6451c7e9a6fea22fd2b30814df545bf24c4ea5bd1a35a6436f46
2026-09-16T15:57:53Z	10537769	de30d96b-7a49-4c44-b1b0-8e9a553d2d96	Software Development Engineer, FBA from Origin (FFO)	US, WA, Bellevue	Bellevue	WA	USA	September 11, 2026		Software Development	selling-partner-services	label=fulfillment-by-amazon		not_identified	basic_qualifications	none	machine_learning,distributed_systems,networking,security_identity,embedded_systems,graphics_media,operations_observability	https://www.amazon.jobs/en/jobs/10537769/software-development-engineer-fba-from-origin-ffo	70800eb6fe0bd498d1973258f5118f674bf67979b8ce045e0df96ad8a7863e54
2026-09-16T15:57:53Z	10537785	330a0eda-402a-409a-8675-78870d56f39e	Senior Software Development Engineer, Under the Roof Labor Planning, UTR	IN, KA, Bengaluru	Bengaluru	KA	IND	September 11, 2026		Software Development	no-business-category	label=no-team-listed		not_identified	basic_qualifications	none	machine_learning,networking,application_backend	https://www.amazon.jobs/en/jobs/10537785/senior-software-development-engineer-under-the-roof-labor-planning-utr	2eb2d26f59fdb8e88d4c7d0572bafc79a90fcc373cd617c543750bb33c33dfbc
2026-09-16T15:57:53Z	10537794	c337b53e-7feb-479b-8c01-121b45229ad0	Software Development Engineer, Sponsored Products and Brands	US, NY, New York	New York	NY	USA	September 11, 2026		Software Development	advertising	label=team-amazon-ads		not_identified	preferred_only	none	machine_learning,distributed_systems,cloud_infrastructure	https://www.amazon.jobs/en/jobs/10537794/software-development-engineer-sponsored-products-and-brands	28af2483f8d63f97f46ea0efd5406789ad58560eb48a041374d12e13a0a5fff3
2026-09-16T15:57:53Z	10537818	86646703-f341-41b6-94f2-db07dfc7d215	Software Development Engineer, Amazon Optics	US, NY, New York	New York	NY	USA	September 11, 2026		Software Development	amazon-security	label=team-aws-security		not_identified	basic_qualifications	none	machine_learning,distributed_systems,cloud_infrastructure,security_identity,embedded_systems,graphics_media,operations_observability	https://www.amazon.jobs/en/jobs/10537818/software-development-engineer-amazon-optics	259719741b14ee9db8bf8b4823a77222ced361644a5b19bc9b6e5648c8507c7c
2026-09-16T15:57:53Z	10537885	6d4cd174-c545-4d0f-ac92-e0e53d1e16be	Senior Software Development Engineer, Amazon Connect Customer - Connectors & Mobile	US, WA, Seattle	Seattle	WA	USA	September 11, 2026		Software Development	aws	label=team-sde-primary		not_identified	preferred_only	none	cloud_infrastructure,security_identity,application_backend	https://www.amazon.jobs/en/jobs/10537885/senior-software-development-engineer-amazon-connect-customer-connectors-mobile	0942ecb2b25e0a5cbb7a899d282c9009523a5f897539d8de78d3b81f378fbe67
2026-09-16T15:57:53Z	10537892	c02d1643-9f3b-4858-8940-ccc66b6abd9a	Senior Software Development Engineer, AWS Security	US, WA, Seattle	Seattle	WA	USA	September 11, 2026		Software Development	amazon-security	label=team-aws-security		not_identified	not_stated	none	cloud_infrastructure,security_identity,operations_observability	https://www.amazon.jobs/en/jobs/10537892/senior-software-development-engineer-aws-security	b192574d8c6c6c0b4ebd784379549251d38ff1855510f4d3a7b1bd6cfa0c3cdc
2026-09-16T15:57:53Z	10537934	064a6791-fa5f-4ff6-8c1c-357857d5e50d	Software Development Engineer, Amazon Quick	US, WA, Seattle	Seattle	WA	USA	September 11, 2026		Software Development	aws	label=team-sde-primary		not_identified	preferred_only	none	machine_learning,cloud_infrastructure,application_backend	https://www.amazon.jobs/en/jobs/10537934/software-development-engineer-amazon-quick	8b4f4e2732e7c1bd9ce051642ea0a0b3432d51a6dd78d48f324fa430150c7c4e
2026-09-16T15:57:53Z	10537935	e22f7f04-9b81-4e5f-8d1c-ae07b227e4b6	Software Development Engineer, Amazon Quick	US, WA, Seattle	Seattle	WA	USA	September 11, 2026		Software Development	aws	label=team-sde-primary		not_identified	basic_qualifications	none	machine_learning,distributed_systems,cloud_infrastructure,embedded_systems,application_backend	https://www.amazon.jobs/en/jobs/10537935/software-development-engineer-amazon-quick	a2ecd7a95ba5e712eee18e06b5c0a1d432cbb4ccefd017650ebde7dacf22270c
2026-09-16T15:57:53Z	10537941	0def4cf9-dcfd-4908-9154-524e058ee8e5	Senior Software Dev Engineer, SCOT-FO, Shipment Optimization (ATROPS)	US, WA, Bellevue	Bellevue	WA	USA	September 11, 2026		Software Development	operations	label=team-supply-chain-optimization		not_identified	preferred_only	none	distributed_systems,networking	https://www.amazon.jobs/en/jobs/10537941/senior-software-dev-engineer-scot-fo-shipment-optimization-atrops	3c234951c0ef1b2b28f7f96cc861e96bcd3f6fecf8911d530751bf5d10188f46
2026-09-16T15:57:53Z	10537995	be972cb6-d025-4714-90c0-51a21298037e	Software Development Engineer II, Prime Air	US, WA, Seattle	Seattle	WA	USA	September 11, 2026		Software Development	retail	label=team-global-prime-air		not_identified	basic_qualifications	none	distributed_systems,cloud_infrastructure,embedded_systems	https://www.amazon.jobs/en/jobs/10537995/software-development-engineer-ii-prime-air	419b0e6abe3c9df3268fb455e7a114fe1e7ff8e3c88031227d685a69fcab18d8
2026-09-16T15:57:53Z	10538008	ac00009d-f005-4912-968d-641af93823c0	Software Dev Engineer, Shield	US, WA, Seattle	Seattle	WA	USA	September 11, 2026		Software Development	aws	label=team-sde-primary		not_identified	basic_qualifications	none	distributed_systems,cloud_infrastructure,networking,database_search,security_identity,embedded_systems	https://www.amazon.jobs/en/jobs/10538008/software-dev-engineer-shield	67798cdc5a31791bf63d16866c8e56b3f1b72de153eeba784711ece0eef2e934
2026-09-16T15:57:53Z	10538011	e146d02f-c2e6-45d6-ba4f-65f31b0e2027	Software Dev Engineer, Antenna System Validation	US, WA, Redmond	Redmond	WA	USA	September 11, 2026		Software Development	alexa-and-amazon-devices	label=team-project-kuiper		not_identified	basic_qualifications	none	distributed_systems,cloud_infrastructure,networking,database_search,embedded_systems,application_backend,operations_observability	https://www.amazon.jobs/en/jobs/10538011/software-dev-engineer-antenna-system-validation	5c0f32061aa008fdd9981141a9ba00f98f1943408e55f2628a4086ddf79017cd
2026-09-16T15:57:53Z	10538018	63f28f86-0718-490b-b5e1-885432e5b38e	Software Development Engineer, AWS Intent Driven Networking (AIDN)	US, CA, Santa Clara	Santa Clara	CA	USA	September 11, 2026		Software Development	aws	label=team-sde-primary		not_identified	basic_qualifications	none	distributed_systems,cloud_infrastructure,networking,security_identity,embedded_systems,operations_observability	https://www.amazon.jobs/en/jobs/10538018/software-development-engineer-aws-intent-driven-networking-aidn	d273a90ce1f40b4fdd41528755e570443c4824b3fc669f7a1d43623db008906f
2026-09-16T15:57:53Z	10538066	3bf6731a-c458-4019-9705-b786a6cc8748	ML Systems Software Development Engineer Intern, Annapurna Labs - 2027	CA, ON, Toronto	Toronto	ON	CAN	September 11, 2026		Software Development	amazon-artificial-general-intelligence	label=no-team-listed		not_identified	basic_qualifications	mention_only	compiler_mention,machine_learning,cloud_infrastructure,embedded_systems,frontend_mobile,application_backend	https://www.amazon.jobs/en/jobs/10538066/ml-systems-software-development-engineer-intern-annapurna-labs-2027	e158b54456d1487541a51c9e914ca5745fc7d70f3d1cf1f91a78a0196085372c
2026-09-16T15:57:53Z	10538124	10dd7c81-e4bd-413a-ac7a-e185f869ac27	Software Dev Engineer II, Profit Intelligence	US, WA, Seattle	Seattle	WA	USA	September 11, 2026		Software Development	ecp	label=team-ascs		not_identified	basic_qualifications	none	distributed_systems,database_search,embedded_systems	https://www.amazon.jobs/en/jobs/10538124/software-dev-engineer-ii-profit-intelligence	a0cee540ea8ff96e9f6e76758016d929c4e8ada3f235ffdd578ebbc3c59d5f1f
2026-09-16T15:57:53Z	10538171	61ce44c4-82bb-4aaf-9e1d-9110bc79eff6	Sr. Software Development Engineer, Inference Team - AWS Neuron	US, WA, Seattle	Seattle	WA	USA	September 12, 2026		Software Development	aws	label=team-no-matching-primary-label-listed		not_identified	preferred_only	mention_only	compiler_mention,machine_learning,cloud_infrastructure,embedded_systems	https://www.amazon.jobs/en/jobs/10538171/sr-software-development-engineer-inference-team-aws-neuron	3ce55374290f93582987199db6ec8947cb57e6d14e7886ccae2886d927ce219b
2026-09-16T15:57:53Z	10538206	d06303e1-9eaf-4943-8e02-6f49592cc8bc	Software Development Engineer II, Amazon Now	IN, KA, Bengaluru	Bengaluru	KA	IND	September 12, 2026		Software Development	amazon-business	label=no-team-listed		not_identified	preferred_only	none	application_backend	https://www.amazon.jobs/en/jobs/10538206/software-development-engineer-ii-amazon-now	84af3422e238fc14b74dcd7a77344ad2011c45a1bc22fdd0b82ca7d3b659100d
2026-09-16T15:57:53Z	10538207	b0adf625-b416-42f1-9ca5-361f3e2af6a0	Software Development Engineer II, Amazon Now	IN, KA, Bengaluru	Bengaluru	KA	IND	September 12, 2026		Software Development	amazon-business	label=no-team-listed		not_identified	preferred_only	none	application_backend	https://www.amazon.jobs/en/jobs/10538207/software-development-engineer-ii-amazon-now	44e68a8203ee301e1008739986068fe4e520e3e6f2b4c931bb01fff1b28758b9
2026-09-16T15:57:53Z	10538230	73cbc300-d6a2-4586-a64b-3ee1ca8868eb	Software Development Engineer II — Ads Reporting, Programmatic Reporting Interfaces	CA, ON, Toronto	Toronto	ON	CAN	September 12, 2026		Software Development	advertising	label=team-amazon-ads		not_identified	preferred_only	none	cloud_infrastructure,database_search,application_backend,operations_observability	https://www.amazon.jobs/en/jobs/10538230/software-development-engineer-ii-ads-reporting-programmatic-reporting-interfaces	d1f089e47a6feb394d2bee4a07b5b601cc907fc8796ec858060a82746912c7aa
2026-09-16T15:57:53Z	10538318	ddcd460f-fa99-450e-adf3-97f405f3ffab	Software Development Engineer, AWS Transform	US, WA, Seattle	Seattle	WA	USA	September 14, 2026		Software Development	aws	label=team-sde-primary		not_identified	basic_qualifications	none	machine_learning,distributed_systems,cloud_infrastructure,security_identity,embedded_systems	https://www.amazon.jobs/en/jobs/10538318/software-development-engineer-aws-transform	b3ae6f461749e79720c466679f861d771a937b1c005bb6f98e7269efb9068a6f
2026-09-16T15:57:53Z	10538328	60ee0498-7c49-4ee4-9ed1-270db54fc9be	Software Development Engineer , Ads Nova	US, NY, New York	New York	NY	USA	September 14, 2026		Software Development	advertising	label=team-amazon-ads		not_identified	preferred_only	none	distributed_systems,embedded_systems	https://www.amazon.jobs/en/jobs/10538328/software-development-engineer-ads-nova	1525f60fd03186883532e320c48908bcdb26b75a68a6e94ee0045e98602c96b9
2026-09-16T15:57:53Z	10538347	44ae1f6f-b056-4f87-9130-88e3338d615a	Software Development Engineer II, Amazon Now (Tez)	IN, KA, Bengaluru	Bengaluru	KA	IND	September 14, 2026		Software Development	amazon-business	label=no-team-listed		not_identified	preferred_only	none	database_search	https://www.amazon.jobs/en/jobs/10538347/software-development-engineer-ii-amazon-now-tez	8d44169dce2f61f8adceb35751de96da47f57214f456ae5fceefc3407d4d0080
2026-09-16T15:57:53Z	10538439	de2046b2-8594-4c3c-8c40-d901cbb2a5d1	Embedded Software Engineer , Annapurna Labs	IL, Tel Aviv	Tel Aviv		ISR	September 14, 2026		Software Development	aws	label=team-sde-primary		not_identified	not_stated	none	cloud_infrastructure,networking,database_search,embedded_systems,application_backend	https://www.amazon.jobs/en/jobs/10538439/embedded-software-engineer-annapurna-labs	727a2b7ff3ccf5661e41154831f65b15b2903031c7e85744aeebc33dc852aae3
2026-09-16T15:57:53Z	10538460	7c745074-d4a6-456a-a055-93a357afbcf6	Software Development Engineer, Music Search Retrieval Technology	US, CA, Sunnyvale	Sunnyvale	CA	USA	September 14, 2026		Software Development	entertainment	label=team-music		not_identified	preferred_only	none	distributed_systems,database_search,embedded_systems,application_backend,operations_observability	https://www.amazon.jobs/en/jobs/10538460/software-development-engineer-music-search-retrieval-technology	5d0472d363f59dd83ab7a4c939b70547f5d5204dc1e8843609b00b6a243c29fd
2026-09-16T15:57:53Z	10538461	94876b67-cf35-4d26-b865-9253fba14dd6	Software Development Engineer, Amazon Music, Partner Payments & Reporting	US, CA, San Francisco	San Francisco	CA	USA	September 14, 2026		Software Development	entertainment	label=team-music		not_identified	basic_qualifications	none	distributed_systems,cloud_infrastructure,embedded_systems,graphics_media,application_backend	https://www.amazon.jobs/en/jobs/10538461/software-development-engineer-amazon-music-partner-payments-reporting	6293fbf6950d976c0310503e99171d1c788c68ffd456d3b3055363b5a6270059
2026-09-16T15:57:53Z	10538513	70a422b7-c59c-44e9-999e-c8da1f8a6bee	Software Development Engineer, RBKS DSO EU	ES, M, Madrid	Madrid	M	ESP	September 14, 2026		Software Development	alexa-and-amazon-devices	label=team-ring-key-blink		not_identified	preferred_only	none	machine_learning,distributed_systems,security_identity,application_backend	https://www.amazon.jobs/en/jobs/10538513/software-development-engineer-rbks-dso-eu	f8001c531b153f0860bac8634409b5a5899e67fa160434737c083606a98658ea
2026-09-16T15:57:53Z	10538691	8152f971-2785-4ae9-882c-270613499e91	Senior Software Development Engineer, Creative Advertiser Experiences	US, WA, Seattle	Seattle	WA	USA	September 14, 2026		Software Development	advertising	label=team-amazon-ads		not_identified	preferred_only	none	security_identity	https://www.amazon.jobs/en/jobs/10538691/senior-software-development-engineer-creative-advertiser-experiences	a3d714f3528546c77b2869bfa61b863d849e67e4c6adb806d5f98d17038abdc8
2026-09-16T15:57:53Z	10538772	fe60e6c6-5ca0-4929-ab83-233e6a703015	Software Development Engineer II, Amazon Vulnerability Management Services	US, TX, Austin	Austin	TX	USA	September 14, 2026		Software Development	amazon-security	label=team-aws-security		not_identified	not_stated	none	machine_learning,cloud_infrastructure,database_search,security_identity,frontend_mobile	https://www.amazon.jobs/en/jobs/10538772/software-development-engineer-ii-amazon-vulnerability-management-services	552707fe2b65f7c3d2a21cce45780672e47260503b0b39b4eacc810114484b6b
2026-09-16T15:57:53Z	10538780	464be5df-a2a2-471f-88d2-e0f16e0050cd	Software Development Engineer II, Amazon Vulnerability Management Services	US, TX, Austin	Austin	TX	USA	September 14, 2026		Software Development	amazon-security	label=team-aws-security		not_identified	not_stated	none	machine_learning,cloud_infrastructure,database_search,security_identity,frontend_mobile	https://www.amazon.jobs/en/jobs/10538780/software-development-engineer-ii-amazon-vulnerability-management-services	c419232470517bd5563ba587730fc6afc40a59fc5105041e75e14ba968961a9c
2026-09-16T15:57:53Z	10538810	a2c4fcd3-936f-4bae-8e1a-760a7d048384	Software Development Engineer III, FBA Capacity and Inventory Health Management	IN, KA, Bengaluru	Bengaluru	KA	IND	September 14, 2026		Software Development	selling-partner-services	label=no-team-listed		not_identified	basic_qualifications	none	machine_learning,distributed_systems,cloud_infrastructure,networking,database_search,security_identity,application_backend	https://www.amazon.jobs/en/jobs/10538810/software-development-engineer-iii-fba-capacity-and-inventory-health-management	69eb6ed4bcece074cd616949950e4b5c643f8bb0b2e2d9a19ab720eedf2dc1f7
2026-09-16T15:57:53Z	10538972	dec7fb7c-ce53-4292-a237-55dff3471788	Software Development Engineer, Inventory Genealogy	US, WA, Bellevue	Bellevue	WA	USA	September 14, 2026		Software Development	operations	label=team-amazon-fulfillment-technology		not_identified	preferred_only	none	cloud_infrastructure,networking,database_search,security_identity,application_backend	https://www.amazon.jobs/en/jobs/10538972/software-development-engineer-inventory-genealogy	72e16b4a3f05644dc41d635ea178c040247c860ebd8a1832e11829ddd5ed3e97
2026-09-16T15:57:53Z	10538987	f18e226c-4c2e-4125-a379-a9931744c1b8	Software Development Engineer, Inventory Genealogy	US, WA, Bellevue	Bellevue	WA	USA	September 14, 2026		Software Development	operations	label=team-amazon-fulfillment-technology		not_identified	preferred_only	none	cloud_infrastructure,networking,database_search,security_identity,application_backend	https://www.amazon.jobs/en/jobs/10538987/software-development-engineer-inventory-genealogy	92b672a8acf3c883c09db9f41029ce2e5584876245495ab8f8cb0e9b655a98ec
2026-09-16T15:57:53Z	10538988	430b8340-f53e-4519-97f1-866cf00ef814	Software Development Engineer, Inventory Genealogy	US, WA, Bellevue	Bellevue	WA	USA	September 14, 2026		Software Development	operations	label=team-amazon-fulfillment-technology		not_identified	preferred_only	none	cloud_infrastructure,networking,database_search,security_identity,application_backend	https://www.amazon.jobs/en/jobs/10538988/software-development-engineer-inventory-genealogy	fe27fed2e65d781f96d348852288e4cb463798102c55da663e4b869f1711f6aa
2026-09-16T15:57:53Z	10539035	b6c7276c-787d-48f5-8486-b15cb2b52938	Software Development Engineer, S3 Request Processing, S3 - Simple Storage Service	US, VA, Arlington	Arlington	VA	USA	September 14, 2026		Software Development	aws	label=team-aws-cloud-management		not_identified	basic_qualifications	none	distributed_systems,cloud_infrastructure,database_search,security_identity,embedded_systems,frontend_mobile,application_backend,operations_observability	https://www.amazon.jobs/en/jobs/10539035/software-development-engineer-s3-request-processing-s3-simple-storage-service	ea772346c221d3ff3b73fda5c31db261fe5de6b49b36be984fcf9e88f22a5bd4
2026-09-16T15:57:53Z	10539051	c25396d8-5a69-4b7f-9e6a-2e476b489a0c	Principal Software Engineer, Enterprise Productivity	IE, D, Dublin	Dublin	D	IRL	September 14, 2026		Software Development	kindlecontent	label=team-no-team-listed		not_identified	not_stated	mention_only	compiler_mention,machine_learning,distributed_systems,cloud_infrastructure,security_identity,application_backend,operations_observability	https://www.amazon.jobs/en/jobs/10539051/principal-software-engineer-enterprise-productivity	7f02d65c76bc4efbfd2ec0c8a0d13b51feaa1202837ae54b2cc31f5b66236d9b
2026-09-16T15:57:53Z	10539083	090b8e31-e124-49a8-bd88-d4da6e219ad0	Senior Software Development Engineer, Amazon Quick	US, CA, Santa Clara	Santa Clara	CA	USA	September 14, 2026		Software Development	aws	label=team-sde-primary		not_identified	preferred_only	none	machine_learning,distributed_systems,cloud_infrastructure	https://www.amazon.jobs/en/jobs/10539083/senior-software-development-engineer-amazon-quick	8b4ec46704d0b92a19fd2f3e4b2822e26eb2414a0f8e95a4264ad5edc0f770be
2026-09-16T15:57:53Z	10539091	cc75c3f7-c000-4098-b49f-184c55c377fd	Software Development Engineer II, AWS Kumo Wolfpack	US, WA, Bellevue	Bellevue	WA	USA	September 14, 2026		Software Development	aws	label=team-sde-primary		not_identified	basic_qualifications	none	cloud_infrastructure,application_backend	https://www.amazon.jobs/en/jobs/10539091/software-development-engineer-ii-aws-kumo-wolfpack	f50fbba89cb0a4f7fb6e2eab9b7b1ae91316ac7bfa06c7e012ae2b4b673cfa79
2026-09-16T15:57:53Z	10539109	e7d608ac-4c81-4638-afd5-5646686f2b76	Senior Software Engineer, AWS Metering	US, WA, Seattle	Seattle	WA	USA	September 14, 2026		Software Development	aws	label=team-sde-primary		not_identified	preferred_only	none	distributed_systems,cloud_infrastructure,database_search	https://www.amazon.jobs/en/jobs/10539109/senior-software-engineer-aws-metering	f0f2d3229d39b9d6a47acbd26508ba4a84f85ba08ade61de26df70fbe2910de6
2026-09-16T15:57:53Z	10539128	ebab603d-5f4c-427d-8da0-d2adfae7fd6a	Software Dev Engineer III, Prime Air	US, WA, Seattle	Seattle	WA	USA	September 14, 2026		Software Development	retail	label=team-global-prime-air		not_identified	preferred_only	none	cloud_infrastructure	https://www.amazon.jobs/en/jobs/10539128/software-dev-engineer-iii-prime-air	6102ad54a3929eda1e2332187acc847598b4d888df72bc58aca04d3fdaceab6c
2026-09-16T15:57:53Z	10539144	63e61f60-0e72-4fed-8fa4-27228e6aa3f5	Software Dev Engineer, AFFS - ARS (Amortization Runtime Subledger)	CA, BC, Vancouver	Vancouver	BC	CAN	September 14, 2026		Software Development	ecp	label=team-ecommerce-services		not_identified	preferred_only	none	distributed_systems,cloud_infrastructure,operations_observability	https://www.amazon.jobs/en/jobs/10539144/software-dev-engineer-affs-ars-amortization-runtime-subledger	ecd4cbdceed847491e9c44864e67fb154a1b01ae90b1dc341e121c8937d056be
2026-09-16T15:57:53Z	10539152	d37ee2e2-8350-4014-9a70-f2b9342898e3	Software Development Engineer	US, NJ, Newark	Newark	NJ	USA	September 14, 2026		Software Development	subsidiaries	label=team-global-audible		not_identified	basic_qualifications	none	cloud_infrastructure,database_search	https://www.amazon.jobs/en/jobs/10539152/software-development-engineer	39dc8ac6b609e2dc2690ee7000c3cfc903512110b2bd759a4e60492cd6541864
2026-09-16T15:57:53Z	10539160	78e8e868-4c31-477a-b2a4-c3fb4350213e	Software Development Engineer, Vendor Agentic Experience	US, WA, Seattle	Seattle	WA	USA	September 14, 2026		Software Development	selling-partner-services	label=no-team-listed		not_identified	basic_qualifications	none	machine_learning,distributed_systems,database_search,embedded_systems	https://www.amazon.jobs/en/jobs/10539160/software-development-engineer-vendor-agentic-experience	98089e234b392f6565a15c9a5d3e21036a2fbed6cf91e65d0eef27a4b3311599
2026-09-16T15:57:53Z	10539269	b0e5d4d0-660b-44cd-8601-8cbff3974584	Software Development Engineer, Agentic Workspaces - Watchtower	US, WA, Seattle	Seattle	WA	USA	September 14, 2026		Software Development	aws	label=team-sde-primary		not_identified	basic_qualifications	none	distributed_systems,cloud_infrastructure,security_identity,embedded_systems,application_backend,operations_observability	https://www.amazon.jobs/en/jobs/10539269/software-development-engineer-agentic-workspaces-watchtower	6371aa58eddba29f7aee4306d64f7b08bac2e337f0e13f8d21a614a14a2cb53f
2026-09-16T15:57:53Z	10539293	5a99680d-d135-49fd-b7fe-b5392d7b36b8	Software Dev Engineer, Machine Learning Compilers, Edge AI Compiler and Runtime Team	CA, BC, Vancouver	Vancouver	BC	CAN	September 14, 2026		Software Development	alexa-and-amazon-devices	label=devices-and-services-teams		not_identified	preferred_only	core_candidate_title	compiler_mention,machine_learning,cloud_infrastructure,networking,embedded_systems,application_backend	https://www.amazon.jobs/en/jobs/10539293/software-dev-engineer-machine-learning-compilers-edge-ai-compiler-and-runtime-team	2cee0b7767094fb5950a73132a8855c512d09a3247da2e58366558d9b3481586
2026-09-16T15:57:53Z	10539299	152771b3-8309-48ad-ad82-01147795683d	Senior Software Development Engineer, AWS Data Center Bridge	US, WA, Bellevue	Bellevue	WA	USA	September 14, 2026		Software Development	aws	label=team-sde-primary		not_identified	basic_qualifications	none	machine_learning,cloud_infrastructure,networking,database_search,security_identity,application_backend	https://www.amazon.jobs/en/jobs/10539299/senior-software-development-engineer-aws-data-center-bridge	3c88ba317ea86d36a9e5de765cec38b8f0257f8dfcfea7eb11e1de10d26ea1cb
2026-09-16T15:57:53Z	10539310	d9a75081-f23e-48d8-9509-f0590f950a3c	SDE II, Amazon Fulfilment Tech, Amazon Fulfilment - Inventory Team	US, WA, Bellevue	Bellevue	WA	USA	September 14, 2026		Software Development	operations	label=team-amazon-fulfillment-technology		not_identified	basic_qualifications	none	distributed_systems,cloud_infrastructure,networking,embedded_systems,frontend_mobile	https://www.amazon.jobs/en/jobs/10539310/sde-ii-amazon-fulfilment-tech-amazon-fulfilment-inventory-team	a079dda296fa8e7aebf1a833f3d2d25cc7ad2fb1102695cee8029b398997683f
2026-09-16T15:57:53Z	10539324	dcb0a025-f2a0-4d9f-bf2b-45d95503826b	Sr. Software Development Engineer, Advengers - Amazon Ads Brand & Video	US, NY, New York	New York	NY	USA	September 14, 2026		Software Development	advertising	label=team-amazon-ads		not_identified	preferred_only	none	frontend_mobile,application_backend	https://www.amazon.jobs/en/jobs/10539324/sr-software-development-engineer-advengers-amazon-ads-brand-video	8b2c56263e3f32a52d9807d3ba5e68a63dabab9cb6ffdfda7b4900f7a6c1816b
2026-09-16T15:57:53Z	10539338	604c8ccb-81e7-4bf3-b90b-76435434b2cb	Software Development Engineer II, Inbound	US, WA, Bellevue	Bellevue	WA	USA	September 14, 2026		Software Development	operations	label=team-amazon-fulfillment-technology		not_identified	preferred_only	none	distributed_systems,networking,database_search,application_backend	https://www.amazon.jobs/en/jobs/10539338/software-development-engineer-ii-inbound	8ebf9225bfbd18ddfe56f9f7efa36cf6ddd45068b42b8a2eff7c65b4717305e8
2026-09-16T15:57:53Z	10539354	f9077938-94a8-4593-a264-bfb3475f7315	Software Development Engineer, WW Deals & Promotions	CA, BC, Vancouver	Vancouver	BC	CAN	September 14, 2026		Software Development	north-america-stores	label=promotions		not_identified	preferred_only	none	machine_learning,distributed_systems,cloud_infrastructure,security_identity,application_backend,operations_observability	https://www.amazon.jobs/en/jobs/10539354/software-development-engineer-ww-deals-promotions	11baa28010c1dfea27dcc26a558941ed48dec37603108b7e9f7c033e99120b6f
2026-09-16T15:57:53Z	10539357	b45eac42-03a6-4e1c-9bec-c43f32cc8fbf	Software Development Engineer, Catalog System Services - SPCL	US, WA, Seattle	Seattle	WA	USA	September 14, 2026		Software Development	ecp	label=team-ascs		not_identified	preferred_only	none	machine_learning,cloud_infrastructure,application_backend,operations_observability	https://www.amazon.jobs/en/jobs/10539357/software-development-engineer-catalog-system-services-spcl	6476a69d56b4e2931f8a543e1eab77cfc24854c1a34806d73708fc6c4882eeae
2026-09-16T15:57:53Z	10539364	759c4c77-746f-4a98-aac4-18e66bd622bf	Software Development Engineer II, AWS DynamoDB Storage Plane	US, WA, Seattle	Seattle	WA	USA	September 14, 2026		Software Development	aws	label=team-sde-primary		not_identified	preferred_only	none	distributed_systems,cloud_infrastructure,database_search,application_backend	https://www.amazon.jobs/en/jobs/10539364/software-development-engineer-ii-aws-dynamodb-storage-plane	c044ff85bb0a1b31f13f953891f5cee482250e06407128813b005ed3a9c0f58e
2026-09-16T15:57:53Z	10539807	ee42186e-e1c9-4f59-8234-289af7827eb6	Software Development Engineer, Robotics Development and Packaging Innovation	US, WA, Bellevue	Bellevue	WA	USA	September 14, 2026		Software Development	subsidiaries	label=team-amazon-robotics		not_identified	basic_qualifications	none	machine_learning,distributed_systems,cloud_infrastructure,embedded_systems	https://www.amazon.jobs/en/jobs/10539807/software-development-engineer-robotics-development-and-packaging-innovation	6a0f8edb16c7f867802795ff68fe9c69406d964cace6b91392d001d36913fa49
2026-09-16T15:57:53Z	10540357	460bd97a-897b-48e0-946a-a04deff4535f	Software Engineer, CloudFront	AU, NSW, Sydney	Sydney	NSW	AUS	September 14, 2026		Software Development	aws	label=team-sde-primary		not_identified	preferred_only	none	cloud_infrastructure,networking,database_search	https://www.amazon.jobs/en/jobs/10540357/software-engineer-cloudfront	fcd6a7dcc2c81cc3811cc0996a36dd0ed43355db330ceb63dd9d685598d2e196
2026-09-16T15:57:53Z	10540453	ffe84de3-db91-4702-9d8b-bb1c4f12f531	Software Development Engineer, CloudFront Console and Agentic Experience	CA, BC, Vancouver	Vancouver	BC	CAN	September 14, 2026		Software Development	aws	label=team-sde-primary		not_identified	basic_qualifications	none	machine_learning,distributed_systems,cloud_infrastructure,networking,security_identity,embedded_systems,frontend_mobile,application_backend,operations_observability	https://www.amazon.jobs/en/jobs/10540453/software-development-engineer-cloudfront-console-and-agentic-experience	6f39528ee6d65f374f2696608d5de1ae4af647954c8be8f8066cb526c854162e
2026-09-16T15:57:53Z	10540547	487517e3-dc97-4afb-ba82-be0bdd25c607	Sr. Software Development Engineer, Device Software and Services (DS2)	MX, Zapopan	Zapopan		MEX	September 14, 2026		Software Development	alexa-and-amazon-devices	label=amazon-device-software-and-services		not_identified	preferred_only	none	distributed_systems,cloud_infrastructure,operations_observability	https://www.amazon.jobs/en/jobs/10540547/sr-software-development-engineer-device-software-and-services-ds2	8bd66c10221740864af979cfb19217ea29a4dae6b25b888c11954a56b7667abc
2026-09-16T15:57:53Z	10541244	cc78fd7c-826e-44fa-9598-8b1d10dee723	Software Development Engineer II , Product & Offers Experience	IN, KA, Bengaluru	Bengaluru	KA	IND	September 15, 2026		Software Development	amazon-business	label=no-team-listed		not_identified	preferred_only	none	distributed_systems,database_search	https://www.amazon.jobs/en/jobs/10541244/software-development-engineer-ii-product-offers-experience	f1f5279600115c7570d6ced213d1bd66856222bb2cb8f39378f25dc4ee248443
2026-09-16T15:57:53Z	10541281	2378ad4f-67bc-4f8d-89bc-5861b5f1ade8	Software Development Engineer, Eva Development Team	US, WA, Bellevue	Bellevue	WA	USA	September 15, 2026		Software Development	aws	label=team-sde-primary		not_identified	basic_qualifications	none	machine_learning,distributed_systems,cloud_infrastructure,networking,database_search,security_identity,embedded_systems,frontend_mobile,graphics_media,application_backend,operations_observability	https://www.amazon.jobs/en/jobs/10541281/software-development-engineer-eva-development-team	e9f25771de02001f0f9e0fd5dc93418f9d9a70cbb51734e8f0ab4cf74118884c
2026-09-16T15:57:53Z	10541282	8027ceb9-86f8-4bfb-a255-608632b11d25	Software Development Engineer, Eva Development Team	US, WA, Bellevue	Bellevue	WA	USA	September 15, 2026		Software Development	aws	label=team-sde-primary		not_identified	basic_qualifications	none	machine_learning,distributed_systems,cloud_infrastructure,networking,database_search,security_identity,embedded_systems,frontend_mobile,graphics_media,application_backend,operations_observability	https://www.amazon.jobs/en/jobs/10541282/software-development-engineer-eva-development-team	fdb1cfa39843f1ded98a6bb1ab1ea8bd0ebeff55af547c4b687391146f5ae538
2026-09-16T15:57:53Z	10541325	6a35cc9d-7ba4-44f4-bf12-0fd88e4bcab5	Software Development Engineer, AWS Border Network Engineering	AU, NSW, Sydney	Sydney	NSW	AUS	September 15, 2026		Software Development	aws	label=team-sde-primary		not_identified	preferred_only	none	distributed_systems,cloud_infrastructure,networking,database_search,security_identity,application_backend	https://www.amazon.jobs/en/jobs/10541325/software-development-engineer-aws-border-network-engineering	e3c1c862c47229d2896fe43ad565cb7dd4be841d4b33242018b8560b6762ab33
2026-09-16T15:57:53Z	10541334	82f6fc77-d526-4309-9fd1-f46b2f9899b5	Junior Embedded Software Engineer, Graviton	IL, Tel Aviv	Tel Aviv		ISR	September 15, 2026		Software Development	aws	label=team-sde-primary		not_identified	basic_qualifications	none	cloud_infrastructure,networking,database_search,security_identity,embedded_systems,application_backend	https://www.amazon.jobs/en/jobs/10541334/junior-embedded-software-engineer-graviton	69cd5f238730a664c10bd3d8b4f5caac54288e6e596dcae67522869c7c7a2266
2026-09-16T15:57:53Z	10541335	257c3d56-3bc6-456d-9246-ebfecc8c6c83	Software Development Engineer II, Tax Services	IN, TS, Hyderabad	Hyderabad	TS	IND	September 15, 2026		Software Development	ecp	label=team-ecommerce-services		not_identified	basic_qualifications	none	distributed_systems	https://www.amazon.jobs/en/jobs/10541335/software-development-engineer-ii-tax-services	51a88578aa3acd2753e0fb8e890111ba02452f46715bf43dfee0d62d6c8ed6f8
2026-09-16T15:57:53Z	10541530	877b3280-55d5-4da5-89a7-a75f3162e90f	Software Development Engineer, AI Studios Engineering	US, CA, Culver City	Culver City	CA	USA	September 15, 2026		Software Development	entertainment	label=team-primevideo		not_identified	basic_qualifications	none	distributed_systems,cloud_infrastructure,embedded_systems,application_backend,operations_observability	https://www.amazon.jobs/en/jobs/10541530/software-development-engineer-ai-studios-engineering	43379c9669f622463be7c56df087f1d088a911073769684d4320c4f8bcc4c6ff
2026-09-16T15:57:53Z	10541540	381e8fef-0e44-40a1-a00b-e76330e02364	Software Development Engineer, AI Studios Engineering	US, CA, Culver City	Culver City	CA	USA	September 15, 2026		Software Development	entertainment	label=team-primevideo		not_identified	basic_qualifications	none	distributed_systems,cloud_infrastructure,embedded_systems,application_backend,operations_observability	https://www.amazon.jobs/en/jobs/10541540/software-development-engineer-ai-studios-engineering	eaca72cefda5ee2e2de0397d168798406c17305329ba56392821431093b6ff71
2026-09-16T15:57:53Z	10541673	b4a8c235-ce95-4ebb-b225-29e46989919f	Software Development Engineer, Leo Commerce Data Platform	US, WA, Redmond	Redmond	WA	USA	September 15, 2026		Software Development	alexa-and-amazon-devices	label=team-project-kuiper		not_identified	basic_qualifications	none	distributed_systems,cloud_infrastructure,networking,database_search,embedded_systems,operations_observability	https://www.amazon.jobs/en/jobs/10541673/software-development-engineer-leo-commerce-data-platform	bff31e4c6393cf21d79dd55171be89da01865586a2900fcf2c2be4f3c5f5bb1d
2026-09-16T15:57:53Z	10541732	05cde066-e38a-4b4d-af2e-3181a04e8a71	Sr Software Development Engineer, Ads Nova	US, NY, New York	New York	NY	USA	September 15, 2026		Software Development	advertising	label=team-amazon-ads		not_identified	preferred_only	none		https://www.amazon.jobs/en/jobs/10541732/sr-software-development-engineer-ads-nova	7ff77575696aa394110ccd3c7abf1e84ea29d844b6c69f9e8e983a258606e791
2026-09-16T15:57:53Z	10541733	657c6d07-365e-4dee-bb58-95d8d7365e1e	Software Development Engineer, Ads Nova	US, NY, New York	New York	NY	USA	September 15, 2026		Software Development	advertising	label=team-amazon-ads		not_identified	preferred_only	none	distributed_systems,embedded_systems	https://www.amazon.jobs/en/jobs/10541733/software-development-engineer-ads-nova	fb795565eee6f791a2850d3fd582b49f59ff6969b8d8dfc4ffd9fda9f5f44b14
2026-09-16T15:57:53Z	10541943	52153166-81e6-443d-98aa-012b209d84be	Software Development Engineer, Agentic Workspaces	US, CA, Sunnyvale	Sunnyvale	CA	USA	September 15, 2026		Software Development	aws	label=team-sde-primary		not_identified	basic_qualifications	none	distributed_systems,cloud_infrastructure,networking,security_identity,embedded_systems,graphics_media,application_backend,operations_observability	https://www.amazon.jobs/en/jobs/10541943/software-development-engineer-agentic-workspaces	7372f58668d187909199d0dccf2b115aa10073a7c337a4c14e7450ccea5a3782
2026-09-16T15:57:53Z	10541951	cc816abe-a999-43aa-8fcc-72d147f04be3	Sr. Software Dev Engineer , Workforce Solutions - Transformative Tech	US, WA, Bellevue	Bellevue	WA	USA	September 15, 2026		Software Development	pxt	label=no-sub-team-listed		not_identified	preferred_only	none	cloud_infrastructure,database_search,security_identity	https://www.amazon.jobs/en/jobs/10541951/sr-software-dev-engineer-workforce-solutions-transformative-tech	f936d26a1a3569036bcd14450be842cb5d83d54c46df50905639689a781a730c
2026-09-16T15:57:53Z	10541974	d12f5f24-c553-4980-8fd8-27d0874776dc	Software Development Engineer, AWS Transform	US, WA, Seattle	Seattle	WA	USA	September 15, 2026		Software Development	aws	label=team-sde-primary		not_identified	basic_qualifications	none	machine_learning,distributed_systems,cloud_infrastructure,security_identity,embedded_systems	https://www.amazon.jobs/en/jobs/10541974/software-development-engineer-aws-transform	e57fc3d2bda888c0e492cd618721d4aafab13c53d80b86bef143c65ad4ed626f
2026-09-16T15:57:53Z	10541979	7b5153ee-d359-42a3-8a4e-74c080d3f60c	Software Dev Engineer-II, Infra Supply Chain Automation	IN, KA, Bengaluru	Bengaluru	KA	IND	September 15, 2026		Software Development	aws	label=team-sde-primary		not_identified	preferred_only	none	cloud_infrastructure,networking,database_search,security_identity,application_backend	https://www.amazon.jobs/en/jobs/10541979/software-dev-engineer-ii-infra-supply-chain-automation	a056cf30481dc41f300a68cec9875c8c8ae31c5163611f6237a2bcb2bb693ba6
2026-09-16T15:57:53Z	10541980	6b970038-dc22-421c-bdd9-08326994c946	Software Dev Engineer II, AWS Infrastructure Supply Chain	IN, KA, Bengaluru	Bengaluru	KA	IND	September 15, 2026		Software Development	aws	label=team-sde-primary		not_identified	preferred_only	none	distributed_systems,cloud_infrastructure,networking,database_search,frontend_mobile,application_backend,operations_observability	https://www.amazon.jobs/en/jobs/10541980/software-dev-engineer-ii-aws-infrastructure-supply-chain	f960698ed58608c6823494d3d0e738719aaeef70556224f4c2d955a2bed9d0da
2026-09-16T15:57:53Z	10542049	8fd82c78-585f-4ea1-9cd2-291badc550f5	Software Development Engineer II, Secure Endpoint Connectivity, CS Security	US, WA, Seattle	Seattle	WA	USA	September 15, 2026		Software Development	amazon-security	label=team-store-security		not_identified	preferred_only	none	distributed_systems,cloud_infrastructure,networking,security_identity,operations_observability	https://www.amazon.jobs/en/jobs/10542049/software-development-engineer-ii-secure-endpoint-connectivity-cs-security	ac7b6f13e76ac55348dbf46088b4ee5ae9070053d5ab61eeeb7a3353ea271faf
2026-09-16T15:57:53Z	10542215	2b480b7e-44ee-4d9e-96fe-473594d01f83	Software Development Engineer , Amazon Leo Commerce	US, WA, Redmond	Redmond	WA	USA	September 15, 2026		Software Development	alexa-and-amazon-devices	label=team-project-kuiper		not_identified	basic_qualifications	none	distributed_systems,networking,security_identity,embedded_systems	https://www.amazon.jobs/en/jobs/10542215/software-development-engineer-amazon-leo-commerce	60ab2d84af3f7bce183a94b6b0f18a1c5824ae808e3294f878572f3e7959b539
2026-09-16T15:57:53Z	10542216	6661deea-7899-4c40-b34c-673d057a4514	Software Development Engineer II, Amazon Leo Commerce	US, WA, Redmond	Redmond	WA	USA	September 15, 2026		Software Development	alexa-and-amazon-devices	label=team-project-kuiper		not_identified	basic_qualifications	none	distributed_systems,networking,security_identity,embedded_systems	https://www.amazon.jobs/en/jobs/10542216/software-development-engineer-ii-amazon-leo-commerce	117d796f5f4a77b404c7a2d5f993171b28b5f4bd973673a242be436dcf348384
2026-09-16T15:57:53Z	10542345	5385d50c-009f-4b04-842b-2437b2770b62	Senior Software Engineer, Frontier AI Organization	US, WA, Bellevue	Bellevue	WA	USA	September 15, 2026		Software Development	amazon-artificial-general-intelligence	label=no-team-listed		not_identified	preferred_only	none	machine_learning,distributed_systems,cloud_infrastructure,operations_observability	https://www.amazon.jobs/en/jobs/10542345/senior-software-engineer-frontier-ai-organization	59fc670dbc99f7c7db7d87ee21e18d0347cfe39c5b0a9960c898d1f45ad4f748
2026-09-16T15:57:53Z	10542435	e8f8a793-d042-4363-b282-075af938a357	Software Development Engineer II	US, WA, Seattle	Seattle	WA	USA	September 15, 2026		Software Development	finance	label=team-fintech		not_identified	basic_qualifications	none	machine_learning,distributed_systems,embedded_systems	https://www.amazon.jobs/en/jobs/10542435/software-development-engineer-ii	a247e331efbbc753ca0dde575ceb83d4192f1da2d799e565f3b646f30b9f386c
2026-09-16T15:57:53Z	10542458	cd428783-153f-4778-99aa-97982216ffd4	Software Development Engineer, AWS Contract Onboarding	US, NY, New York	New York	NY	USA	September 15, 2026		Software Development	aws	label=team-sde-primary		not_identified	preferred_only	none	machine_learning,distributed_systems,cloud_infrastructure,database_search,frontend_mobile,application_backend	https://www.amazon.jobs/en/jobs/10542458/software-development-engineer-aws-contract-onboarding	d59ce30cadbddbaf6821c69e7bd62fdf7949d1d794c791c01a1c2e8269c1d271
2026-09-16T15:57:53Z	10542501	1de6164f-907f-439e-b557-160d6cc4269c	Software Development Engineer, Application Performance Monitoring	US, WA, Bellevue	Bellevue	WA	USA	September 15, 2026		Software Development	aws	label=team-sde-primary		not_identified	preferred_only	none	distributed_systems,cloud_infrastructure,operations_observability	https://www.amazon.jobs/en/jobs/10542501/software-development-engineer-application-performance-monitoring	466c08c2e469ba2e8ce80a7ceaa10e45a2dc2dac6ed5aa02da85c43e895b72a9
2026-09-16T15:57:53Z	10542502	0f24806f-5450-4aa2-acdd-090a5dbcb988	Software Dev Engineer II, AWS Builder Acceleration	US, WA, Seattle	Seattle	WA	USA	September 15, 2026		Software Development	aws	label=team-sde-primary		not_identified	basic_qualifications	none	machine_learning,distributed_systems,cloud_infrastructure,embedded_systems	https://www.amazon.jobs/en/jobs/10542502/software-dev-engineer-ii-aws-builder-acceleration	1b573c071c945774c7a88d37c4f98ff5a131ae1ab7d1cdc3f5fec08318a931a9
2026-09-16T15:57:53Z	10542512	f51da841-3281-4d3c-ba14-10ff6a0dc2e7	Software Development Engineer III, SC.os Auth and Vendor Service	US, CA, Santa Clara	Santa Clara	CA	USA	September 15, 2026		Software Development	aws	label=team-sde-primary		not_identified	preferred_only	none	machine_learning,security_identity	https://www.amazon.jobs/en/jobs/10542512/software-development-engineer-iii-sc-os-auth-and-vendor-service	55605bd0c2dc58ccddf3b85d38b9e44f58fd44c163a1cee574531467370fc87d
2026-09-16T15:57:53Z	10542651	aa79cfe0-d49f-4f87-9bb9-ea1b03d4cfa8	Software Development Engineer, AWS IAM Identity Center, jamesg Team	US, WA, Seattle	Seattle	WA	USA	September 15, 2026		Software Development	aws	label=team-sde-primary		not_identified	preferred_only	none	cloud_infrastructure,security_identity	https://www.amazon.jobs/en/jobs/10542651/software-development-engineer-aws-iam-identity-center-jamesg-team	8f60d2133eae6eebeb8d513a928475b90075bdb42783e6eeef30a447e7091fde
2026-09-16T15:57:53Z	10542658	60a0d98d-98b1-4355-940e-4fe5e670541f	Sr. Software Development Engineer - AWS Identity Store, AWS Identity Store - Virtual Location Canada	CA, BC, Vancouver	Vancouver	BC	CAN	September 15, 2026		Software Development	aws	label=team-sde-primary		not_identified	preferred_only	none	distributed_systems,cloud_infrastructure,security_identity,operations_observability	https://www.amazon.jobs/en/jobs/10542658/sr-software-development-engineer-aws-identity-store-aws-identity-store-virtual-location-canada	8c0394d2a1dcd1293a63d6b5b3d3adfe0527cb5ebb4f6c83c857bae56342630d
2026-09-16T15:57:53Z	10542663	8e52ca6a-53bf-4485-b6be-65f95b18ea60	Software Development Engineer, AWS Config, AWS Config	US, WA, Seattle	Seattle	WA	USA	September 15, 2026		Software Development	aws	label=team-sde-primary		not_identified	basic_qualifications	none	distributed_systems,cloud_infrastructure,database_search,security_identity,embedded_systems,application_backend,operations_observability	https://www.amazon.jobs/en/jobs/10542663/software-development-engineer-aws-config-aws-config	08a524630bcbc5aa0fa5d65c15a6eeccee0081b68de42918129d0004da37dfc4
2026-09-16T15:57:53Z	10542874	2db9d677-4313-48d2-adda-f22f1455a45f	Software Dev Engineer, AWS Billing	US, WA, Seattle	Seattle	WA	USA	September 15, 2026		Software Development	aws	label=team-sde-primary		not_identified	preferred_only	none	cloud_infrastructure,database_search,frontend_mobile,application_backend,operations_observability	https://www.amazon.jobs/en/jobs/10542874/software-dev-engineer-aws-billing	8c903dba46d97a980c58fe0a58e435b20f90c16708a72224a136e44db748d60f
2026-09-16T15:57:53Z	10543018	bc5c7534-39cd-425a-968c-9756aa122cc7	Software Development Engineer, Amazon OpenSearch Service - Control Plane	IN, KA, Bengaluru	Bengaluru	KA	IND	September 15, 2026		Software Development	aws	label=team-sde-primary		not_identified	preferred_only	none	distributed_systems,cloud_infrastructure,database_search,security_identity,application_backend	https://www.amazon.jobs/en/jobs/10543018/software-development-engineer-amazon-opensearch-service-control-plane	4d86a527093d75204c3837bdff60b34f171921a8394625495eb3e5c0c812f844
2026-09-16T15:57:53Z	10543019	9c821052-69fd-45a1-ae56-37e6ff600177	Software Development Engineer, Amazon Quick	US, WA, Seattle	Seattle	WA	USA	September 15, 2026		Software Development	aws	label=team-sde-primary		not_identified	preferred_only	none	distributed_systems,cloud_infrastructure,database_search,application_backend	https://www.amazon.jobs/en/jobs/10543019/software-development-engineer-amazon-quick	f645fa88186cc68a5bfe673dc5ac80017ade9a473d0227f517d86c5253d45b99
2026-09-16T15:57:53Z	10543108	b7e60cd7-7dc3-4fef-bffd-2063a2a7cebb	Software Development Engineer, Amazon OpenSearch Service - Plugins and Security	IN, KA, Bengaluru	Bengaluru	KA	IND	September 15, 2026		Software Development	aws	label=team-sde-primary		not_identified	preferred_only	none	distributed_systems,cloud_infrastructure,database_search,security_identity,application_backend	https://www.amazon.jobs/en/jobs/10543108/software-development-engineer-amazon-opensearch-service-plugins-and-security	852a0006d38ab5d239615e1797db3c896e3acfe5dea85bea202ef6449bae19ff
2026-09-16T15:57:53Z	10543111	29688368-7be5-43b0-94cb-276964db7d86	Senior Software Development Engineer, DSO (Demand Science Optimization)	MX, DIF, Mexico City	Mexico City	DIF	MEX	September 15, 2026		Software Development	alexa-and-amazon-devices	label=amazon-device-software-and-services		not_identified	preferred_only	none		https://www.amazon.jobs/en/jobs/10543111/senior-software-development-engineer-dso-demand-science-optimization	2fe70b340c69179a4907917edab26a17dd0baf51f14a00b0919cb85039e6816f
2026-09-16T15:57:53Z	10543180	8a40a107-8f47-4f82-a843-f2164d430408	Software Development Engineer II — Ads Reporting, Programmatic Reporting Interfaces	CA, ON, Toronto	Toronto	ON	CAN	September 15, 2026		Software Development	advertising	label=team-amazon-ads		not_identified	preferred_only	none	cloud_infrastructure,database_search,application_backend,operations_observability	https://www.amazon.jobs/en/jobs/10543180/software-development-engineer-ii-ads-reporting-programmatic-reporting-interfaces	ef0abba9f3351e9326051a00a2ee3a89e4419c61947cb772dca35b24846d81eb
2026-09-16T15:57:53Z	10543383	8eff4c5f-f845-4654-8697-6bce26b580e4	Senior Software Development Engineer, OneMHS Software Controls and Science	US, WA, Bellevue	Bellevue	WA	USA	September 15, 2026		Software Development	fulfillment-technology-and-robotics	label=one-material-handling-system		not_identified	preferred_only	none	machine_learning,distributed_systems,cloud_infrastructure,networking,application_backend,operations_observability	https://www.amazon.jobs/en/jobs/10543383/senior-software-development-engineer-onemhs-software-controls-and-science	4cc90ac3cd402c6064c0defbd77683da08e22fb558eb9222697dcac6a71826c5
2026-09-16T15:57:53Z	10543432	aeb74558-4b2d-4f19-9697-0f70a872a597	Software Development Engineer, Sidewalk Cloud	IN, KA, Bengaluru	Bengaluru	KA	IND	September 15, 2026		Software Development	alexa-and-amazon-devices	label=team-ring-key-blink		not_identified	preferred_only	none	cloud_infrastructure,networking,security_identity,operations_observability	https://www.amazon.jobs/en/jobs/10543432/software-development-engineer-sidewalk-cloud	b24baed0a98754d5d7ae9db19c6c0942a54609abd1fa5c0242c59fa04d3a9755
2026-09-16T15:57:53Z	10543738	d3f4052d-e9f5-48ef-98a5-3a2df0872e1f	Software Development Engineer, Luna SIPS	US, WA, Seattle	Seattle	WA	USA	September 15, 2026		Software Development	alexa-and-amazon-devices	label=team-luna		not_identified	preferred_only	none	distributed_systems,cloud_infrastructure,networking,embedded_systems,graphics_media,operations_observability	https://www.amazon.jobs/en/jobs/10543738/software-development-engineer-luna-sips	a16aeb50a9da05f86a86ec211c79e085acec55103867976fdf77b1c64a379f44
2026-09-16T15:57:53Z	10543746	dac8926c-77c8-4281-98de-04641b2b7691	Software Development Engineer II, Managed Operations (MO), AWS Managed Operations (MO)	US, VA, Arlington	Arlington	VA	USA	September 15, 2026		Software Development	aws	label=team-sde-primary		not_identified	preferred_only	none	machine_learning,distributed_systems,cloud_infrastructure,networking,database_search,security_identity,embedded_systems,application_backend	https://www.amazon.jobs/en/jobs/10543746/software-development-engineer-ii-managed-operations-mo-aws-managed-operations-mo	2a64f549ef35b9c63b4b19915d2c69aadc4929422a0e8bdd9aaa858d66b05f22
2026-09-16T15:57:53Z	10543812	7b9a2311-fe4c-4c1d-9643-09a32684da14	Software Development Engineer III, Contribution and Item Pipelines	US, CA, Sunnyvale	Sunnyvale	CA	USA	September 15, 2026		Software Development	ecp	label=team-ascs		not_identified	preferred_only	none	distributed_systems	https://www.amazon.jobs/en/jobs/10543812/software-development-engineer-iii-contribution-and-item-pipelines	5c5da2c8feb6ba8cfe051196f372137a974504394d35f3687c01b9109ccd0d54
2026-09-16T15:57:53Z	10543836	9ce6c3f7-f618-4549-91dd-c90198a33fb2	Software Development Engineer, Amazon Customer Service	US, WA, Seattle	Seattle	WA	USA	September 15, 2026		Software Development	customer-service	label=technology		not_identified	preferred_only	none	distributed_systems,cloud_infrastructure,security_identity,frontend_mobile,operations_observability	https://www.amazon.jobs/en/jobs/10543836/software-development-engineer-amazon-customer-service	06ff6fa3a6ac891593d65001f0b1416eeacca509f7c6f0adbbd0b05fe30fe7bc
2026-09-16T15:57:53Z	10543901	afcd2f8a-7935-447d-b16c-d880ffe8f8c4	Software Dev Engineer II, Technical Content Experience (TCX) Engineering	US, WA, Seattle	Seattle	WA	USA	September 15, 2026		Software Development	aws	label=team-sde-primary		not_identified	preferred_only	none	machine_learning,distributed_systems,cloud_infrastructure,database_search,operations_observability	https://www.amazon.jobs/en/jobs/10543901/software-dev-engineer-ii-technical-content-experience-tcx-engineering	4ab9ee147ca98c4928876ada18eda5777e52f0dcc9d40a8b2d125ca78360d08f
2026-09-16T15:57:53Z	10543914	be910d04-ff6c-44ab-957c-b0fe50d21273	Software Development Engineer, Real Time Visual Intelligence	US, CA, Irvine	Irvine	CA	USA	September 15, 2026		Software Development	alexa-and-amazon-devices	label=team-alexa-echo-devices		not_identified	basic_qualifications	none	distributed_systems,embedded_systems,application_backend	https://www.amazon.jobs/en/jobs/10543914/software-development-engineer-real-time-visual-intelligence	d98ae5a2890042900a910300463cb1892a216e81172d0e3342906f0bbf35a292
2026-09-16T15:57:53Z	10543916	e7daa9e6-5b22-4201-be52-42fc010f681c	Sr. Software Development Engineer, Amazon Demand Side Platform, Forecasting	US, NY, New York	New York	NY	USA	September 15, 2026		Software Development	advertising	label=team-amazon-ads		not_identified	preferred_only	none	machine_learning,cloud_infrastructure,application_backend	https://www.amazon.jobs/en/jobs/10543916/sr-software-development-engineer-amazon-demand-side-platform-forecasting	0d1dba80ca90ac2c479dacc0e18f62fca5f366352caba358b28a505600bae3be
2026-09-16T15:57:53Z	10543919	a5066ed5-48d3-4d4c-9072-01899c67f2e5	Senior Software Engineer, Demand Forecasting & Guidance	CA, ON, Toronto	Toronto	ON	CAN	September 15, 2026		Software Development	advertising	label=team-amazon-ads		not_identified	preferred_only	none	machine_learning,graphics_media,operations_observability	https://www.amazon.jobs/en/jobs/10543919/senior-software-engineer-demand-forecasting-guidance	b72e1418e0bfce8f986bfd70df1b22f5b93a3197ca21072da53fda96e038a210
2026-09-16T15:57:53Z	10543944	499b0786-8626-4e93-804f-138457e592e8	Software Dev Engineer II, AWS Discounts	US, WA, Seattle	Seattle	WA	USA	September 15, 2026		Software Development	aws	label=team-sde-primary		not_identified	basic_qualifications	none	distributed_systems,cloud_infrastructure,database_search,embedded_systems	https://www.amazon.jobs/en/jobs/10543944/software-dev-engineer-ii-aws-discounts	cdf009e033741258bbfe3e87cadf6a3e9a907ff0a2408e7f70a2aa69c32df988
2026-09-16T15:57:53Z	10544003	cc07a299-933b-4846-92a9-4ab6400fe3da	Software Development Engineer, 3P Measurement Tech	US, NY, New York	New York	NY	USA	September 15, 2026		Software Development	advertising	label=team-amazon-ads		not_identified	preferred_only	none	distributed_systems,cloud_infrastructure,embedded_systems,frontend_mobile	https://www.amazon.jobs/en/jobs/10544003/software-development-engineer-3p-measurement-tech	055b987e6a65a34af74835d78316e4e230c034de8c6722a9ca462ecca569a0d2
2026-09-16T15:57:53Z	10544005	e9f1d90c-9f60-4865-acb5-2ebe1b9e4a76	Software Development Engineer II, CloudWatch Collectors	IE, D, Dublin	Dublin	D	IRL	September 15, 2026		Software Development	aws	label=team-sde-primary		not_identified	preferred_only	none	distributed_systems,cloud_infrastructure,database_search,security_identity,operations_observability	https://www.amazon.jobs/en/jobs/10544005/software-development-engineer-ii-cloudwatch-collectors	5d73514f6ea334b9f20f6588a41ad76040b80077f34e6a650fb19e63c94ea346
2026-09-16T15:57:53Z	10544006	70e3f328-95ab-44c0-85de-04f8c7a9a58f	Senior Software Development Engineer, AWS CloudWatch	US, WA, Bellevue	Bellevue	WA	USA	September 15, 2026		Software Development	aws	label=team-sde-primary		not_identified	preferred_only	none	distributed_systems,cloud_infrastructure,operations_observability	https://www.amazon.jobs/en/jobs/10544006/senior-software-development-engineer-aws-cloudwatch	a74ba21854d6c0e39d8792d5a8ee7b4d4b791f10dc08dce5376d4402c2740826
2026-09-16T15:57:53Z	10544010	b2df7501-1a5f-43ae-92c2-a5b8ee71543c	Software Development Engineer III, Amazon Timestream	US, WA, Seattle	Seattle	WA	USA	September 15, 2026		Software Development	aws	label=team-sde-primary		not_identified	preferred_only	none	distributed_systems,cloud_infrastructure,database_search,frontend_mobile,operations_observability	https://www.amazon.jobs/en/jobs/10544010/software-development-engineer-iii-amazon-timestream	c01313ecf6f3b877fab5ab447ea4955e4a9d9d3e66668ec04ce19a60d5c80772
2026-09-16T15:57:53Z	10544015	0f3e9624-7031-4dc8-815e-1ff55d8877b7	Software Development Engineer II, GCNA-D Edge	US, WA, Seattle	Seattle	WA	USA	September 15, 2026		Software Development	aws	label=team-sde-primary		not_identified	basic_qualifications	none	distributed_systems,cloud_infrastructure,networking,security_identity,embedded_systems,graphics_media	https://www.amazon.jobs/en/jobs/10544015/software-development-engineer-ii-gcna-d-edge	0788ed2b1248f11013519ec8369a8bdc0921e80a4557ac40a106a8031ada64a3
2026-09-16T15:57:53Z	10544040	a6949faa-362c-4878-bdc6-00fd46c259b4	SDE II, EC2 Instance Networking, EC2 Nitro	US, WA, Seattle	Seattle	WA	USA	September 15, 2026		Software Development	aws	label=team-sde-primary		not_identified	basic_qualifications	none	machine_learning,distributed_systems,cloud_infrastructure,networking,security_identity,embedded_systems,operations_observability	https://www.amazon.jobs/en/jobs/10544040/sde-ii-ec2-instance-networking-ec2-nitro	363423cfddcdf863f356ccd6b88ae11035457cb4b88367c689dde9959f81d016
2026-09-16T15:57:53Z	10544048	262ff820-9908-48a7-b723-c7fbeb408247	Sr. Software Dev Engineer, Antenna Calibration	US, WA, Redmond	Redmond	WA	USA	September 15, 2026		Software Development	alexa-and-amazon-devices	label=team-project-kuiper		not_identified	preferred_only	none	networking,database_search,embedded_systems	https://www.amazon.jobs/en/jobs/10544048/sr-software-dev-engineer-antenna-calibration	eafdc8b8007c991b70bc47993552f8e958890102afaf1b9f568a15aff606bbcb
2026-09-16T15:57:53Z	10544071	acded34c-4141-43b8-8e46-1d2a8a73cb47	Jr. Software Development Engineer - San Luis Obispo, CA, Jr. Developer Program	US, CA, San Luis Obispo	San Luis Obispo	CA	USA	September 15, 2026		Software Development	global-corporate	label=no-team-listed		not_identified	basic_qualifications	none		https://www.amazon.jobs/en/jobs/10544071/jr-software-development-engineer-san-luis-obispo-ca-jr-developer-program	67c97543cb27544d9a21c67d2c3dcd4b06320b1b4234f8c51dbba32b5ab9b582
2026-09-16T15:57:53Z	10544074	bbbf1923-13a3-4242-8ce8-39d3220bb638	Software Development Engineer, Amazon Ads Demand Tech, Forecasting and Guidance	US, CA, Palo Alto	Palo Alto	CA	USA	September 15, 2026		Software Development	advertising	label=team-amazon-ads		not_identified	basic_qualifications	none	machine_learning,distributed_systems,database_search,embedded_systems,frontend_mobile,application_backend,operations_observability	https://www.amazon.jobs/en/jobs/10544074/software-development-engineer-amazon-ads-demand-tech-forecasting-and-guidance	c4f94bb0a4735c71b4a164335004262e66a99952a1e829bbb170c32e0a8a82db
2026-09-16T15:57:53Z	10544124	e6e3032e-7bbc-4780-955c-22682f77a7d8	Software Engineer , Selection Monitoring	IN, KA, Bengaluru	Bengaluru	KA	IND	September 16, 2026		Software Development	ecp	label=team-ascs		not_identified	preferred_only	none	machine_learning,distributed_systems,cloud_infrastructure,database_search,security_identity,graphics_media,application_backend,operations_observability	https://www.amazon.jobs/en/jobs/10544124/software-engineer-selection-monitoring	e02190b6a274c3aeaf2b91ebd8fd7c6363703db4fa83f7dea7a5036d87e51177
2026-09-16T15:57:53Z	10544200	1430d8cb-48aa-4638-9a5d-33d58f922399	Software Development Engineer , AWS Kubernetes (K8s), AWS Kubernetes	US, CA, Santa Clara	Santa Clara	CA	USA	September 16, 2026		Software Development	aws	label=team-sde-primary		not_identified	preferred_only	none	distributed_systems,cloud_infrastructure,networking,operations_observability	https://www.amazon.jobs/en/jobs/10544200/software-development-engineer-aws-kubernetes-k8s-aws-kubernetes	46637176ab259c2fbfaf02fc4478c9ddda45954c9a7db1ffd2905be13fc6d7c6
2026-09-16T15:57:53Z	10544235	b7368cb5-ffdc-4636-9c4a-c0200cc4da59	Senior Software Engineer, Graviton Software	US, TX, Austin	Austin	TX	USA	September 16, 2026		Software Development	aws	label=team-sde-primary		not_identified	preferred_only	mention_only	compiler_mention,cloud_infrastructure,database_search,embedded_systems,application_backend	https://www.amazon.jobs/en/jobs/10544235/senior-software-engineer-graviton-software	8ba761544722b9c92a5607a275719aaa480079038b174c1aeacd75b57ac2bd33
2026-09-16T15:57:53Z	10544324	69a84d23-cc55-426e-87a5-126e0407233b	Software Development Engineer II, India HealthCare	IN, KA, Bengaluru	Bengaluru	KA	IND	September 16, 2026		Software Development	amazon-business	label=no-team-listed		not_identified	preferred_only	none	database_search	https://www.amazon.jobs/en/jobs/10544324/software-development-engineer-ii-india-healthcare	9de508088e5ef6767885b4fa88fdd08385a34410a8237d3cf9e32f036d9c0f0c
2026-09-16T15:57:53Z	10544575	9ac548e6-b298-4924-88e8-695cd25079e6	Software Development Engineer, AWS Marketplace	US, NY, New York	New York	NY	USA	September 16, 2026		Software Development	aws	label=team-sde-primary		not_identified	basic_qualifications	none	machine_learning,distributed_systems,cloud_infrastructure,embedded_systems,application_backend	https://www.amazon.jobs/en/jobs/10544575/software-development-engineer-aws-marketplace	c847b5c6c4a2d290fcd1a963608b60957d98d2a9e7f62fdc63ab2c33b7edf53e
2026-09-16T15:57:53Z	10544608	fa5e975c-ab01-4bd3-9f2b-3d22a6bcd497	Software Development Engineer, AWS Security	US, WA, Seattle	Seattle	WA	USA	September 16, 2026		Software Development	amazon-security	label=team-aws-security		not_identified	preferred_only	none	cloud_infrastructure,database_search,security_identity,operations_observability	https://www.amazon.jobs/en/jobs/10544608/software-development-engineer-aws-security	41e48435647ecf0adb919ccbef6a4078d660694d17413751c4bc689906642f8b
2026-09-16T15:57:53Z	10544626	e59bde4d-27e5-4daf-af40-7a24cf971d40	Software Development Engineer, AWS Transform Migrations	US, MA, Boston	Boston	MA	USA	September 16, 2026		Software Development	aws	label=team-sde-primary		not_identified	preferred_only	none	cloud_infrastructure,networking,database_search,application_backend	https://www.amazon.jobs/en/jobs/10544626/software-development-engineer-aws-transform-migrations	e1861aba7528f86b42600f26bb30392957c7520ca3004d867f253b481c2ecaf7
2026-09-16T15:57:53Z	10544628	037179f6-5fba-45d3-8064-157e15c9afe8	Software Dev Engineer II-TEST , Agentic Workspaces	US, WA, Seattle	Seattle	WA	USA	September 16, 2026		Software Development	aws	label=team-sde-primary		not_identified	not_stated	none	cloud_infrastructure,networking,database_search,security_identity,graphics_media,application_backend	https://www.amazon.jobs/en/jobs/10544628/software-dev-engineer-ii-test-agentic-workspaces	025d2ebb740c925270495cca0368f41190dd3c7ecbe063c03eac61a7284bc871
2026-09-16T15:57:53Z	10544656	88a23efb-125a-436e-a5f9-b627c74dd766	Software Development Engineer, (Level 5)	US, WA, Seattle	Seattle	WA	USA	September 16, 2026		Software Development	aws	label=team-sde-primary		not_identified	preferred_only	none	cloud_infrastructure,networking,database_search,security_identity	https://www.amazon.jobs/en/jobs/10544656/software-development-engineer-level-5	83e1efd28d8fc6ccb58d21daa6fc21533cf11b937f6abd5c57060a8f6615cc9d
2026-09-16T15:57:53Z	10544701	ecac7480-b051-4dfa-987d-661f2e661302	Software Development Engineer II, Hosted Execution (HEX)	US, WA, Seattle	Seattle	WA	USA	September 16, 2026		Software Development	ecp	label=builder-works		not_identified	basic_qualifications	none	distributed_systems,cloud_infrastructure,embedded_systems,operations_observability	https://www.amazon.jobs/en/jobs/10544701/software-development-engineer-ii-hosted-execution-hex	a9d958c4e2daa302ec150904d1f63a248eef73ce84f44f3f6330e4adfdf5d631
