retrieved_at	amazon_job_id	source_record_id	title	location	city	state	country	posted	updated	job_category	business_category	team	schedule_type	manager_status	degree_status	compiler_screening	domain_tags	source_url	source_record_sha256
2026-09-16T15:57:53Z	2925690	8ba4df35-d713-46b4-b2db-51a33f4c74a3	Sr. SDE, MLA hardware/software co-design, Annapurna Labs Machine Learning Acceleration	US, TX, Austin	Austin	TX	USA	March 12, 2025		Software Development	aws	label=team-machine-learning-primary		not_identified	not_stated	none	machine_learning,cloud_infrastructure,database_search,security_identity,embedded_systems,application_backend	https://www.amazon.jobs/en/jobs/2925690/sr-sde-mla-hardware-software-co-design-annapurna-labs-machine-learning-acceleration	df3f349c73413eb87018b681b0a53d46f4f6767f9676c0f86b167fe51c97be79
2026-09-16T15:57:53Z	2989101	380c8a67-4e26-4f4d-9d39-72e522bb79e8	Sr. Software Engineer- AI/ML, AWS Neuron Distributed Training - Performance Optimization	US, WA, Seattle	Seattle	WA	USA	May 21, 2025		Software Development	aws	label=team-sde-primary		not_identified	preferred_only	mention_only	compiler_mention,machine_learning,cloud_infrastructure,embedded_systems	https://www.amazon.jobs/en/jobs/2989101/sr-software-engineer-ai-ml-aws-neuron-distributed-training-performance-optimization	16182d7865e23f386057356213576ecb9bfc7aebb7a4e6faf0e1bb21d250be56
2026-09-16T15:57:53Z	3062273	f5697965-aa34-48ca-a7f4-eec12a4f0bac	Software Development Engineer, ML Systems, Annapurna Labs	US, NY, New York	New York	NY	USA	August 19, 2025		Software Development	aws	label=team-machine-learning-primary		not_identified	preferred_only	mention_only	compiler_mention,machine_learning,distributed_systems,cloud_infrastructure,networking,database_search,security_identity,application_backend	https://www.amazon.jobs/en/jobs/3062273/software-development-engineer-ml-systems-annapurna-labs	3aa6fb930ef991ce7aa0663e4468037561de4050677e2b48d0c269f83d83a133
2026-09-16T15:57:53Z	3098222	e511fa52-4a0b-489e-93b7-2ca78c62f80f	Sr. Software Engineer- AI/ML, AWS Neuron Distributed Training	US, WA, Seattle	Seattle	WA	USA	September 30, 2025		Software Development	aws	label=team-sde-primary		not_identified	basic_qualifications	mention_only	compiler_mention,machine_learning,cloud_infrastructure,database_search,application_backend	https://www.amazon.jobs/en/jobs/3098222/sr-software-engineer-ai-ml-aws-neuron-distributed-training	22d7f109276d480c2a47d303c10675cd7e6f4b6aec1e5731e3b10926004501ef
2026-09-16T15:57:53Z	3119465	308a6f8b-c8a0-46e3-9c0f-f486a3a2b8a9	Machine Learning - Compiler Engineer , AWS Neuron, Annapurna Labs	US, CA, Cupertino	Cupertino	CA	USA	October 31, 2025		Software Development	aws	label=team-machine-learning-primary		not_identified	preferred_only	core_candidate_title	compiler_mention,machine_learning,cloud_infrastructure,database_search,security_identity,graphics_media,application_backend	https://www.amazon.jobs/en/jobs/3119465/machine-learning-compiler-engineer-aws-neuron-annapurna-labs	ae7bd23b1b484f27aa5631f790142f34033278adaa6bc77827bdfa0c964b5031
2026-09-16T15:57:53Z	3120217	1d764894-4eda-43ee-92b3-42ca8f08183f	Sr. Firmware Engineer, Annapurna Labs, Machine Learning Acceleration - Power and Performance	US, TX, Austin	Austin	TX	USA	November 3, 2025		Software Development	aws	label=team-hardware-development-primary		not_identified	basic_qualifications	none	machine_learning,cloud_infrastructure,embedded_systems,application_backend,operations_observability	https://www.amazon.jobs/en/jobs/3120217/sr-firmware-engineer-annapurna-labs-machine-learning-acceleration-power-and-performance	08438df5d046a8dd827023dba14bbb264d36e8802c4ddeab8ce99156cd548159
2026-09-16T15:57:53Z	3121777	ed1f37fa-8233-4216-8eb4-5a862845ca31	Senior SDE, Luna Gen AI	US, WA, Seattle	Seattle	WA	USA	November 5, 2025		Software Development	alexa-and-amazon-devices	label=team-luna		not_identified	basic_qualifications	none	machine_learning,distributed_systems,cloud_infrastructure,security_identity,application_backend,operations_observability	https://www.amazon.jobs/en/jobs/3121777/senior-sde-luna-gen-ai	0a215fa59dae2cb772c65e789d04fe02e377c47641a971d1297a937728fed516
2026-09-16T15:57:53Z	3123956	cff2fd70-417e-4e82-b2c2-70d34c8533fc	Software Dev Engineer II, Secure Customer Content Storage and Analytics, AWS Applied AI Solution – Core Services	US, CA, Santa Clara	Santa Clara	CA	USA	November 10, 2025		Software Development	aws	label=team-sde-primary		not_identified	preferred_only	none	machine_learning,distributed_systems,cloud_infrastructure,database_search,security_identity,application_backend,operations_observability	https://www.amazon.jobs/en/jobs/3123956/software-dev-engineer-ii-secure-customer-content-storage-and-analytics-aws-applied-ai-solution-core-services	a4f715a38adffe503817d7aceb70e7ac73662a35124f142b0285352870290659
2026-09-16T15:57:53Z	3127844	db7de11d-533c-4704-96cb-b5084cb4bedf	Senior Software Development Engineer, Luna Gen AI	US, WA, Seattle	Seattle	WA	USA	November 17, 2025		Software Development	alexa-and-amazon-devices	label=team-luna		not_identified	basic_qualifications	none	machine_learning,distributed_systems,cloud_infrastructure,security_identity,application_backend,operations_observability	https://www.amazon.jobs/en/jobs/3127844/senior-software-development-engineer-luna-gen-ai	c44d4b5762e7bdb3f4d2ffe3901bd2afe532acc9ccae9b6a8b6db8aed7df0635
2026-09-16T15:57:53Z	3147697	de76d272-cdaf-46f4-9c76-5d977e4b7f54	Software Development Engineer, AWS Agentic AI	IL, Haifa	Haifa		ISR	December 22, 2025		Software Development	aws	label=team-sde-primary		not_identified	preferred_only	none	machine_learning,cloud_infrastructure,application_backend	https://www.amazon.jobs/en/jobs/3147697/software-development-engineer-aws-agentic-ai	1cf89742ce08c945c72124f0a1af7671355ce9454223240937f9f1a4ff824659
2026-09-16T15:57:53Z	3149763	cdd6ae37-d9c2-4e91-88f7-97f0ff2a0fe6	Sr. ASIC Design Engineer, Cloud-Scale Machine Learning Acceleration - Annapurna Labs	US, TX, Austin	Austin	TX	USA	December 29, 2025		Software Development	aws	label=team-sde-primary		not_identified	basic_qualifications	none	machine_learning,cloud_infrastructure,networking,database_search,security_identity,application_backend	https://www.amazon.jobs/en/jobs/3149763/sr-asic-design-engineer-cloud-scale-machine-learning-acceleration-annapurna-labs	a62c34dd7209900488be6ca8ad5746274b060d3f038e9708aa0b3e4aa5f38b33
2026-09-16T15:57:53Z	3151409	073f87eb-e69d-4832-9436-7a835a560dba	Software Development Engineer, ML Systems, Annapurna Labs	US, NY, New York	New York	NY	USA	January 3, 2026		Software Development	aws	label=team-machine-learning-primary		not_identified	preferred_only	mention_only	compiler_mention,machine_learning,distributed_systems,cloud_infrastructure,networking,database_search,security_identity,application_backend	https://www.amazon.jobs/en/jobs/3151409/software-development-engineer-ml-systems-annapurna-labs	c9038e7165dc7a56aab2964d0bd9f61b6a3d04b937ab908057dfc09c1bb8cb15
2026-09-16T15:57:53Z	3152739	90fba324-a9f5-4dee-85c0-0c1c6197b536	SDE, MLA hardware/software co-design, Annapurna Labs Machine Learning Acceleration	US, TX, Austin	Austin	TX	USA	January 5, 2026		Software Development	aws	label=team-machine-learning-primary		not_identified	basic_qualifications	none	machine_learning,cloud_infrastructure,database_search,security_identity,embedded_systems,application_backend	https://www.amazon.jobs/en/jobs/3152739/sde-mla-hardware-software-co-design-annapurna-labs-machine-learning-acceleration	5dbbc8482c928b8a712f52ef4dafbc3633a72cd488276b75aae4903c652a3a60
2026-09-16T15:57:53Z	3158229	7cfb7d16-293c-426e-89a5-c27c9d05866d	Sr. Machine Learning Engineer, AWS Applied AI Solution	US, WA, Seattle	Seattle	WA	USA	January 13, 2026		Software Development	aws	label=team-sde-primary		not_identified	preferred_only	none	machine_learning,cloud_infrastructure	https://www.amazon.jobs/en/jobs/3158229/sr-machine-learning-engineer-aws-applied-ai-solution	ff78568630b565c94af8f5d1aee73910fb4d86a82cb521881c47b468d1aab5bf
2026-09-16T15:57:53Z	3162426	14033066-f17b-4bf9-bb92-97f68fe6939a	Senior Virtual Platform Software Engineer, Annapurna Labs Machine Learning Accelerators, AWS	US, CA, Cupertino	Cupertino	CA	USA	January 20, 2026		Software Development	aws	label=team-sde-primary		not_identified	preferred_only	none	machine_learning,cloud_infrastructure,embedded_systems,graphics_media	https://www.amazon.jobs/en/jobs/3162426/senior-virtual-platform-software-engineer-annapurna-labs-machine-learning-accelerators-aws	7aef48d99ead77e01d9ec77cd674c0322cde12cf42bf5f2558a048da55381582
2026-09-16T15:57:53Z	3163024	73f93aab-aad0-4de6-8cfa-c72b21395e0f	Principal Software Engineer, Alexa AI (AURORA)	IN, KA, Bengaluru	Bengaluru	KA	IND	January 21, 2026		Software Development	alexa-and-amazon-devices	label=devices-and-services-teams		not_identified	not_stated	none	machine_learning,distributed_systems,cloud_infrastructure,networking,database_search,operations_observability	https://www.amazon.jobs/en/jobs/3163024/principal-software-engineer-alexa-ai-aurora	3966b9370b30d0346ff962471b63f349d7a1476d4d1a5036561a6e8ba897c761
2026-09-16T15:57:53Z	3167825	9daca90b-1278-4c80-844b-8015daec50d4	Software Development Engineer, AWS Agentic AI	IL, Haifa	Haifa		ISR	January 27, 2026		Software Development	aws	label=team-sde-primary		not_identified	preferred_only	none	machine_learning,cloud_infrastructure,application_backend	https://www.amazon.jobs/en/jobs/3167825/software-development-engineer-aws-agentic-ai	3f1efc8fae95471455b5379e76e552ef22aac8ff7e88b09c0fe8eb4521f180f9
2026-09-16T15:57:53Z	3168219	467ef60c-a0af-4e97-a08c-2fa619fc485b	Sr. Software Engineer- AI/ML, AWS Neuron Distributed Training	US, CA, Cupertino	Cupertino	CA	USA	January 27, 2026		Software Development	aws	label=team-sde-primary		not_identified	basic_qualifications	mention_only	compiler_mention,machine_learning,cloud_infrastructure,database_search	https://www.amazon.jobs/en/jobs/3168219/sr-software-engineer-ai-ml-aws-neuron-distributed-training	5e3f996c5b0e2270b22db9803bd320d23507f0c35c149c9323af9d9b00736574
2026-09-16T15:57:53Z	3168926	637f3653-02b3-4d59-ac81-25cf34a6853f	Sr. Machine Learning - Compiler Engineer III, AWS Neuron, Annapurna Labs	US, CA, Cupertino	Cupertino	CA	USA	January 28, 2026		Software Development	aws	label=team-machine-learning-primary		not_identified	preferred_only	core_candidate_title	compiler_mention,machine_learning,cloud_infrastructure,networking	https://www.amazon.jobs/en/jobs/3168926/sr-machine-learning-compiler-engineer-iii-aws-neuron-annapurna-labs	6b0b973575174853836ddff593b66f5d33165ad6ba8e6dc5b710d68a03a13e64
2026-09-16T15:57:53Z	3175270	420d5544-0922-48db-8ac7-0b735caedbbc	Software Engineer- AI/ML, AWS Neuron Distributed Training - Performance Optimization	US, WA, Seattle	Seattle	WA	USA	February 5, 2026		Software Development	aws	label=team-sde-primary		not_identified	preferred_only	mention_only	compiler_mention,machine_learning,cloud_infrastructure,embedded_systems,application_backend	https://www.amazon.jobs/en/jobs/3175270/software-engineer-ai-ml-aws-neuron-distributed-training-performance-optimization	355d0395451285c52d173cd29ac59f7204f1f81d5c1f40ad18e88802add33261
2026-09-16T15:57:53Z	3190444	6365da59-099f-460a-9b62-418335055c71	Senior Software Development Engineer, AWS Machine Learning Accelerators	US, CA, Cupertino	Cupertino	CA	USA	February 26, 2026		Software Development	aws	label=team-sde-primary		not_identified	preferred_only	none	machine_learning,cloud_infrastructure,database_search,security_identity,application_backend	https://www.amazon.jobs/en/jobs/3190444/senior-software-development-engineer-aws-machine-learning-accelerators	43ed3df3bcf44251467d0fd370eb211ea8416b81d2c12b7a485e138671e87cde
2026-09-16T15:57:53Z	3196031	88df923a-34af-4633-bdb4-230cdd2405bd	Principal, Senior Principal and Distinguished Engineer, AWS Agentic AI	US, WA, Seattle	Seattle	WA	USA	March 4, 2026		Software Development	aws	label=team-sde-primary		not_identified	not_stated	none	machine_learning,distributed_systems,cloud_infrastructure,networking,database_search,security_identity,operations_observability	https://www.amazon.jobs/en/jobs/3196031/principal-senior-principal-and-distinguished-engineer-aws-agentic-ai	a693359690168ec7695ffa1790ed9148145790fa96c9c81a545dd55b29daacc9
2026-09-16T15:57:53Z	3198595	b92ca596-b62a-46f0-a709-1bbff2171076	Senior Architecture Modeling Engineer, AWS Machine Learning Accelerators	US, CA, Cupertino	Cupertino	CA	USA	March 6, 2026		Software Development	aws	label=team-sde-primary		not_identified	preferred_only	none	machine_learning,cloud_infrastructure,database_search,security_identity,application_backend	https://www.amazon.jobs/en/jobs/3198595/senior-architecture-modeling-engineer-aws-machine-learning-accelerators	65e03e3d7b25c281107d094986e306f57b72c35184414ee40301c90a7e1e2043
2026-09-16T15:57:53Z	3199739	115f038d-0351-481d-9ac5-aeb8bf05804d	Senior Software Development Engineer , Stores Foundational AI - Rufus	US, CA, Palo Alto	Palo Alto	CA	USA	March 9, 2026		Software Development	consumer_engagement	label=no-team-listed		not_identified	preferred_only	none	machine_learning,security_identity	https://www.amazon.jobs/en/jobs/3199739/senior-software-development-engineer-stores-foundational-ai-rufus	453302ae550209a93213fd9b253ec675a80ee33de7c1750ce08a0363fbd45421
2026-09-16T15:57:53Z	3205794	48fc6a5a-f742-47ea-a2a1-e2b43ff288a4	Sr. ASIC Design Engineer, Cloud-Scale Machine Learning Acceleration team - Annapurna Labs	US, CA, Cupertino	Cupertino	CA	USA	March 16, 2026		Software Development	aws	label=team-sde-primary		not_identified	basic_qualifications	none	machine_learning,cloud_infrastructure,networking,application_backend	https://www.amazon.jobs/en/jobs/3205794/sr-asic-design-engineer-cloud-scale-machine-learning-acceleration-team-annapurna-labs	eb97d8bd50e9a9d18bcb7778c4296633ba3811c7daf9aea865537f92dba88027
2026-09-16T15:57:53Z	3206040	d7d4a17d-6e67-4b01-89ac-6107096cdfa8	SDE-II, Healthcare AI	US, CA, Mountain View	Mountain View	CA	USA	March 16, 2026		Software Development	aws	label=team-sde-primary		not_identified	preferred_only	none	machine_learning,cloud_infrastructure,application_backend	https://www.amazon.jobs/en/jobs/3206040/sde-ii-healthcare-ai	09dfc02d45f46346ed451981bde7763f1dd0d1f9d0f2966c092f1efe41feb824
2026-09-16T15:57:53Z	3206096	3dea336c-e575-47b2-a754-c525eca391b1	Software Dev Engineer III, Ads AI Core Infra	IN, KA, Bengaluru	Bengaluru	KA	IND	March 16, 2026		Software Development	advertising	label=team-amazon-ads		not_identified	preferred_only	none	distributed_systems,cloud_infrastructure,application_backend	https://www.amazon.jobs/en/jobs/3206096/software-dev-engineer-iii-ads-ai-core-infra	e28b3ba7dab7ca3441fdb96b9d5fa687616b8def998f1d1d65d3c744ec20a579
2026-09-16T15:57:53Z	10373241	f3065092-15ff-448c-a178-968ca8069e09	Applied GenAI Engineer, Amazon Logistics	JP, 13, Tokyo	Tokyo	13	JPN	March 23, 2026		Software Development	fulfillment-and-operations	label=no-team-listed		not_identified	not_stated	none	machine_learning,cloud_infrastructure,database_search,security_identity,operations_observability	https://www.amazon.jobs/en/jobs/10373241/applied-genai-engineer-amazon-logistics	5328a88e9a81f9892cbe7511c79f4b5b772d91e2a79dfa4e54a96952f61f704f
2026-09-16T15:57:53Z	10375238	016d1058-7c8a-43d2-80c3-787b2ea424a0	Senior AI SoC Modeling Engineer, Annapurna Labs Machine Learning Accelerators, AWS	US, CA, Cupertino	Cupertino	CA	USA	March 24, 2026		Software Development	aws	label=team-sde-primary		not_identified	not_stated	mention_only	compiler_mention,machine_learning,cloud_infrastructure,networking,database_search,graphics_media	https://www.amazon.jobs/en/jobs/10375238/senior-ai-soc-modeling-engineer-annapurna-labs-machine-learning-accelerators-aws	aa0e66747d6179a150d47c82b9666b64fa50007f8775648c6904009f05f096a0
2026-09-16T15:57:53Z	10375239	10e3bc79-c061-4139-8d9e-989bbd44c0ba	Senior SoC Systems Software Engineer, Annapurna Labs Machine Learning Accelerators, AWS	US, CA, Cupertino	Cupertino	CA	USA	March 24, 2026		Software Development	aws	label=team-sde-primary		not_identified	not_stated	mention_only	compiler_mention,machine_learning,distributed_systems,cloud_infrastructure,networking,embedded_systems,graphics_media	https://www.amazon.jobs/en/jobs/10375239/senior-soc-systems-software-engineer-annapurna-labs-machine-learning-accelerators-aws	d3db96448d7b7718f28d9dc449ff5390888e74e9488dff739202800af2e9d7b3
2026-09-16T15:57:53Z	10378117	23ddc0ff-b9ec-4980-bc5d-9d89450b30b4	Virtual Platform Software Engineer, Annapurna Labs Machine Learning Accelerators, AWS	US, CA, Cupertino	Cupertino	CA	USA	March 27, 2026		Software Development	aws	label=team-sde-primary		not_identified	not_stated	none	machine_learning,cloud_infrastructure,embedded_systems,graphics_media	https://www.amazon.jobs/en/jobs/10378117/virtual-platform-software-engineer-annapurna-labs-machine-learning-accelerators-aws	24365ee4bc01f5a13472cc468b6a4ee761ecbd813c2e2c4e7c8972ddb1692049
2026-09-16T15:57:53Z	10378119	fa128687-d9eb-4d4c-864f-2e81cea43d7a	AI SoC Modeling Engineer, Annapurna Labs Machine Learning Accelerators, AWS	US, CA, Cupertino	Cupertino	CA	USA	March 27, 2026		Software Development	aws	label=team-sde-primary		not_identified	not_stated	mention_only	compiler_mention,machine_learning,cloud_infrastructure,networking,database_search,graphics_media	https://www.amazon.jobs/en/jobs/10378119/ai-soc-modeling-engineer-annapurna-labs-machine-learning-accelerators-aws	419ad2c11845e7ba807dc4ab195434bd6c1cec88317be027364df84cb46df7dc
2026-09-16T15:57:53Z	10378122	7cc2d27d-fe91-46e5-92b1-e219d3df4aab	SoC Systems Software Engineer, Annapurna Labs Machine Learning Accelerators, AWS	US, CA, Cupertino	Cupertino	CA	USA	March 27, 2026		Software Development	aws	label=team-sde-primary		not_identified	not_stated	mention_only	compiler_mention,machine_learning,distributed_systems,cloud_infrastructure,networking,embedded_systems	https://www.amazon.jobs/en/jobs/10378122/soc-systems-software-engineer-annapurna-labs-machine-learning-accelerators-aws	71e67de5acb8941ffaeb6cd29ca33eb0c7bffc3828774e6b88fab251eeb77bae
2026-09-16T15:57:53Z	10378255	0205951e-6982-465e-b174-68287b037f27	ML Kernel Performance Engineer, AWS Neuron, Annapurna Labs	US, CA, Cupertino	Cupertino	CA	USA	March 27, 2026		Software Development	aws	label=team-sde-primary		not_identified	preferred_only	mention_only	compiler_mention,machine_learning,cloud_infrastructure,embedded_systems,application_backend	https://www.amazon.jobs/en/jobs/10378255/ml-kernel-performance-engineer-aws-neuron-annapurna-labs	262af27f7fa91751e493027daff022cb3edce596a466e6155df4b99c1ad62226
2026-09-16T15:57:53Z	10378262	104f54d2-f4da-4d02-bf7d-f83a8e01fa64	Sr Software Development Engineer, Ads AI Core Infra	IN, KA, Bengaluru	Bengaluru	KA	IND	March 27, 2026		Software Development	advertising	label=team-amazon-ads		not_identified	preferred_only	none	distributed_systems,cloud_infrastructure,application_backend	https://www.amazon.jobs/en/jobs/10378262/sr-software-development-engineer-ads-ai-core-infra	5644f8ef7b0e623d955d9149ce15a3f29acc4418fa3943af96f2ef32acf77612
2026-09-16T15:57:53Z	10381248	92453e98-92dd-42a3-9d8f-ca739d4cdad8	Software Engineer - ML and Distributed Systems, Amazon Personalize	US, CA, Mountain View	Mountain View	CA	USA	April 1, 2026		Software Development	aws	label=team-sde-primary		not_identified	preferred_only	none	machine_learning,distributed_systems,cloud_infrastructure,database_search,application_backend	https://www.amazon.jobs/en/jobs/10381248/software-engineer-ml-and-distributed-systems-amazon-personalize	d0c002d969982fffe225a529afa8fdcb72d032c1bff3694e7219aa92a0998aa3
2026-09-16T15:57:53Z	10383160	b51d3eeb-d579-4708-97c0-ba9712afb0b4	AI Builder, Ring	US, CA, Hawthorne	Hawthorne	CA	USA	April 3, 2026		Software Development	alexa-and-amazon-devices	label=team-ring-key-blink		not_identified	basic_qualifications	none	distributed_systems,cloud_infrastructure,embedded_systems	https://www.amazon.jobs/en/jobs/10383160/ai-builder-ring	c93d90b1b313bd86d14e83ef349150f6dd55cdcb71e051bb7591317cf3fc2e26
2026-09-16T15:57:53Z	10389024	f0f7b011-49d4-4f02-b765-07f2909d5452	Sr. Software Development Engineer, AI Gen Creative Building	US, NY, New York	New York	NY	USA	April 10, 2026		Software Development	advertising	label=team-amazon-ads		not_identified	preferred_only	none	machine_learning,cloud_infrastructure,database_search,security_identity,frontend_mobile,application_backend	https://www.amazon.jobs/en/jobs/10389024/sr-software-development-engineer-ai-gen-creative-building	6556dd10ce9c4efbabf205c9f761d8107482b25de3fcff71d0e0a764e46bfbba
2026-09-16T15:57:53Z	10407389	895b72c3-d2aa-4abc-bb37-21df4c28b442	Software Engineer II, Annapurna Labs ML Acceleration System Software	US, TX, Austin	Austin	TX	USA	April 29, 2026		Software Development	aws	label=team-sde-primary		not_identified	preferred_only	none	machine_learning,cloud_infrastructure,embedded_systems,application_backend,operations_observability	https://www.amazon.jobs/en/jobs/10407389/software-engineer-ii-annapurna-labs-ml-acceleration-system-software	f8702ebbf161a0b605131a19d7b1db3d1d2bceb5c331e2571af825b37964f59b
2026-09-16T15:57:53Z	10408416	0c18b389-044f-491e-b16e-d64790f4c779	Software Engineer II, Annapurna Labs ML Acceleration Systems Software	US, TX, Austin	Austin	TX	USA	April 30, 2026		Software Development	aws	label=team-sde-primary		not_identified	preferred_only	none	machine_learning,cloud_infrastructure,embedded_systems,application_backend,operations_observability	https://www.amazon.jobs/en/jobs/10408416/software-engineer-ii-annapurna-labs-ml-acceleration-systems-software	fb9cb2dc109ec8c66bdfbe4949959f4b72ba6a97cd9eaf0ac7338733354e0438
2026-09-16T15:57:53Z	10409009	9e590042-7a6f-4b34-b23b-566ee0111856	Sr. Machine Learning - Compiler Engineer III, AWS Neuron, Annapurna Labs	US, CA, Cupertino	Cupertino	CA	USA	May 1, 2026		Software Development	aws	label=team-machine-learning-primary		not_identified	preferred_only	core_candidate_title	compiler_mention,machine_learning,cloud_infrastructure,database_search,security_identity,application_backend	https://www.amazon.jobs/en/jobs/10409009/sr-machine-learning-compiler-engineer-iii-aws-neuron-annapurna-labs	69fc519a6f2f8d4b80a2d2da5b545d65980595a6d918bd90f5e1c0511196b74f
2026-09-16T15:57:53Z	10409010	4aec326d-1472-429c-82cc-9d085215f9c8	AI Hardware Systems Manager, Annapurna Labs, Trainium Machine Learning Fleet Operations	US, TX, Austin	Austin	TX	USA	June 15, 2026		Software Development	aws	label=team-aws-sdm		title_inferred	basic_qualifications	none	machine_learning,distributed_systems,cloud_infrastructure,graphics_media,application_backend,operations_observability	https://www.amazon.jobs/en/jobs/10409010/ai-hardware-systems-manager-annapurna-labs-trainium-machine-learning-fleet-operations	624905cf5a220ac35e1e74224c30782d31f04760384ac488b60e15c43a8324c5
2026-09-16T15:57:53Z	10409017	0def1fdd-6382-4960-b4ea-de52b9905fc9	C/C++ Hardware / Software Co-Design SDE, Machine Learning Acceleration Systems	US, CA, Cupertino	Cupertino	CA	USA	May 1, 2026		Software Development	aws	label=team-sde-primary		not_identified	preferred_only	none	machine_learning,cloud_infrastructure,networking,embedded_systems,application_backend	https://www.amazon.jobs/en/jobs/10409017/c-c-hardware-software-co-design-sde-machine-learning-acceleration-systems	4151758117d7b7f63696ab722936d9ee9f09f0d5824002c3d2d92d1ebcf8da67
2026-09-16T15:57:53Z	10409021	29a09672-d762-43a1-af13-c1fe80776477	Sr. DFT Design Engineer, AWS Machine Learning Acceleration	US, TX, Austin	Austin	TX	USA	May 1, 2026		Software Development	aws	label=team-machine-learning-primary		not_identified	basic_qualifications	none	machine_learning,cloud_infrastructure	https://www.amazon.jobs/en/jobs/10409021/sr-dft-design-engineer-aws-machine-learning-acceleration	e9f034db6b6337cf662f98ec2fa71ebde870f53c279b6247e1af8296807552e6
2026-09-16T15:57:53Z	10411920	c5bc1cc6-17ae-40ce-b19e-0c1c6f623c41	ASIC Design Engineer II, Annapurna Labs - Cloud-Scale Machine Learning Acceleration	US, CA, Cupertino	Cupertino	CA	USA	May 5, 2026		Software Development	aws	label=team-sde-primary		not_identified	basic_qualifications	none	machine_learning,cloud_infrastructure,application_backend	https://www.amazon.jobs/en/jobs/10411920/asic-design-engineer-ii-annapurna-labs-cloud-scale-machine-learning-acceleration	0d84dd4c9a3cc64fa20982c76d30a3517073a65ae4200d4d47581cf2f8a73432
2026-09-16T15:57:53Z	10416027	c7b36472-9b8c-4d79-a944-9634d941135a	Senior Software Development Engineer (AWS ML), Machine Learning Israel (MLIL) — FLOW sub-team (Fleet Lifecycle & Operational Workflows)	IL, Tel Aviv	Tel Aviv		ISR	May 11, 2026		Software Development	aws	label=team-sde-primary		not_identified	basic_qualifications	none	machine_learning,cloud_infrastructure,networking,operations_observability	https://www.amazon.jobs/en/jobs/10416027/senior-software-development-engineer-aws-ml-machine-learning-israel-mlil-flow-sub-team-fleet-lifecycle-operational-workflows	cb8295c5e3dd3f58640ee865aa57391f72255d0db773f838ac6cc4085e456051
2026-09-16T15:57:53Z	10416052	0f01fd7f-8749-47cb-8158-cc20a3a1dc28	Senior Software Development Engineer, EC2 Trainium AI Infra	US, WA, Seattle	Seattle	WA	USA	May 11, 2026		Software Development	aws	label=team-sde-primary		not_identified	preferred_only	none	machine_learning,cloud_infrastructure	https://www.amazon.jobs/en/jobs/10416052/senior-software-development-engineer-ec2-trainium-ai-infra	a03e12bb04cce3589ceda8dd563c0bd26b6588db6f85267d5d8915e07ad7cae0
2026-09-16T15:57:53Z	10417907	67f8c98f-347c-4230-b365-b393c31081d6	Software Development Manager, Data Center - GenAI	US, WA, Bellevue	Bellevue	WA	USA	May 12, 2026		Software Development	aws	label=team-aws-sdm		title_inferred	not_stated	none	machine_learning,distributed_systems,cloud_infrastructure,networking,database_search,frontend_mobile,application_backend,operations_observability	https://www.amazon.jobs/en/jobs/10417907/software-development-manager-data-center-genai	ab391c3e32a3d373f3bc9155772fba0fb00aa9dfe49fbaddc9675d3e069192b1
2026-09-16T15:57:53Z	10418900	1655a5b9-4905-43c7-8dca-39dc1b9eab9f	Software Dev Engineer II, EC2 ML Provisioning	US, WA, Seattle	Seattle	WA	USA	May 13, 2026		Software Development	aws	label=team-sde-primary		not_identified	preferred_only	none	distributed_systems,cloud_infrastructure,database_search,security_identity,embedded_systems,application_backend	https://www.amazon.jobs/en/jobs/10418900/software-dev-engineer-ii-ec2-ml-provisioning	f2b9c293d44dd978a4f972d4435f17ade2b8f9d72110ae0f68f19840647673b1
2026-09-16T15:57:53Z	10418966	706464d8-9072-4a6e-9727-caebb64b8e1e	Machine Learning Engineer II, EU INTech - Exports, Emerging and Expansions	IN, KA, Bengaluru	Bengaluru	KA	IND	May 13, 2026		Software Development	amazon-business	label=no-team-listed		not_identified	basic_qualifications	none	machine_learning,distributed_systems,database_search	https://www.amazon.jobs/en/jobs/10418966/machine-learning-engineer-ii-eu-intech-exports-emerging-and-expansions	ca79bc227489844f844d77a8287fd53cd5dc152b0188a7b3625298d34fccde16
2026-09-16T15:57:53Z	10419446	46606691-0767-4e7c-a99b-5af923d733fc	Sr. Software Dev Engineer, Leo AI Foundations	US, WA, Redmond	Redmond	WA	USA	May 14, 2026		Software Development	alexa-and-amazon-devices	label=team-project-kuiper		not_identified	preferred_only	none	distributed_systems,cloud_infrastructure,networking,database_search,security_identity,application_backend	https://www.amazon.jobs/en/jobs/10419446/sr-software-dev-engineer-leo-ai-foundations	1171099df211c8c7f388488521287a3fdc8d5184a245f983fae97a53880a862b
2026-09-16T15:57:53Z	10419792	8a3c93b4-d819-42a3-9185-bab139c553e0	Software Development Engineer - Shopping Personalization AI, Amazon Stores	IL, Tel Aviv	Tel Aviv		ISR	May 14, 2026		Software Development	consumer_engagement	label=team-personalization		not_identified	basic_qualifications	none	machine_learning,distributed_systems,database_search,graphics_media,operations_observability	https://www.amazon.jobs/en/jobs/10419792/software-development-engineer-shopping-personalization-ai-amazon-stores	a5ef6b61e0e912cbf8972d11ea6b9802018d31a61d227ab4a4d095e01ed09d9c
2026-09-16T15:57:53Z	10421819	303ca6a9-6a10-408e-b591-b118ae3a43cc	ML Infrastructure Engineer, Fauna	US, NY, New York	New York	NY	USA	May 15, 2026		Software Development	subsidiaries	label=team-amazon-robotics		not_identified	basic_qualifications	none	machine_learning,distributed_systems,cloud_infrastructure,networking,graphics_media	https://www.amazon.jobs/en/jobs/10421819/ml-infrastructure-engineer-fauna	936f37c72e846e17de5fe28c4bcdc6c13ab937a4fc7b7562ba438e92dd4283ad
2026-09-16T15:57:53Z	10423922	03c78896-4ef7-4b7b-876e-6a0f8774bbcf	Sr. Embedded Firmware Engineer, Annapurna Labs ML Acceleration Systems Software	US, TX, Austin	Austin	TX	USA	May 19, 2026		Software Development	aws	label=team-sde-primary		not_identified	basic_qualifications	none	machine_learning,cloud_infrastructure,embedded_systems,application_backend,operations_observability	https://www.amazon.jobs/en/jobs/10423922/sr-embedded-firmware-engineer-annapurna-labs-ml-acceleration-systems-software	f126f6cf9923656c103cb0c45aa6a2353f9670aa607ff58f595decb822a4f4f2
2026-09-16T15:57:53Z	10427132	ded21b29-c522-4784-8269-5072d6870fce	ML Compiler Engineer, Annapurna Labs	US, CA, Cupertino	Cupertino	CA	USA	May 21, 2026		Software Development	aws	label=team-sde-primary		not_identified	basic_qualifications	core_candidate_title	compiler_mention,machine_learning,cloud_infrastructure,networking,database_search,security_identity,application_backend	https://www.amazon.jobs/en/jobs/10427132/ml-compiler-engineer-annapurna-labs	eab1525b32920d55b64e42238e37a303e93d63b4d306b77f08953da5bcac08f0
2026-09-16T15:57:53Z	10427349	2ff09003-42e7-4992-8ea1-068cd3f5b3f0	Software Development Engineer, Leo AI Foundations	US, WA, Redmond	Redmond	WA	USA	May 21, 2026		Software Development	alexa-and-amazon-devices	label=team-project-kuiper		not_identified	basic_qualifications	none	distributed_systems,cloud_infrastructure,networking,database_search,embedded_systems,frontend_mobile,application_backend	https://www.amazon.jobs/en/jobs/10427349/software-development-engineer-leo-ai-foundations	1ef1b5dea6b7e9f6a9f7cab5a741a460c15c73e8e57bbaa783b8ac5c3959c19f
2026-09-16T15:57:53Z	10432392	e1a587cf-71ed-4a15-9524-37a9af452966	Sr. Machine Learning - Compiler Engineer III, AWS Neuron, Annapurna Labs	US, CA, Cupertino	Cupertino	CA	USA	May 27, 2026		Software Development	aws	label=team-machine-learning-primary		not_identified	basic_qualifications	core_candidate_title	compiler_mention,machine_learning,cloud_infrastructure,database_search,security_identity,application_backend	https://www.amazon.jobs/en/jobs/10432392/sr-machine-learning-compiler-engineer-iii-aws-neuron-annapurna-labs	40778ba8a0b5499f6b6e8a7bee902e9ee4a195eb679a339769ceac4ffee478b9
2026-09-16T15:57:53Z	10433675	57266d5f-1660-484a-8e1a-07c45b39a298	Sr. Physical Design Engineer - Static Timing Analysis, Annapurna Labs, Cloud Scale Machine Learning	US, CA, Cupertino	Cupertino	CA	USA	May 28, 2026		Software Development	aws	label=team-sde-primary		not_identified	basic_qualifications	none	machine_learning,cloud_infrastructure,database_search,security_identity,application_backend	https://www.amazon.jobs/en/jobs/10433675/sr-physical-design-engineer-static-timing-analysis-annapurna-labs-cloud-scale-machine-learning	679063cd62e5df5035b97852e080b182482e67d802e6ff5b028767413a9aa69c
2026-09-16T15:57:53Z	10434988	7e744728-7fcf-47c0-89a6-af52315fa3a8	ML Accelerator Performance Validation Engineer, Post Silicon Validation	US, TX, Austin	Austin	TX	USA	May 29, 2026		Software Development	aws	label=team-aws-cloud-management		not_identified	basic_qualifications	none	machine_learning,cloud_infrastructure,embedded_systems	https://www.amazon.jobs/en/jobs/10434988/ml-accelerator-performance-validation-engineer-post-silicon-validation	da8fe4dd9fc0af50d51f7f54422098f284c95eacaccc28569394ea1b6e9cc3af
2026-09-16T15:57:53Z	10435065	18cffd12-3033-41f4-a209-229a69d5db9c	Member of Technical Staff - Research Engineer, Frontier AI Robotics	US, CA, San Francisco	San Francisco	CA	USA	May 29, 2026		Software Development	subsidiaries	label=team-amazon-robotics		not_identified	basic_qualifications	mention_only	compiler_mention,machine_learning,cloud_infrastructure,security_identity,embedded_systems,operations_observability	https://www.amazon.jobs/en/jobs/10435065/member-of-technical-staff-research-engineer-frontier-ai-robotics	aeaed1b488b54e1b0ac7c5e14c4115068970a5425a6032a88bb0658f7849b858
2026-09-16T15:57:53Z	10435580	74a82c88-f554-4227-91f6-6117910148ba	Software Dev Engineer II, Ads AI Core Infra	US, WA, Seattle	Seattle	WA	USA	June 1, 2026		Software Development	advertising	label=team-amazon-ads		not_identified	preferred_only	none	distributed_systems,cloud_infrastructure,application_backend,operations_observability	https://www.amazon.jobs/en/jobs/10435580/software-dev-engineer-ii-ads-ai-core-infra	a746f64e7e4fdb16519378af8be0996fb340f478a6133d45d07bcb9b848f223c
2026-09-16T15:57:53Z	10440313	161d56ad-057f-46fc-8c7b-642e2b3181af	Member of Technical Staff - Infrastructure Engineer, Frontier AI & Robotics (FAR)	US, CA, San Francisco	San Francisco	CA	USA	June 4, 2026		Software Development	fulfillment-technology-and-robotics	label=team-frontier-ai-robotics		not_identified	basic_qualifications	none	distributed_systems,cloud_infrastructure,networking,database_search,application_backend,operations_observability	https://www.amazon.jobs/en/jobs/10440313/member-of-technical-staff-infrastructure-engineer-frontier-ai-robotics-far	2262137ea2e3350e0d0c097304e94aa2899aa313582ce5e60ed18ced2741a7fa
2026-09-16T15:57:53Z	10440315	7858297f-1788-4ea8-a2a3-566d46e3717d	Member of Technical Staff - Data Platform Engineer, Frontier AI Robotics	US, CA, San Francisco	San Francisco	CA	USA	June 4, 2026		Software Development	subsidiaries	label=team-amazon-robotics		not_identified	preferred_only	none	machine_learning,distributed_systems,cloud_infrastructure,database_search,frontend_mobile,graphics_media	https://www.amazon.jobs/en/jobs/10440315/member-of-technical-staff-data-platform-engineer-frontier-ai-robotics	221fe65e7477c74d373185944d5cb0983eabe12b0885ab7bf7df3bd9b6e5e320
2026-09-16T15:57:53Z	10442923	c6f790dc-d212-4b20-bfd9-8f1c44d47709	Front End Engineer II, Life Sciences Applied AI	US, WA, Seattle	Seattle	WA	USA	June 8, 2026		Software Development	aws	label=team-sde-primary		not_identified	not_stated	none	cloud_infrastructure,frontend_mobile,application_backend,operations_observability	https://www.amazon.jobs/en/jobs/10442923/front-end-engineer-ii-life-sciences-applied-ai	847f414ba35ce501ea0bcb9c98718ef9b85400523776c24790ab18ab5ed98146
2026-09-16T15:57:53Z	10443815	086dd717-e67e-41f1-80de-b1416678af48	Sr Software Dev Engineer, AI Agent Identity & Governance, AWS Applied AI Solution – Core Services	US, WA, Seattle	Seattle	WA	USA	June 9, 2026		Software Development	aws	label=team-sde-primary		not_identified	preferred_only	none	machine_learning,distributed_systems,cloud_infrastructure,security_identity,application_backend	https://www.amazon.jobs/en/jobs/10443815/sr-software-dev-engineer-ai-agent-identity-governance-aws-applied-ai-solution-core-services	d70ff6c1e74be0ff20ef3500e7d520dbff028f2701c9e24e4e92156a3b87e5fc
2026-09-16T15:57:53Z	10444125	5744d5e7-59a8-4311-9f43-2193a6239e8a	Sr. EMIR Engineer, Annapurna Labs - Cloud Scale Machine Learning	US, CA, Cupertino	Cupertino	CA	USA	June 9, 2026		Software Development	aws	label=team-sde-primary		not_identified	basic_qualifications	none	machine_learning,cloud_infrastructure,networking	https://www.amazon.jobs/en/jobs/10444125/sr-emir-engineer-annapurna-labs-cloud-scale-machine-learning	1b415e89c306c1f0cdbbbc33bdaac40fab18732a8aec03cedd09abaf6e657a64
2026-09-16T15:57:53Z	10444927	a626d392-dbcc-433e-bbd3-29ed2c731b16	Software Dev Engineer II, Stores Foundational AI -SFAI	US, WA, Seattle	Seattle	WA	USA	June 10, 2026		Software Development	retail	label=team-search-experience		not_identified	not_stated	none	machine_learning,distributed_systems,cloud_infrastructure,networking,database_search,embedded_systems,graphics_media,operations_observability	https://www.amazon.jobs/en/jobs/10444927/software-dev-engineer-ii-stores-foundational-ai-sfai	50433e5728d13149db89d5eb2cf5001a3e6ce27975bd1e12f9bd36118e234cb1
2026-09-16T15:57:53Z	10447886	2a9d9080-2285-440f-b7f3-5d70952a1b31	Software Dev Engineer, Machine Learning Compilers	US, CA, Sunnyvale	Sunnyvale	CA	USA	June 12, 2026		Software Development	alexa-and-amazon-devices	label=devices-and-services-teams		not_identified	preferred_only	core_candidate_title	compiler_mention,machine_learning,cloud_infrastructure,networking,embedded_systems,application_backend	https://www.amazon.jobs/en/jobs/10447886/software-dev-engineer-machine-learning-compilers	7aeac55c1f8943abbaf0402434afcacef100d990d1e36b9eedd7043addc657f2
2026-09-16T15:57:53Z	10450199	5e11a060-f8d0-42f2-be5d-6e570588c5ef	Software Dev Engineer (ML)	LU, Luxembourg	Luxembourg		LUX	July 20, 2026		Software Development	kindlecontent	label=team-no-team-listed		not_identified	basic_qualifications	none	machine_learning,distributed_systems,cloud_infrastructure,database_search,security_identity,graphics_media,operations_observability	https://www.amazon.jobs/en/jobs/10450199/software-dev-engineer-ml	bed468bfcc364c4e56cb615dfbd0294d6a7055861f5c04913130e1f1f0f0443f
2026-09-16T15:57:53Z	10450289	02dcf87f-cddd-495f-909d-66bb6a9c5f33	Member of Technical Staff - Simulation (Synthetic Data Generation), Frontier AI & Robotics (FAR)	US, CA, San Francisco	San Francisco	CA	USA	June 16, 2026		Software Development	subsidiaries	label=team-amazon-robotics		not_identified	basic_qualifications	none	cloud_infrastructure,graphics_media	https://www.amazon.jobs/en/jobs/10450289/member-of-technical-staff-simulation-synthetic-data-generation-frontier-ai-robotics-far	d698e740e0517b9c507e485917bca9e99c25abcf4673c37ac8bd407ae5936f9c
2026-09-16T15:57:53Z	10450291	c084d31b-b7a3-407a-9a64-8039196f634e	Member of Technical Staff - Robotics, Frontier AI Robotics	US, CA, San Francisco	San Francisco	CA	USA	June 16, 2026		Software Development	subsidiaries	label=team-amazon-robotics		not_identified	basic_qualifications	none	machine_learning,cloud_infrastructure,networking,embedded_systems,operations_observability	https://www.amazon.jobs/en/jobs/10450291/member-of-technical-staff-robotics-frontier-ai-robotics	88b05c69b18011c4bf86f881de17d2a18ba321bd0b83c29c2fd1aaa34350c47d
2026-09-16T15:57:53Z	10450854	b566d9d8-518e-4e8e-9b63-f8b63103baf7	Sr. Software Dev Engineer, Leo AI Foundations	US, WA, Redmond	Redmond	WA	USA	June 16, 2026		Software Development	alexa-and-amazon-devices	label=team-project-kuiper		not_identified	preferred_only	none	distributed_systems,cloud_infrastructure,networking,database_search,security_identity,application_backend,operations_observability	https://www.amazon.jobs/en/jobs/10450854/sr-software-dev-engineer-leo-ai-foundations	2fedfcd6712b0af93eb630427ea742245f1e810af802393d8f26dbc5c3bdddb7
2026-09-16T15:57:53Z	10452091	4e756fb8-41ea-4c5a-b191-21ee5571a566	Principal, Senior, Distinguished Engineer, AWS Applied AI Solutions	US, WA, Seattle	Seattle	WA	USA	June 17, 2026		Software Development	aws	label=team-sde-primary		not_identified	not_stated	none	cloud_infrastructure,application_backend	https://www.amazon.jobs/en/jobs/10452091/principal-senior-distinguished-engineer-aws-applied-ai-solutions	b89903afa9fdde8cd1cd449cb4534afb93428ef27d03e493319e17b1577c33cf
2026-09-16T15:57:53Z	10454007	d2a4add4-69ce-4bff-ab55-4836828dd68e	Physical Design Engineer - Static Timing Analysis, Annapurna Labs, Cloud Scale Machine Learning	US, CA, Cupertino	Cupertino	CA	USA	June 19, 2026		Software Development	aws	label=team-sde-primary		not_identified	basic_qualifications	none	machine_learning,cloud_infrastructure,database_search,security_identity	https://www.amazon.jobs/en/jobs/10454007/physical-design-engineer-static-timing-analysis-annapurna-labs-cloud-scale-machine-learning	d4cc8845e634e7c2a31f195bbe211b7e32dcb70d0cc6ff2823380e57a5b83243
2026-09-16T15:57:53Z	10454884	4fc684b5-cf5a-4641-976d-369979708a6b	Sr Software Engineer, AWS Applied AI Solutions – Core Services	US, WA, Seattle	Seattle	WA	USA	June 22, 2026		Software Development	aws	label=team-sde-primary		not_identified	preferred_only	none	machine_learning,distributed_systems,cloud_infrastructure,database_search,security_identity,application_backend	https://www.amazon.jobs/en/jobs/10454884/sr-software-engineer-aws-applied-ai-solutions-core-services	79f4d3933dec6cada433c2fa54a70f202cbb877185a97229484f727aaa959b36
2026-09-16T15:57:53Z	10455432	35788d7d-1042-40de-83e2-ebdf8fd8def0	ASIC Design Engineer, Cloud-Scale Machine Learning Acceleration team - Annapurna Labs	US, CA, Cupertino	Cupertino	CA	USA	June 22, 2026		Software Development	aws	label=team-sde-primary		not_identified	basic_qualifications	none	machine_learning,cloud_infrastructure,application_backend	https://www.amazon.jobs/en/jobs/10455432/asic-design-engineer-cloud-scale-machine-learning-acceleration-team-annapurna-labs	64ec808550b99e712160e31af457bdd6771031da5841a198151ed68c9c96da71
2026-09-16T15:57:53Z	10458213	c85285e7-a572-4add-831f-c7e6f7882a1a	SDE III, WW Speed & AI Tech, Same Day Delivery - LLM & Agentic workflows	US, WA, Bellevue	Bellevue	WA	USA	June 24, 2026		Software Development	operations	label=team-last-mile-org		not_identified	preferred_only	none	machine_learning,networking,database_search	https://www.amazon.jobs/en/jobs/10458213/sde-iii-ww-speed-ai-tech-same-day-delivery-llm-agentic-workflows	fe464c53e83d5bdc1e145de75ce28ed4f4c00bb55109d5c4823fc966588ecef8
2026-09-16T15:57:53Z	10458269	9ce737c1-9f60-441f-b336-ba22f8d35b40	Applied Scientist, Machine Learning Accelerator - Annapurna Labs	US, MA, Boston	Boston	MA	USA	June 24, 2026		Software Development	aws	label=team-sde-primary		not_identified	basic_qualifications	none	machine_learning,distributed_systems,cloud_infrastructure,database_search,security_identity,application_backend	https://www.amazon.jobs/en/jobs/10458269/applied-scientist-machine-learning-accelerator-annapurna-labs	d1d3084b83e17a134b455676db3e372e1a415f7c24f533892ec7b9ad3abcd88d
2026-09-16T15:57:53Z	10459329	77a15f7a-ebd0-4538-a280-63de7dd86f20	Software Development Manager, Healthcare AI	US, WA, Seattle	Seattle	WA	USA	June 25, 2026		Software Development	aws	label=team-aws-sdm		title_inferred	not_stated	none	machine_learning,distributed_systems,cloud_infrastructure,networking,application_backend,operations_observability	https://www.amazon.jobs/en/jobs/10459329/software-development-manager-healthcare-ai	c280c629ea72bcfbf86305cc3203e84a3e27410e77bc52332b17ab31452fea60
2026-09-16T15:57:53Z	10459503	0debc8f3-7d2c-402b-ac0f-1448a3a4a8ab	Machine Learning Engineer , Amazon Customer Service	CA, BC, Vancouver	Vancouver	BC	CAN	June 26, 2026		Software Development	customer-service	label=technology		not_identified	preferred_only	none	machine_learning,cloud_infrastructure,security_identity,graphics_media,operations_observability	https://www.amazon.jobs/en/jobs/10459503/machine-learning-engineer-amazon-customer-service	4679a47e131874ab267330040461bb7575dd439c1379a156170768edd1ebf994
2026-09-16T15:57:53Z	10459878	37eec547-2543-4819-ba6a-a6af71d35d4f	EMIR Engineer, Annapurna Labs - Cloud Scale Machine Learning	US, CA, Cupertino	Cupertino	CA	USA	June 26, 2026		Software Development	aws	label=team-sde-primary		not_identified	preferred_only	none	machine_learning,cloud_infrastructure,networking	https://www.amazon.jobs/en/jobs/10459878/emir-engineer-annapurna-labs-cloud-scale-machine-learning	467855c8f59fec283780b004e9fb982c0b64d7ab39cc2fea0928b65e48ab780d
2026-09-16T15:57:53Z	10460208	76c43abb-7922-4f22-a155-2b65d9fc3d9d	Software Development Engineer, Amazon Software Builder Experience (ASBX) - GenAI Tools	US, WA, Seattle	Seattle	WA	USA	June 26, 2026		Software Development	aws	label=team-sde-primary		not_identified	basic_qualifications	none	machine_learning,distributed_systems,cloud_infrastructure,embedded_systems,application_backend	https://www.amazon.jobs/en/jobs/10460208/software-development-engineer-amazon-software-builder-experience-asbx-genai-tools	93cfeef4e8c850d53b99efab1f08c3ef23d1ff79fa28ba0afad6d2a9effbe960
2026-09-16T15:57:53Z	10460886	b23c3116-4963-4ea8-ba76-48a2a1e8666a	Software Development Engineer II, AWS AI & Strategic Partner Engineering	US, CA, Santa Clara	Santa Clara	CA	USA	June 29, 2026		Software Development	aws	label=team-sde-primary		not_identified	basic_qualifications	none	machine_learning,distributed_systems,cloud_infrastructure,database_search,security_identity,application_backend	https://www.amazon.jobs/en/jobs/10460886/software-development-engineer-ii-aws-ai-strategic-partner-engineering	21384101ad853cf6d6630d9a8b17459dbc9dfa43e80349e8b0e0c90ba7f4733f
2026-09-16T15:57:53Z	10460975	f3da0025-5e89-4346-b170-529a674de0a8	Software Development Engineer - II, FinTech - Machine Learning	IN, TS, Hyderabad	Hyderabad	TS	IND	June 29, 2026		Software Development	finance	label=team-fintech		not_identified	preferred_only	none	machine_learning,distributed_systems	https://www.amazon.jobs/en/jobs/10460975/software-development-engineer-ii-fintech-machine-learning	ce827ecf996b55155ed10b537d44fefc10c7d7f56fc642b1764ab836e0fd2070
2026-09-16T15:57:53Z	10461541	4cd8f9c6-4526-4a01-9a37-b0de2ffef877	Software Dev Engineer II, Stores Foundational AI -SFAI	US, WA, Seattle	Seattle	WA	USA	June 29, 2026		Software Development	retail	label=team-search-experience		not_identified	not_stated	none	machine_learning,database_search,security_identity,embedded_systems,operations_observability	https://www.amazon.jobs/en/jobs/10461541/software-dev-engineer-ii-stores-foundational-ai-sfai	9bfa0565f5d8cee2833823fc7ffd1c1227634c39134c786be2700f34cd9e0691
2026-09-16T15:57:53Z	10462362	baaad7ca-8a3d-4740-bde8-5590b691fd19	Lead SDE C/C++ Hardware/Software Co-Design, Machine Learning Acceleration Systems	US, CA, Cupertino	Cupertino	CA	USA	June 30, 2026		Software Development	aws	label=team-sde-primary		not_identified	preferred_only	none	machine_learning,cloud_infrastructure,networking,embedded_systems,application_backend	https://www.amazon.jobs/en/jobs/10462362/lead-sde-c-c-hardware-software-co-design-machine-learning-acceleration-systems	c105ea1c1199294640b5690dc59117de68f084b3eb62ef386cafa2256f0012c6
2026-09-16T15:57:53Z	10462700	5fdf1574-5919-4d0d-9969-614ed5552832	SDE-II, AI Core Infra - AI Analytics and Insights	IN, KA, Bengaluru	Bengaluru	KA	IND	June 30, 2026		Software Development	advertising	label=team-amazon-ads		not_identified	preferred_only	none	machine_learning,distributed_systems,cloud_infrastructure,networking,database_search,embedded_systems,application_backend,operations_observability	https://www.amazon.jobs/en/jobs/10462700/sde-ii-ai-core-infra-ai-analytics-and-insights	1e6f931e204a912c62c3f1516aa4dd6ef14b9a53e71731e859e821d813a2234c
2026-09-16T15:57:53Z	10463313	4273d066-3142-401e-91a2-6f766e76c10d	SDE II, ML Infra Services, Annapurna Labs	US, WA, Seattle	Seattle	WA	USA	July 1, 2026		Software Development	aws	label=team-machine-learning-primary		not_identified	preferred_only	mention_only	compiler_mention,machine_learning,cloud_infrastructure,database_search,embedded_systems,frontend_mobile,graphics_media	https://www.amazon.jobs/en/jobs/10463313/sde-ii-ml-infra-services-annapurna-labs	7df39de247bc06fa4ca284aeb62e3e33711fe7ebfb44b34d97459e80764e6ec9
2026-09-16T15:57:53Z	10463836	76ec6af0-4a11-458a-b26d-1494bd2b7f26	SDE II, Life Sciences Applied AI	US, WA, Seattle	Seattle	WA	USA	July 1, 2026		Software Development	aws	label=team-sde-primary		not_identified	preferred_only	none	cloud_infrastructure,application_backend,operations_observability	https://www.amazon.jobs/en/jobs/10463836/sde-ii-life-sciences-applied-ai	932eaf928226b6b131e6e9afb47965ab7cbff8e9fe340bc4aaa50327ea5ad88e
2026-09-16T15:57:53Z	10464055	ea6af3c3-48e0-49df-9710-a1e07487c2e1	Software Development Engineer I, ML Infra Services, Annapurna Labs	US, CA, Cupertino	Cupertino	CA	USA	July 1, 2026		Software Development	aws	label=team-machine-learning-primary		not_identified	not_stated	mention_only	compiler_mention,machine_learning,distributed_systems,cloud_infrastructure,database_search,frontend_mobile,graphics_media	https://www.amazon.jobs/en/jobs/10464055/software-development-engineer-i-ml-infra-services-annapurna-labs	250580216ff2c7b6327856633c26a78bf42bf52a7456197f08ddbba271cfcb3d
2026-09-16T15:57:53Z	10464738	be9a0db7-3852-4ec1-be72-f083f24e4614	Sr Delivery Consultant: GenAI FullStack SDE, AWS Professional Services	AU, WA, Perth	Perth	WA	AUS	July 2, 2026		Software Development	aws	label=team-pro-serv		not_identified	not_stated	none	machine_learning,distributed_systems,cloud_infrastructure,security_identity,frontend_mobile,application_backend,operations_observability	https://www.amazon.jobs/en/jobs/10464738/sr-delivery-consultant-genai-fullstack-sde-aws-professional-services	67cd60ddfa2d722529f159dfe1e56698adab58a2e88f8ecdd32a92783f8b7e24
2026-09-16T15:57:53Z	10465850	49725227-2bde-477f-b73f-a9cbb63dc35c	Software Development Engineer, Ads AI Core Infra	US, WA, Seattle	Seattle	WA	USA	July 4, 2026		Software Development	advertising	label=team-amazon-ads		not_identified	preferred_only	none	distributed_systems,cloud_infrastructure,application_backend,operations_observability	https://www.amazon.jobs/en/jobs/10465850/software-development-engineer-ads-ai-core-infra	e92141362c59f87f5f7883ab39631e1f04a352b110726ec10f726a96d2cdeb29
2026-09-16T15:57:53Z	10465851	8b4f1018-f84c-42c0-9627-90d9388441bb	Software Development Engineer, Ads AI Core Infra	US, WA, Seattle	Seattle	WA	USA	July 4, 2026		Software Development	advertising	label=team-amazon-ads		not_identified	preferred_only	none	distributed_systems,cloud_infrastructure,application_backend,operations_observability	https://www.amazon.jobs/en/jobs/10465851/software-development-engineer-ads-ai-core-infra	a2807698387aab3a1aa0c9d90f3735d73115f02f5a6d414da655bd368f9ea8ba
2026-09-16T15:57:53Z	10466123	32ce3285-7ba0-46aa-b9d3-5f8bd4942dae	Senior Software Engineer- ML Network Stack, ML Network Stack - Annapurna Labs	IL, Tel Aviv	Tel Aviv		ISR	July 6, 2026		Software Development	aws	label=team-sde-primary		not_identified	preferred_only	none	cloud_infrastructure,networking,embedded_systems	https://www.amazon.jobs/en/jobs/10466123/senior-software-engineer-ml-network-stack-ml-network-stack-annapurna-labs	6d0beea2b5f660af46ead0ce22f77f8c41226ebd5017c688c3363976ac03bd0e
2026-09-16T15:57:53Z	10466144	75c5d158-68c9-41dd-acc9-64b5e5e6636d	Senior ML Software Engineer, Data Plane	IL, Tel Aviv	Tel Aviv		ISR	July 6, 2026		Software Development	aws	label=team-sde-primary		not_identified	basic_qualifications	mention_only	compiler_mention,machine_learning,distributed_systems,cloud_infrastructure,networking,embedded_systems,graphics_media	https://www.amazon.jobs/en/jobs/10466144/senior-ml-software-engineer-data-plane	da1126e73aa405e33d2342865fe944949ba8ebdabd353fb7824c8645f6574ba9
2026-09-16T15:57:53Z	10467664	c7252b86-a16d-4354-ae6c-ab520c394174	Senior Software Engineer, AWS Agentic AI	US, WA, Bellevue	Bellevue	WA	USA	July 7, 2026		Software Development	aws	label=team-sde-primary		not_identified	preferred_only	none	machine_learning,distributed_systems,cloud_infrastructure,database_search,security_identity,application_backend,operations_observability	https://www.amazon.jobs/en/jobs/10467664/senior-software-engineer-aws-agentic-ai	646f319021cd5a6fb116aa256302a237660f3fb9a0dbec92fe5a890a9e625500
2026-09-16T15:57:53Z	10468540	87a3175e-2127-4e5b-b14e-e2d5a3c879c4	Associate Delivery Consultant – AIML, A2C ProServe Shared Delivery (SDT)	US, VA, Arlington	Arlington	VA	USA	July 8, 2026		Software Development	aws	label=team-pro-serv		not_identified	basic_qualifications	none	machine_learning,distributed_systems,cloud_infrastructure,networking,database_search,security_identity,application_backend	https://www.amazon.jobs/en/jobs/10468540/associate-delivery-consultant-aiml-a2c-proserve-shared-delivery-sdt	d4bf6ef4ed8f76317714a02ed9728f6e0cd94bc5056acce5a4fee94f6c056136
2026-09-16T15:57:53Z	10468541	9aa69e1a-6ff8-4cd3-9d5d-ac4da909a1d0	Assoc Delivery Cons, AI/ML, A2C ProServe Shared Delivery	US, NJ, Jersey City	Jersey City	NJ	USA	July 8, 2026		Software Development	aws	label=team-pro-serv		not_identified	basic_qualifications	none	machine_learning,distributed_systems,cloud_infrastructure,networking,database_search,security_identity,application_backend	https://www.amazon.jobs/en/jobs/10468541/assoc-delivery-cons-ai-ml-a2c-proserve-shared-delivery	385031782ae347f0987ce13d282722c05c84c37e8c267e9b870208165c9be85f
2026-09-16T15:57:53Z	10468610	0c553296-99a4-474f-9ffc-c637ca126a7a	Senior Software Development Engineer, AWS Agentic AI	IL, Haifa	Haifa		ISR	July 8, 2026		Software Development	aws	label=team-sde-primary		not_identified	basic_qualifications	none	machine_learning,cloud_infrastructure	https://www.amazon.jobs/en/jobs/10468610/senior-software-development-engineer-aws-agentic-ai	8870dc600d95655bd16b63e830a03261a614d6a115b0d7d6bbcdba3db29cf179
2026-09-16T15:57:53Z	10468627	bd511ba0-1d22-41c7-8e6b-867331578e2c	Associate Delivery Consultant – AIML, A2C ProServe Shared Delivery (SDT)	US, VA, Arlington	Arlington	VA	USA	July 8, 2026		Software Development	aws	label=team-pro-serv		not_identified	basic_qualifications	none	machine_learning,distributed_systems,cloud_infrastructure,networking,database_search,application_backend	https://www.amazon.jobs/en/jobs/10468627/associate-delivery-consultant-aiml-a2c-proserve-shared-delivery-sdt	e74ec4e059ee514c711cca450ae478d8461c6f34e889076026ea3b395a1cc0c4
2026-09-16T15:57:53Z	10468628	bcb06863-7ad6-485d-8342-cc85b7f56463	Associate Delivery Consultant – AIML, A2C ProServe Shared Delivery (SDT)	US, VA, Arlington	Arlington	VA	USA	July 8, 2026		Software Development	aws	label=team-pro-serv		not_identified	basic_qualifications	none	machine_learning,distributed_systems,cloud_infrastructure,networking,database_search,security_identity,application_backend	https://www.amazon.jobs/en/jobs/10468628/associate-delivery-consultant-aiml-a2c-proserve-shared-delivery-sdt	652423297e6bc501f4d55d2751185e8c86f3747dc7e616d5079f60bf2f14b392
2026-09-16T15:57:53Z	10469286	674118dd-3515-435e-82d3-5c515138e7f7	Associate Delivery Consultant – AIML, A2C ProServe Shared Delivery (SDT)	US, VA, Arlington	Arlington	VA	USA	July 8, 2026		Software Development	aws	label=team-pro-serv		not_identified	basic_qualifications	none	machine_learning,distributed_systems,cloud_infrastructure,networking,database_search,security_identity,application_backend	https://www.amazon.jobs/en/jobs/10469286/associate-delivery-consultant-aiml-a2c-proserve-shared-delivery-sdt	88bdcf5042f3eea45b4cebdd79201e4a33e844436b78f2265174fbc72c91e6f7
2026-09-16T15:57:53Z	10469288	4717200c-7657-42f8-89d6-33a35e708fb9	Associate Delivery Consultant – AIML, ProServe A2C Delivery , Proserve A2C	US, VA, Arlington	Arlington	VA	USA	July 8, 2026		Software Development	aws	label=team-pro-serv		not_identified	basic_qualifications	none	machine_learning,distributed_systems,cloud_infrastructure,networking,database_search,application_backend	https://www.amazon.jobs/en/jobs/10469288/associate-delivery-consultant-aiml-proserve-a2c-delivery-proserve-a2c	7aa224d37c4c4b189db8ed52d2ceef9a39b91cfd3d74baeaf027eb906849d809
2026-09-16T15:57:53Z	10469289	68c5a861-8721-4083-97ee-abcfbf2ccf95	Associate Delivery Consultant – AIML, ProServe A2C Delivery , Proserve A2C	US, VA, Arlington	Arlington	VA	USA	July 8, 2026		Software Development	aws	label=team-pro-serv		not_identified	basic_qualifications	none	machine_learning,cloud_infrastructure,networking,database_search,application_backend	https://www.amazon.jobs/en/jobs/10469289/associate-delivery-consultant-aiml-proserve-a2c-delivery-proserve-a2c	b7928037444e49633cde10073109205b831bdef7d21adf865daf1450d629c7f6
2026-09-16T15:57:53Z	10469707	7efb1e31-01fc-4c01-80f9-6d7965204ec3	Senior AI Engineer, DevTx LATAM	BR, SP, Sao Paulo	Sao Paulo	SP	BRA	July 9, 2026		Software Development	aws	label=team-data-science-primary		not_identified	not_stated	none	cloud_infrastructure,networking,database_search,security_identity	https://www.amazon.jobs/en/jobs/10469707/senior-ai-engineer-devtx-latam	3aca371a07e28b8f1c7fb55f89e0ddccd1b6dbd20263c597a07ff4e9cac03bc0
2026-09-16T15:57:53Z	10470512	c58f9387-778c-43ac-adc4-40552ab531e0	Senior Software Development Engineer, Ads AI Core Infra	US, WA, Seattle	Seattle	WA	USA	July 9, 2026		Software Development	advertising	label=team-amazon-ads		not_identified	preferred_only	none	distributed_systems,cloud_infrastructure,application_backend	https://www.amazon.jobs/en/jobs/10470512/senior-software-development-engineer-ads-ai-core-infra	8fb51ee68f3a1f20d6d2a69f5d31b8af9e5059d648ce0443c4074aba138c8d73
2026-09-16T15:57:53Z	10471103	2c11fd73-5068-4d0f-8b33-ac3c3e7f2eb1	Sr. Software engineer/AI engineer, IES LATech & GIS	BR, SP, Sao Paulo	Sao Paulo	SP	BRA	July 10, 2026		Software Development	retail	label=team-intech		not_identified	preferred_only	none	machine_learning,database_search,security_identity	https://www.amazon.jobs/en/jobs/10471103/sr-software-engineer-ai-engineer-ies-latech-gis	71754c623960fab41a26a8b0b6a8b3b7325df2605abc8a67bb0e4b1bab12279c
2026-09-16T15:57:53Z	10471563	88323d19-dc29-4888-9f6a-ba056d677978	Senior AI Engineer, DevTx LATAM	BR, SP, Sao Paulo	Sao Paulo	SP	BRA	July 10, 2026		Software Development	aws	label=team-data-science-primary		not_identified	not_stated	none	cloud_infrastructure,networking,database_search,security_identity	https://www.amazon.jobs/en/jobs/10471563/senior-ai-engineer-devtx-latam	5537698b684cc5bd63c5fcabf103cd7c98dc72ca5e3b50c6de9e6ba6e39b6976
2026-09-16T15:57:53Z	10471855	bbc0d7d1-7aa8-456b-abb6-cece4404ced5	Associate Delivery Consultant – AIML, A2C ProServe Shared Delivery (SDT)	US, VA, Arlington	Arlington	VA	USA	July 12, 2026		Software Development	aws	label=team-pro-serv		not_identified	basic_qualifications	none	machine_learning,distributed_systems,cloud_infrastructure,networking,database_search,security_identity,application_backend	https://www.amazon.jobs/en/jobs/10471855/associate-delivery-consultant-aiml-a2c-proserve-shared-delivery-sdt	1a78bebda1be3162005c45ecb48e739380267a58e16a1a3e1e6efde404ebe67d
2026-09-16T15:57:53Z	10471856	1e9684b4-fff9-4318-b3a7-d2a8ac3e064d	Associate Delivery Consultant – AIML, A2C ProServe Shared Delivery (SDT)	US, VA, Arlington	Arlington	VA	USA	July 12, 2026		Software Development	aws	label=team-pro-serv		not_identified	basic_qualifications	none	machine_learning,distributed_systems,cloud_infrastructure,networking,database_search,security_identity,application_backend	https://www.amazon.jobs/en/jobs/10471856/associate-delivery-consultant-aiml-a2c-proserve-shared-delivery-sdt	ef3713da346046c03a4e6a7d643fe62e7c496a7ef67482b8958e192d145030f4
2026-09-16T15:57:53Z	10471857	f82cea83-5389-40df-8724-ca4e9eed2e25	Associate Delivery Consultant – AIML, A2C ProServe Shared Delivery (SDT)	US, VA, Arlington	Arlington	VA	USA	July 12, 2026		Software Development	aws	label=team-pro-serv		not_identified	basic_qualifications	none	machine_learning,distributed_systems,cloud_infrastructure,networking,database_search,security_identity,application_backend	https://www.amazon.jobs/en/jobs/10471857/associate-delivery-consultant-aiml-a2c-proserve-shared-delivery-sdt	b1ce8bc74cca193953d4b5e135b0e07df31b5c2a747539955f58be066bfdcb84
2026-09-16T15:57:53Z	10471858	0d146e86-aa6d-4253-82d0-b18dd3b5261b	Associate Delivery Consultant – AIML, A2C ProServe Shared Delivery (SDT)	US, VA, Arlington	Arlington	VA	USA	July 12, 2026		Software Development	aws	label=team-pro-serv		not_identified	basic_qualifications	none	machine_learning,distributed_systems,cloud_infrastructure,networking,database_search,security_identity,application_backend	https://www.amazon.jobs/en/jobs/10471858/associate-delivery-consultant-aiml-a2c-proserve-shared-delivery-sdt	9a22fd84c503b1662dd7c11483a76f3ba446b782b74f2a228b26085fb91fddf6
2026-09-16T15:57:53Z	10471861	680d6b87-e70e-4c18-9e6c-81685ab7b1ee	Associate Delivery Consultant - AIML, Professional Services A2C Delivery	US, MD, Jessup	Jessup	MD	USA	July 12, 2026		Software Development	aws	label=team-pro-serv		not_identified	basic_qualifications	none	machine_learning,distributed_systems,cloud_infrastructure,networking,database_search,security_identity,application_backend	https://www.amazon.jobs/en/jobs/10471861/associate-delivery-consultant-aiml-professional-services-a2c-delivery	0f5591304725440297fcf0e9ba6007e532500180baf949c3597e7658a29aae94
2026-09-16T15:57:53Z	10471870	7d83992e-9b3f-4ff9-86ee-8d4fea45a55e	Software Development Engineer, Ads AI Core Infra	US, WA, Seattle	Seattle	WA	USA	July 12, 2026		Software Development	advertising	label=team-amazon-ads		not_identified	preferred_only	none	distributed_systems,cloud_infrastructure,application_backend,operations_observability	https://www.amazon.jobs/en/jobs/10471870/software-development-engineer-ads-ai-core-infra	a0c807c2a3533d360ea6c59adae5806c08ab9c60d45cc2537c8beeed3df450c5
2026-09-16T15:57:53Z	10473725	d6a351e5-6f34-40da-a657-3efab4be927b	Associate Delivery Consultant – AIML, A2C ProServe Shared Delivery (SDT)	US, VA, Arlington	Arlington	VA	USA	July 14, 2026		Software Development	aws	label=team-pro-serv		not_identified	basic_qualifications	none	machine_learning,distributed_systems,cloud_infrastructure,networking,database_search,security_identity,application_backend	https://www.amazon.jobs/en/jobs/10473725/associate-delivery-consultant-aiml-a2c-proserve-shared-delivery-sdt	2434e37c5bc9e53cffebd59e6b8ca214d0529cbc095080bc67cf0dd46c681204
2026-09-16T15:57:53Z	10474677	37e272df-e06a-4871-8033-d0c6b46cdba7	Software Development Engineer II, Leo AI Foundations	US, WA, Redmond	Redmond	WA	USA	July 14, 2026		Software Development	alexa-and-amazon-devices	label=team-project-kuiper		not_identified	preferred_only	none	distributed_systems,cloud_infrastructure,networking,database_search,security_identity,application_backend	https://www.amazon.jobs/en/jobs/10474677/software-development-engineer-ii-leo-ai-foundations	922b96ccd2cb6515ecebc63d044e51bccfb1afee3ec04328c3f4c225862c576a
2026-09-16T15:57:53Z	10474679	04d49cef-1f36-4e99-b4f2-6de4336db139	Software Development Engineer II, Leo AI Foundations	US, WA, Redmond	Redmond	WA	USA	July 14, 2026		Software Development	alexa-and-amazon-devices	label=team-project-kuiper		not_identified	preferred_only	none	distributed_systems,cloud_infrastructure,networking,database_search,security_identity,application_backend	https://www.amazon.jobs/en/jobs/10474679/software-development-engineer-ii-leo-ai-foundations	6b4479c9cd2574a05f3a1b83f1999bd1fd99333f3c037e17aba77c8315f6bbcb
2026-09-16T15:57:53Z	10474682	1a249b6f-e076-45cf-a7c0-b2af793d6a8c	Sr. Software Dev Engineer, Leo AI Foundations	US, WA, Redmond	Redmond	WA	USA	July 14, 2026		Software Development	alexa-and-amazon-devices	label=team-project-kuiper		not_identified	preferred_only	none	distributed_systems,cloud_infrastructure,networking,database_search,security_identity,application_backend	https://www.amazon.jobs/en/jobs/10474682/sr-software-dev-engineer-leo-ai-foundations	17384f05cb6fea96e03fc720dc00cb5da573f57cab241483ba8acd93be0761b0
2026-09-16T15:57:53Z	10475620	cc96538e-cf9d-488c-8574-0f2de9c03a6a	Software Development Engineer II, AWS AI & Strategic Partner Engineering	US, CA, Santa Clara	Santa Clara	CA	USA	July 15, 2026		Software Development	aws	label=team-sde-primary		not_identified	basic_qualifications	none	machine_learning,distributed_systems,cloud_infrastructure,database_search,security_identity,application_backend	https://www.amazon.jobs/en/jobs/10475620/software-development-engineer-ii-aws-ai-strategic-partner-engineering	57f1d4dbdbbb38df26fdc3123fce95cc5611599b76c89bd142e5ac527314f372
2026-09-16T15:57:53Z	10475857	7790a115-4147-4a09-a90a-d7674ed59625	Software Dev Engineer II, AWS Healthcare AI	US, WA, Seattle	Seattle	WA	USA	July 15, 2026		Software Development	aws	label=team-sde-primary		not_identified	preferred_only	none	machine_learning,cloud_infrastructure,application_backend	https://www.amazon.jobs/en/jobs/10475857/software-dev-engineer-ii-aws-healthcare-ai	fa603c5c862aebb8c8874502cac0b7305bd716c54a77ace25a29dc11c2f192b4
2026-09-16T15:57:53Z	10475858	3dbe7ea2-a138-4135-96d3-f7bd3ff1a539	Sr. SDM, AWS Healthcare AI	US, WA, Seattle	Seattle	WA	USA	July 15, 2026		Software Development	aws	label=team-aws-sdm		title_inferred	not_stated	none	machine_learning,distributed_systems,cloud_infrastructure,application_backend	https://www.amazon.jobs/en/jobs/10475858/sr-sdm-aws-healthcare-ai	310ddf9492d4fadad0f2539616c05310dfef52d05954f1b43793f74d6170a16e
2026-09-16T15:57:53Z	10476203	2ca60de1-dc74-4629-81d9-6b4eba8d7723	Sr Delivery Consultant: Agentic AI FullStack SDE, AWS Professional Services	AU, NSW, Sydney	Sydney	NSW	AUS	July 16, 2026		Software Development	aws	label=team-pro-serv		not_identified	not_stated	none	machine_learning,distributed_systems,cloud_infrastructure,database_search,security_identity,frontend_mobile,application_backend,operations_observability	https://www.amazon.jobs/en/jobs/10476203/sr-delivery-consultant-agentic-ai-fullstack-sde-aws-professional-services	9288c58c9a07cec1af430469eb3ca6772514b44f8f00b6d37ee548c7e46ed791
2026-09-16T15:57:53Z	10476204	431cc325-1d35-46d3-8288-12a69ec6ffa2	Sr Delivery Consultant: Agentic AI FullStack SDE, AWS Professional Services	AU, VIC, Melbourne	Melbourne	VIC	AUS	July 16, 2026		Software Development	aws	label=team-pro-serv		not_identified	not_stated	none	machine_learning,distributed_systems,cloud_infrastructure,database_search,security_identity,frontend_mobile,application_backend,operations_observability	https://www.amazon.jobs/en/jobs/10476204/sr-delivery-consultant-agentic-ai-fullstack-sde-aws-professional-services	f4845eccbdc5ba41c17fad34d91e2d354e717ec38968afb501b3a0eae4d22b0e
2026-09-16T15:57:53Z	10476205	3bdf675f-29e7-47e9-af9a-e69df509f1a3	Sr Delivery Consultant: Agentic AI FullStack SDE, AWS Professional Services	AU, VIC, Melbourne	Melbourne	VIC	AUS	July 16, 2026		Software Development	aws	label=team-pro-serv		not_identified	not_stated	none	machine_learning,distributed_systems,cloud_infrastructure,database_search,security_identity,frontend_mobile,application_backend,operations_observability	https://www.amazon.jobs/en/jobs/10476205/sr-delivery-consultant-agentic-ai-fullstack-sde-aws-professional-services	5a7fa1869f252a99064863d2a07dfe34a91db3b6c0d7ab11c1038e1fa184fb2e
2026-09-16T15:57:53Z	10476976	92f64fc9-ae25-429f-ae45-3a3076f3b146	Delivery Consultant: Agentic AI FullStack SDE, AWS Professional Services	AU, VIC, Melbourne	Melbourne	VIC	AUS	July 17, 2026		Software Development	aws	label=team-pro-serv		not_identified	not_stated	none	machine_learning,distributed_systems,cloud_infrastructure,database_search,security_identity,embedded_systems,frontend_mobile,application_backend,operations_observability	https://www.amazon.jobs/en/jobs/10476976/delivery-consultant-agentic-ai-fullstack-sde-aws-professional-services	90f8535ef29b09f11c4e598aab7590e501c3150cd5cd2d1fac1c73c3eb2a250b
2026-09-16T15:57:53Z	10479448	4060ec21-aca8-4734-926a-4ff5b9917a5b	Senior Software Development Engineer, Data Integration AI and Platform Excellence (APEX)	US, NY, New York	New York	NY	USA	July 20, 2026		Software Development	aws	label=team-sde-primary		not_identified	preferred_only	none	machine_learning,cloud_infrastructure,database_search,security_identity,application_backend	https://www.amazon.jobs/en/jobs/10479448/senior-software-development-engineer-data-integration-ai-and-platform-excellence-apex	8e71dfcf3fa36461bf8ad32b418e6bcec8e1e462bd3ddef6478a4229dd5c4103
2026-09-16T15:57:53Z	10479630	5c008262-f10a-4ad4-b535-0e112db41b20	Software Development Engineer , Annapurna ML	US, TX, Austin	Austin	TX	USA	July 21, 2026		Software Development	aws	label=team-aws-cloud-management		not_identified	preferred_only	none	machine_learning,cloud_infrastructure	https://www.amazon.jobs/en/jobs/10479630/software-development-engineer-annapurna-ml	e9c3d91a8f13d564dc51e9ad88f868ccc022102782518e2f81e6e5ac7a0b71c7
2026-09-16T15:57:53Z	10480867	bce193ac-c1ab-42de-aa25-ff918d34d18b	Sr. Software Development Engineer – AI/ML Networking Disaggregated Inference, Annapurna Labs, Annapurna Labs	US, CA, Cupertino	Cupertino	CA	USA	July 21, 2026		Software Development	aws	label=team-sde-primary		not_identified	preferred_only	none	machine_learning,cloud_infrastructure,networking,embedded_systems	https://www.amazon.jobs/en/jobs/10480867/sr-software-development-engineer-ai-ml-networking-disaggregated-inference-annapurna-labs-annapurna-labs	8594768efbaafe0bafddb0810cc5a4570f9f387027cafee9fe8d1139610dc377
2026-09-16T15:57:53Z	10481057	5cd1c305-6859-4bc6-9eaa-78377e636232	Software Development Engineer - CV Test Infrastructure, Annapurna ML, CV Test Infrastructure	US, TX, Austin	Austin	TX	USA	July 22, 2026		Software Development	aws	label=team-sde-primary		not_identified	basic_qualifications	none	cloud_infrastructure,database_search,embedded_systems,frontend_mobile,operations_observability	https://www.amazon.jobs/en/jobs/10481057/software-development-engineer-cv-test-infrastructure-annapurna-ml-cv-test-infrastructure	b5bbe7ac20510d7524e19d570412e4885b4f86f967853bc17e7b21fcaedf75f1
2026-09-16T15:57:53Z	10482160	e2ba07ff-4f8f-4b4d-b435-f54ae23fe08b	Senior Software Engineer, AWS Applied AI Solutions	US, WA, Seattle	Seattle	WA	USA	July 23, 2026		Software Development	aws	label=team-sde-primary		not_identified	preferred_only	none	cloud_infrastructure,security_identity,application_backend	https://www.amazon.jobs/en/jobs/10482160/senior-software-engineer-aws-applied-ai-solutions	4e94c0ed4315904d9b31f486d8da8ee8322403bc6e496dd65bba8b97087faa75
2026-09-16T15:57:53Z	10482589	6c3ca782-d351-4cbe-89bd-6a8a45571365	Sr. SDE, Responsible AI	US, WA, Seattle	Seattle	WA	USA	July 23, 2026		Software Development	amazon-security	label=team-store-security		not_identified	preferred_only	none	cloud_infrastructure,security_identity	https://www.amazon.jobs/en/jobs/10482589/sr-sde-responsible-ai	6b43dcbbde7e9a13b576ab2e7c10aaefb2b168d7b397451b1d922ff2ec17c4d5
2026-09-16T15:57:53Z	10482591	c587df21-26aa-46ec-8fbf-acbb24278639	SDE, Responsible AI	US, WA, Seattle	Seattle	WA	USA	July 23, 2026		Software Development	amazon-security	label=team-store-security		not_identified	preferred_only	none	machine_learning,distributed_systems,cloud_infrastructure,security_identity,embedded_systems	https://www.amazon.jobs/en/jobs/10482591/sde-responsible-ai	c7e113a5918d59a45c8f657225d9bb85cba1ba50b256565d51317041a2af7d74
2026-09-16T15:57:53Z	10483960	7dd5c5df-6f6e-44d8-866f-de0276ade664	Software Development Engineer III, AZA (Gen AI)	US, WA, Bellevue	Bellevue	WA	USA	July 24, 2026		Software Development	pxt	label=team-aet		not_identified	preferred_only	none	machine_learning,distributed_systems,cloud_infrastructure,networking,application_backend	https://www.amazon.jobs/en/jobs/10483960/software-development-engineer-iii-aza-gen-ai	c84a76e792824dca02c321107f55b33b5e8de4c02b4cc55f9543d968ad1e85b3
2026-09-16T15:57:53Z	10483961	828e8b95-18ec-44c1-bd83-b33ca125f7b1	Software Development Engineer III, AZA (Gen AI)	US, WA, Bellevue	Bellevue	WA	USA	July 24, 2026		Software Development	pxt	label=team-aet		not_identified	preferred_only	none	machine_learning,distributed_systems,cloud_infrastructure,networking,application_backend	https://www.amazon.jobs/en/jobs/10483961/software-development-engineer-iii-aza-gen-ai	9c4a99e08f33732004a4846e5e452af91c4ef25614fdc796e04093335e44f6d3
2026-09-16T15:57:53Z	10484052	37267350-4a69-4b00-9cdc-a03b6857b5de	Software Development Engineer – AI/ML Networking Disaggregated Inference, Annapurna Labs , Elastic Collectives	US, CA, Cupertino	Cupertino	CA	USA	July 25, 2026		Software Development	aws	label=team-machine-learning-primary		not_identified	preferred_only	none	machine_learning,cloud_infrastructure,networking,embedded_systems,graphics_media,application_backend	https://www.amazon.jobs/en/jobs/10484052/software-development-engineer-ai-ml-networking-disaggregated-inference-annapurna-labs-elastic-collectives	4ada196294bef512097cc49d0ef795dd81a44c7e42034ac5b778f7c15a94c4ef
2026-09-16T15:57:53Z	10485412	aca8d563-2c1b-418a-9d10-aa9315b33e6d	Sr Manager, Software Development, Ads AI Core Services	US, WA, Seattle	Seattle	WA	USA	July 27, 2026		Software Development	advertising	label=team-amazon-ads		title_inferred	not_stated	none	machine_learning	https://www.amazon.jobs/en/jobs/10485412/sr-manager-software-development-ads-ai-core-services	437c138d2e77a08b21c03273f486590c455de56c30c790b9df61ab2d2aa15a81
2026-09-16T15:57:53Z	10485450	0deec254-e98a-4ac9-b6b5-ab45cc1af592	Software Development Engineer, Ads AI Core Infra (ACI)	US, WA, Seattle	Seattle	WA	USA	July 28, 2026		Software Development	advertising	label=team-amazon-ads		not_identified	preferred_only	none	machine_learning,distributed_systems,cloud_infrastructure,database_search,graphics_media,application_backend,operations_observability	https://www.amazon.jobs/en/jobs/10485450/software-development-engineer-ads-ai-core-infra-aci	b847afcffef3dfb1052f17dc4348ee6b6eeabdeab3b8e5e1e2eb7af9096ee2a4
2026-09-16T15:57:53Z	10485867	9da0554a-6c1f-4cc0-8ded-cc79694d3b32	Software Development Engineer, Amazon Customer Service AI powered Content Solutions	US, WA, Seattle	Seattle	WA	USA	July 28, 2026		Software Development	customer-service	label=technology		not_identified	basic_qualifications	none	machine_learning,distributed_systems,embedded_systems	https://www.amazon.jobs/en/jobs/10485867/software-development-engineer-amazon-customer-service-ai-powered-content-solutions	ad1795e9c3d687e3c4d5b0e36a7b8c5cf41b3435c6ff0240afcd3fe3a53a9419
2026-09-16T15:57:53Z	10486046	ef2fe2c2-2208-4dfa-b8a1-e4b533aa1464	SDE, MLA hardware/software co-design, Annapurna Labs Machine Learning Acceleration	US, TX, Austin	Austin	TX	USA	July 28, 2026		Software Development	aws	label=team-machine-learning-primary		not_identified	basic_qualifications	none	machine_learning,cloud_infrastructure,database_search,security_identity,embedded_systems,application_backend	https://www.amazon.jobs/en/jobs/10486046/sde-mla-hardware-software-co-design-annapurna-labs-machine-learning-acceleration	9247f95c0af4704ea95c0e28e7c22445d2e2979fe2e445b869d445785a437942
2026-09-16T15:57:53Z	10486419	c594caf1-811e-4460-98ac-679652c35532	Machine Learning Engineer, Amazon Music - Catalog Quality	IN, KA, Bengaluru	Bengaluru	KA	IND	July 28, 2026		Software Development	entertainment	label=team-music		not_identified	preferred_only	none	machine_learning,cloud_infrastructure,database_search,graphics_media,operations_observability	https://www.amazon.jobs/en/jobs/10486419/machine-learning-engineer-amazon-music-catalog-quality	e82496d847635f52f7b6b177d1b446fd5604f8083ff0c8029047aaad018f6d3d
2026-09-16T15:57:53Z	10486421	712e011c-5fb7-4f11-b79f-8615e7f791d2	Machine Learning Engineer, Amazon Music - Catalog Quality	IN, KA, Bengaluru	Bengaluru	KA	IND	July 28, 2026		Software Development	entertainment	label=team-music		not_identified	preferred_only	none	machine_learning,cloud_infrastructure,frontend_mobile,graphics_media,operations_observability	https://www.amazon.jobs/en/jobs/10486421/machine-learning-engineer-amazon-music-catalog-quality	5651f847593767084fed7b046ed64f1bb96fa814ae94d3958213aca49c8b4725
2026-09-16T15:57:53Z	10487278	e449be71-1639-4ce7-a154-e5ca024ef31d	Sr. Software Development Engineer AI/ML, Inference Model Enablement, AWS Neuron	US, CA, Cupertino	Cupertino	CA	USA	July 29, 2026		Software Development	aws	label=team-sde-primary		not_identified	preferred_only	mention_only	compiler_mention,machine_learning,cloud_infrastructure	https://www.amazon.jobs/en/jobs/10487278/sr-software-development-engineer-ai-ml-inference-model-enablement-aws-neuron	a7ed5a8505698cb896af4a4459949273b0313ce87594096d3c3431400440e37c
2026-09-16T15:57:53Z	10487686	e1469627-d1c4-4160-977c-e68eede38f22	Software Development Engineer, AI Data Infrastructure	US, MA, N.reading	N.reading	MA	USA	July 29, 2026		Software Development	subsidiaries	label=team-amazon-robotics		not_identified	basic_qualifications	none	distributed_systems,cloud_infrastructure,database_search,embedded_systems,operations_observability	https://www.amazon.jobs/en/jobs/10487686/software-development-engineer-ai-data-infrastructure	1502e3a977dc7a7061a447048211d8f3a2ef5ac666d34da97a90beb6f542ea96
2026-09-16T15:57:53Z	10488471	d3278b4b-9dc7-49d5-b39a-5bc17bd0d258	Software Development Engineer , OpenSearch AI Search Team	US, WA, Bellevue	Bellevue	WA	USA	July 30, 2026		Software Development	aws	label=team-sde-primary		not_identified	preferred_only	none	distributed_systems,cloud_infrastructure,database_search,security_identity,application_backend	https://www.amazon.jobs/en/jobs/10488471/software-development-engineer-opensearch-ai-search-team	0cf1bd9397e817f8003ca63ba1f425b7395c68193835dff5aa11edd1084e968a
2026-09-16T15:57:53Z	10488707	0e6e89bf-3a67-429e-a405-4a081b6afccf	Software Development Engineer, ML Systems, Annapurna Labs	US, NY, New York	New York	NY	USA	July 30, 2026		Software Development	aws	label=team-machine-learning-primary		not_identified	not_stated	mention_only	compiler_mention,machine_learning,distributed_systems,cloud_infrastructure,networking,security_identity,embedded_systems,application_backend	https://www.amazon.jobs/en/jobs/10488707/software-development-engineer-ml-systems-annapurna-labs	12c6e9f76ef7af465efeb66b4d4bcdbacdf8e77bbe2861740b36d259f7e4c354
2026-09-16T15:57:53Z	10488925	8fc0df4b-b861-4677-aad8-779696db375c	Lead Software Engineer, ML Network Stack - Annapurna Labs	US, CA, Cupertino	Cupertino	CA	USA	July 31, 2026		Software Development	aws	label=team-sde-primary		not_identified	preferred_only	none	cloud_infrastructure,networking,embedded_systems	https://www.amazon.jobs/en/jobs/10488925/lead-software-engineer-ml-network-stack-annapurna-labs	58ee5ed561dae70372588ca323ea6750cabb619c0b8ab6c317b3ddcbe00c9e65
2026-09-16T15:57:53Z	10489205	a469a8e3-b3f5-4243-a657-f72e6568749d	Software Development Manager, Agentic AI DevOps	CA, BC, Vancouver	Vancouver	BC	CAN	July 31, 2026		Software Development	aws	label=team-aws-sdm		title_inferred	not_stated	none	cloud_infrastructure,database_search,operations_observability	https://www.amazon.jobs/en/jobs/10489205/software-development-manager-agentic-ai-devops	45190ecf7760728218ac52e1fa943d091025043d587ade44433a81db9884d1b9
2026-09-16T15:57:53Z	10489832	98100d56-5197-483f-b76b-373d86196223	Sr Software Development Engineer, Agentic AI DevOps	US, WA, Seattle	Seattle	WA	USA	July 31, 2026		Software Development	aws	label=team-sde-primary		not_identified	preferred_only	none	cloud_infrastructure,security_identity,operations_observability	https://www.amazon.jobs/en/jobs/10489832/sr-software-development-engineer-agentic-ai-devops	0ea4c5e48d566caf4a36837c28c82fc502b6cb6500b30183dd6f71242e663c5e
2026-09-16T15:57:53Z	10490705	b5ba36ab-d7c3-4ada-bc35-a86694542271	Software Development Engineer II, AWS Healthcare AI	US, WA, Seattle	Seattle	WA	USA	August 3, 2026		Software Development	aws	label=team-sde-primary		not_identified	basic_qualifications	none	machine_learning,distributed_systems,cloud_infrastructure,embedded_systems,application_backend	https://www.amazon.jobs/en/jobs/10490705/software-development-engineer-ii-aws-healthcare-ai	9d13f8c48609fdda162795fead3706acb61edbab976e6143a7892c16e1fa1138
2026-09-16T15:57:53Z	10490741	d00ef73d-13ee-4e4d-ab3d-faf03fc51d76	Software Development Engineer I – AI/ML Network Infrastructure, Annapurna Labs	US, CA, Cupertino	Cupertino	CA	USA	August 3, 2026		Software Development	amazon-artificial-general-intelligence	label=no-team-listed		not_identified	basic_qualifications	none	machine_learning,distributed_systems,cloud_infrastructure,networking,embedded_systems,graphics_media	https://www.amazon.jobs/en/jobs/10490741/software-development-engineer-i-ai-ml-network-infrastructure-annapurna-labs	68da957e1e8b5830d15001083f1f617e5b7f3a22d4cec12401128af44b9787fd
2026-09-16T15:57:53Z	10491191	d1ab328f-0fc4-4247-ab5e-685c36a42c1f	ML Software Engineer, Data Plane	US, CA, Cupertino	Cupertino	CA	USA	August 4, 2026		Software Development	aws	label=team-sde-primary		not_identified	basic_qualifications	mention_only	compiler_mention,machine_learning,distributed_systems,cloud_infrastructure,networking,embedded_systems,graphics_media	https://www.amazon.jobs/en/jobs/10491191/ml-software-engineer-data-plane	ac5e94cabe9cbdbe8d4e578148cc8c87711fdaf612df96011020e8c73db1f733
2026-09-16T15:57:53Z	10491192	287de850-c5a4-444d-b6bf-2a9f27b67adf	Senior ML Software Engineer, Data Plane	US, CA, Cupertino	Cupertino	CA	USA	August 4, 2026		Software Development	aws	label=team-sde-primary		not_identified	basic_qualifications	mention_only	compiler_mention,machine_learning,distributed_systems,cloud_infrastructure,networking,embedded_systems,graphics_media	https://www.amazon.jobs/en/jobs/10491192/senior-ml-software-engineer-data-plane	0bb4618f0bc8ccb503f6020aff5cf5aea116e4cbdcfb1355be6f234afb0b0588
2026-09-16T15:57:53Z	10492278	ab74723a-232d-41af-9336-1605373f7933	Sr. Manager, Software Development, ML Network Stack - Annapurna Labs	US, WA, Seattle	Seattle	WA	USA	August 4, 2026		Software Development	aws	label=team-aws-sdm		title_inferred	not_stated	none	cloud_infrastructure,networking	https://www.amazon.jobs/en/jobs/10492278/sr-manager-software-development-ml-network-stack-annapurna-labs	29f3a85eb28f48004bd625d951470a61ad96fd7d28013c9cf0d277d06842ff89
2026-09-16T15:57:53Z	10492391	e9735aec-43e6-4a5b-b41c-aa2c728148f8	Software Development Engineer II, AWS SageMaker AI	US, WA, Bellevue	Bellevue	WA	USA	August 5, 2026		Software Development	aws	label=team-sde-primary		not_identified	basic_qualifications	none	machine_learning,distributed_systems,cloud_infrastructure,embedded_systems,graphics_media,application_backend,operations_observability	https://www.amazon.jobs/en/jobs/10492391/software-development-engineer-ii-aws-sagemaker-ai	3b0da049970972ea2cf8eea717cafa4d94079bd2462c6c3813762aa541fcb6e8
2026-09-16T15:57:53Z	10492392	dae8da54-e302-492b-a8ef-b06adb73ddb1	Software Development Engineer II, AWS SageMaker AI	US, WA, Bellevue	Bellevue	WA	USA	August 5, 2026		Software Development	aws	label=team-sde-primary		not_identified	basic_qualifications	none	machine_learning,distributed_systems,cloud_infrastructure,embedded_systems,graphics_media,application_backend,operations_observability	https://www.amazon.jobs/en/jobs/10492392/software-development-engineer-ii-aws-sagemaker-ai	fbee2793c7eab655da53ef506a7a41a42c15afeabc4d1db5c1e4f6a5b9ace191
2026-09-16T15:57:53Z	10493068	e0b196ba-55fd-472f-854e-31f1df386473	Sr. SDE, MLA hardware/software co-design, Annapurna Labs Machine Learning Acceleration	US, TX, Austin	Austin	TX	USA	August 5, 2026		Software Development	aws	label=team-machine-learning-primary		not_identified	preferred_only	none	machine_learning,cloud_infrastructure,database_search,security_identity,embedded_systems,application_backend	https://www.amazon.jobs/en/jobs/10493068/sr-sde-mla-hardware-software-co-design-annapurna-labs-machine-learning-acceleration	87e4a8ec99299ecafd770f3515cc5da2873e4e947e40046d42f3cd07b3b1212e
2026-09-16T15:57:53Z	10494569	37af2fc5-42f1-43ca-8151-6cded17011ba	Software Development Engineer II, AWS AI & Strategic Partner Engineering	US, WA, Seattle	Seattle	WA	USA	August 6, 2026		Software Development	aws	label=team-sde-primary		not_identified	basic_qualifications	none	machine_learning,distributed_systems,cloud_infrastructure,database_search,security_identity,application_backend	https://www.amazon.jobs/en/jobs/10494569/software-development-engineer-ii-aws-ai-strategic-partner-engineering	f085c4b40071fcb5b049f1735bc3ec6d1571ddcf3bab9e4b8a0d62455f35b348
2026-09-16T15:57:53Z	10495388	a0f3872c-d654-4836-a42b-56e557aed429	Lead SDE C/C++ Hardware/Software Co-Design, Machine Learning Acceleration Systems	US, CA, Cupertino	Cupertino	CA	USA	August 6, 2026		Software Development	aws	label=team-sde-primary		not_identified	preferred_only	none	machine_learning,cloud_infrastructure,networking,embedded_systems,application_backend	https://www.amazon.jobs/en/jobs/10495388/lead-sde-c-c-hardware-software-co-design-machine-learning-acceleration-systems	ae55857c22acc2ec4267c9afc98aeb15cafcb9aaabb9f7412987425a544c5c38
2026-09-16T15:57:53Z	10495482	ef43663e-f1d9-4698-82a6-81ed1eb2a5a6	Manager, Software Development, ML Network Stack - Annapurna Labs	US, WA, Seattle	Seattle	WA	USA	August 7, 2026		Software Development	aws	label=team-aws-sdm		title_inferred	not_stated	none	distributed_systems,cloud_infrastructure,networking,application_backend,operations_observability	https://www.amazon.jobs/en/jobs/10495482/manager-software-development-ml-network-stack-annapurna-labs	1eeb306a5105fafe87097bfed213779b35804b65430eaa4402b7a6a268459d86
2026-09-16T15:57:53Z	10495487	b5f41933-48be-4d8b-acfb-a816b144191e	ML Software Engineer, Data Plane	IL, Tel Aviv	Tel Aviv		ISR	August 7, 2026		Software Development	aws	label=team-sde-primary		not_identified	basic_qualifications	mention_only	compiler_mention,machine_learning,distributed_systems,cloud_infrastructure,networking,embedded_systems,graphics_media	https://www.amazon.jobs/en/jobs/10495487/ml-software-engineer-data-plane	b51198b2723bac7d8c073cf93ef0bcc9dc5db97743d85651cc6c46123ed05648
2026-09-16T15:57:53Z	10495910	d4baa46d-45aa-4e56-a4aa-b199a492fb8e	Assoc Delivery Cons, AI/ML, A2C ProServe Shared Delivery	US, VA, Arlington	Arlington	VA	USA	August 7, 2026		Software Development	aws	label=team-pro-serv		not_identified	basic_qualifications	none	machine_learning,distributed_systems,cloud_infrastructure,networking,database_search,security_identity,application_backend	https://www.amazon.jobs/en/jobs/10495910/assoc-delivery-cons-ai-ml-a2c-proserve-shared-delivery	189685af7136cff91f9da5709e57e4ff2ba0f879bc05d029422479ffa5b6fe2b
2026-09-16T15:57:53Z	10496175	07956e56-aef7-4b01-8e5f-3260bac91dc4	SDM, ML Data Infra, Amazon Traffic Engineering	CA, BC, Vancouver	Vancouver	BC	CAN	August 7, 2026		Software Development	ecp	label=team-traffic-engineering		title_inferred	not_stated	none	distributed_systems,cloud_infrastructure,networking,database_search,security_identity,graphics_media,application_backend,operations_observability	https://www.amazon.jobs/en/jobs/10496175/sdm-ml-data-infra-amazon-traffic-engineering	187595519676e48c1b07d87ac5df29121ebfec4e0e37b493f55f77310c97b20f
2026-09-16T15:57:53Z	10496432	5e9e0b06-66be-4490-aea5-1b3d48ebfada	Software Development Engineer, AI/ML, AWS Neuron, Model Inference	US, CA, Cupertino	Cupertino	CA	USA	August 7, 2026		Software Development	aws	label=team-machine-learning-primary		not_identified	basic_qualifications	mention_only	compiler_mention,machine_learning,distributed_systems,cloud_infrastructure,embedded_systems,application_backend	https://www.amazon.jobs/en/jobs/10496432/software-development-engineer-ai-ml-aws-neuron-model-inference	c4f6ec61cd79c76c03b778033c37364859b3c6051808e913d42ca7675bd212b8
2026-09-16T15:57:53Z	10496451	8d710ea6-bcbb-4082-a2bf-7abf5fd1610c	Software Dev Engineer - AI Agents, IES LATech	BR, SP, Sao Paulo	Sao Paulo	SP	BRA	August 8, 2026		Software Development	retail	label=team-intech		not_identified	preferred_only	none	machine_learning	https://www.amazon.jobs/en/jobs/10496451/software-dev-engineer-ai-agents-ies-latech	43f37dcb1a037a27f82584d8bf97096507a8f3c3810b8dd13cb66ad898f7739e
2026-09-16T15:57:53Z	10496454	814953c4-a5b1-48a1-acad-457674b1df76	Software Dev Engineer - AI Agents, IES LATech	BR, SP, Sao Paulo	Sao Paulo	SP	BRA	August 8, 2026		Software Development	retail	label=team-intech		not_identified	preferred_only	none	machine_learning	https://www.amazon.jobs/en/jobs/10496454/software-dev-engineer-ai-agents-ies-latech	c70d3bb8c13ba8b415fadccf72b86b677063a750421c4a413994adf7a9aac037
2026-09-16T15:57:53Z	10496455	cfe519cb-d5af-4aa3-9148-22c325dcf2d9	Software Dev Engineer - AI Agents, IES LATech	BR, SP, Sao Paulo	Sao Paulo	SP	BRA	August 8, 2026		Software Development	retail	label=team-intech		not_identified	preferred_only	none	machine_learning	https://www.amazon.jobs/en/jobs/10496455/software-dev-engineer-ai-agents-ies-latech	a82cf322f40006066e2b60c02fa3e04aa29e9ae4339f6a9b967180c5e656f7a5
2026-09-16T15:57:53Z	10496494	91aa78e5-cfa5-432f-9621-83dcf0591690	Sr. Software Dev Engineer, SageMaker AI	US, WA, Seattle	Seattle	WA	USA	August 8, 2026		Software Development	aws	label=team-aws-sdm		not_identified	preferred_only	none	machine_learning,distributed_systems,cloud_infrastructure,application_backend	https://www.amazon.jobs/en/jobs/10496494/sr-software-dev-engineer-sagemaker-ai	895c63b4535d1f1ca0436e20ae61843dfaee02802c54b0703cd6f08cb39f7930
2026-09-16T15:57:53Z	10496495	1aa8e8db-0c36-4737-8b74-40e252c15ffb	Sr. Software Dev Engineer, SageMaker AI	US, WA, Seattle	Seattle	WA	USA	August 8, 2026		Software Development	aws	label=team-aws-sdm		not_identified	preferred_only	none	machine_learning,distributed_systems,cloud_infrastructure,application_backend	https://www.amazon.jobs/en/jobs/10496495/sr-software-dev-engineer-sagemaker-ai	816a5c0f3f2fe60c71a92b1b6ad56018c0182d147b19bca81a3bfffdf9b7febf
2026-09-16T15:57:53Z	10496496	7302fa63-c6ea-4381-afdc-5dc8a2ed8648	Sr. Software Dev Engineer, SageMaker AI	US, WA, Seattle	Seattle	WA	USA	August 8, 2026		Software Development	aws	label=team-aws-sdm		not_identified	preferred_only	none	machine_learning,distributed_systems,cloud_infrastructure,application_backend	https://www.amazon.jobs/en/jobs/10496496/sr-software-dev-engineer-sagemaker-ai	a709e8eb8403e432d038f06f43090b7457af169b5610bd45e1d161b0c224b81e
2026-09-16T15:57:53Z	10497224	9093c5d0-9569-4f80-b6b8-b7217016800f	Sr. Software Engineer- AI/ML, AWS Neuron Distributed Training	US, CA, Cupertino	Cupertino	CA	USA	August 10, 2026		Software Development	aws	label=team-sde-primary		not_identified	basic_qualifications	mention_only	compiler_mention,machine_learning,distributed_systems,cloud_infrastructure,database_search,application_backend	https://www.amazon.jobs/en/jobs/10497224/sr-software-engineer-ai-ml-aws-neuron-distributed-training	a043667941b4ef44111b3cc469cfa23d396154d967f96c12cddcf3037c9baf76
2026-09-16T15:57:53Z	10497769	0b808d68-de02-4be7-b060-f4c0c4fad4a5	Sr. Software Dev Engineer, Healthcare AI	US, WA, Seattle	Seattle	WA	USA	August 10, 2026		Software Development	aws	label=team-sde-primary		not_identified	preferred_only	none	distributed_systems,cloud_infrastructure,application_backend	https://www.amazon.jobs/en/jobs/10497769/sr-software-dev-engineer-healthcare-ai	04f2bb47fd5a0d2631fc135535a6c798b8973681bf44fd2d81784003ad1f6f6d
2026-09-16T15:57:53Z	10498879	869e2149-2a30-4b43-bdbb-e0d560094ef9	Software Engineering Manager, ML Kernel Performance, AWS Neuron, Annapurna Labs	CA, ON, Toronto	Toronto	ON	CAN	August 11, 2026		Software Development	aws	label=team-sde-primary		title_inferred	not_stated	mention_only	compiler_mention,machine_learning,distributed_systems,cloud_infrastructure,networking,embedded_systems,application_backend,operations_observability	https://www.amazon.jobs/en/jobs/10498879/software-engineering-manager-ml-kernel-performance-aws-neuron-annapurna-labs	89d599f87f008a4603a73112e3c4436797240565d93af4f20a9f6008de677662
2026-09-16T15:57:53Z	10499066	d03ea14b-2f20-4e8b-b760-9b6a625e365f	Software Development Engineer, AWS AI Agentic Automated Reasoning (AR)	US, WA, Seattle	Seattle	WA	USA	August 11, 2026		Software Development	aws	label=team-sde-primary		not_identified	basic_qualifications	none	distributed_systems,cloud_infrastructure,networking,database_search,embedded_systems,application_backend,operations_observability	https://www.amazon.jobs/en/jobs/10499066/software-development-engineer-aws-ai-agentic-automated-reasoning-ar	fe5e321d9237170cec4e402480e3a5b31a93ef1e1b46ecc119a128c6838fff28
2026-09-16T15:57:53Z	10499084	f18fa571-3b65-4945-ac01-1894be01385f	Sr. Software Development Engineer, AWS AI Agentic Automated Reasoning (AR)	US, WA, Seattle	Seattle	WA	USA	August 11, 2026		Software Development	aws	label=team-sde-primary		not_identified	preferred_only	none	distributed_systems,cloud_infrastructure,networking,database_search,application_backend,operations_observability	https://www.amazon.jobs/en/jobs/10499084/sr-software-development-engineer-aws-ai-agentic-automated-reasoning-ar	19b2c5b903a6ce7389d24094ffeac00970177e96d2bba7c4cfb8c789ad664391
2026-09-16T15:57:53Z	10499254	40b5b501-44c9-4c86-a13f-4c294a838ec7	Software Development Manager, SageMaker AI - Studio IDE	US, CA, Santa Clara	Santa Clara	CA	USA	August 11, 2026		Software Development	aws	label=team-aws-sdm		title_inferred	not_stated	none	machine_learning,cloud_infrastructure,networking,security_identity,operations_observability	https://www.amazon.jobs/en/jobs/10499254/software-development-manager-sagemaker-ai-studio-ide	54aedb6656e48dda199965b83416ac42672f0b943100c91356e099fe49a9ed09
2026-09-16T15:57:53Z	10499263	f41b83cc-a0fc-44b3-bd86-dcf7f6a5b723	Senior Software Engineer, SageMaker AI Studio	US, WA, Bellevue	Bellevue	WA	USA	August 11, 2026		Software Development	aws	label=team-sde-primary		not_identified	preferred_only	none	machine_learning,distributed_systems,cloud_infrastructure,frontend_mobile,application_backend,operations_observability	https://www.amazon.jobs/en/jobs/10499263/senior-software-engineer-sagemaker-ai-studio	8c4b75ded998205d54fe30b3301510618d1ab716d64244162b5ec054bcd77c17
2026-09-16T15:57:53Z	10500974	eeff36a8-d775-4550-b819-77ac256cbbd2	ASIC Design Engineer, Cloud-Scale Machine Learning Acceleration team - Annapurna Labs	US, CA, Cupertino	Cupertino	CA	USA	August 13, 2026		Software Development	aws	label=team-sde-primary		not_identified	basic_qualifications	none	machine_learning,cloud_infrastructure,application_backend	https://www.amazon.jobs/en/jobs/10500974/asic-design-engineer-cloud-scale-machine-learning-acceleration-team-annapurna-labs	f79addefb07c93a293fd966e7983d31129f5812141e8e780bbf3cdada1c3b3e9
2026-09-16T15:57:53Z	10500976	76379cc7-ef7d-4498-8e50-092de6f80a9e	SDE, MLA hardware/software co-design, Annapurna Labs Machine Learning Acceleration	US, TX, Austin	Austin	TX	USA	August 13, 2026		Software Development	aws	label=team-machine-learning-primary		not_identified	preferred_only	none	machine_learning,cloud_infrastructure,database_search,security_identity,embedded_systems	https://www.amazon.jobs/en/jobs/10500976/sde-mla-hardware-software-co-design-annapurna-labs-machine-learning-acceleration	5e633b35b372ae1ed373555bdd543ab4ec58f9757b711ef33211cd4559ba3186
2026-09-16T15:57:53Z	10501454	d005f659-52c0-4208-a0ac-2948bd83edd2	Software Engineer- AI/ML, Amazon Neuron Training	US, WA, Seattle	Seattle	WA	USA	August 13, 2026		Software Development	aws	label=team-sde-primary		not_identified	preferred_only	mention_only	compiler_mention,machine_learning,distributed_systems,cloud_infrastructure,application_backend	https://www.amazon.jobs/en/jobs/10501454/software-engineer-ai-ml-amazon-neuron-training	128237fa52d9ff13e9338f6499a440bec088d059a18f09d21e6d6c6ea6324ccf
2026-09-16T15:57:53Z	10501918	3a593a62-be18-4513-b737-41a869aafa7e	Software Development Engineer, Ring AI (Edge AI), RBKS AI	TW, TPE, Taipei	Taipei	TPE	TWN	August 14, 2026		Software Development	alexa-and-amazon-devices	label=team-ring-key-blink		not_identified	basic_qualifications	none	machine_learning,cloud_infrastructure,networking,security_identity,embedded_systems,graphics_media	https://www.amazon.jobs/en/jobs/10501918/software-development-engineer-ring-ai-edge-ai-rbks-ai	f9a1cf5b686f47aa7b4c4eaf20f593b38358b38f1be4658402095223b465a7ac
2026-09-16T15:57:53Z	10501919	f2c844b1-c7cf-4037-8395-532d1f782572	Software Development Engineer, Ring AI (Edge AI), RBKS AI	TW, TPE, Taipei	Taipei	TPE	TWN	August 14, 2026		Software Development	alexa-and-amazon-devices	label=team-ring-key-blink		not_identified	basic_qualifications	none	machine_learning,cloud_infrastructure,networking,security_identity,embedded_systems,graphics_media	https://www.amazon.jobs/en/jobs/10501919/software-development-engineer-ring-ai-edge-ai-rbks-ai	733f6a623c7bd6706b6aec50acc96dac61e8f7f4fb6a9e0aa4289ed5152295c9
2026-09-16T15:57:53Z	10502322	4cf8ea25-8b98-46e8-adb1-b0f058002984	Software Development Engineer, Agentic AI	US, NJ, Jersey City	Jersey City	NJ	USA	August 14, 2026		Software Development	aws	label=team-sde-primary		not_identified	basic_qualifications	none	machine_learning,distributed_systems,cloud_infrastructure,embedded_systems,application_backend	https://www.amazon.jobs/en/jobs/10502322/software-development-engineer-agentic-ai	3227a2ec8c9391bce437a68dd3648d43dfd03685a595fdb92eb2e91247fde38b
2026-09-16T15:57:53Z	10503587	03ef884d-6f8c-4d89-bca7-d71273d8433d	Senior Machine Learning Engineer, Neuro-Symbolic AI Labs	US, MA, Boston	Boston	MA	USA	August 17, 2026		Software Development	aws	label=team-machine-learning-primary		not_identified	preferred_only	none	machine_learning	https://www.amazon.jobs/en/jobs/10503587/senior-machine-learning-engineer-neuro-symbolic-ai-labs	8ca32d55167ccd2642a7b12c5c6692a6ebfd1ebca3dd8f22a8510cb4c935c893
2026-09-16T15:57:53Z	10503684	473b3afc-e5e8-4526-badb-c781e3fa7a03	Software Development Engineer, AI Data Infrastructure	US, MA, N.reading	N.reading	MA	USA	August 17, 2026		Software Development	subsidiaries	label=team-amazon-robotics		not_identified	basic_qualifications	none	distributed_systems,cloud_infrastructure,database_search,embedded_systems,operations_observability	https://www.amazon.jobs/en/jobs/10503684/software-development-engineer-ai-data-infrastructure	e3666a5c68c075c4608021f5afb23c559c5f80f073c8c00fb7113e8a612cc25f
2026-09-16T15:57:53Z	10504368	5018f058-6fcf-41f6-b629-494a6aee59a7	Software Development Engineer, Amazon Leo AI Foundations	US, WA, Redmond	Redmond	WA	USA	August 17, 2026		Software Development	alexa-and-amazon-devices	label=team-project-kuiper		not_identified	preferred_only	none	machine_learning,distributed_systems,cloud_infrastructure,networking,database_search,security_identity,application_backend	https://www.amazon.jobs/en/jobs/10504368/software-development-engineer-amazon-leo-ai-foundations	e30c6e0b610eab23d1d47c433220b6feb4d2454f710ab2428a6c56d205db2953
2026-09-16T15:57:53Z	10504369	ed0a6c71-084a-44f9-bbfa-b12445770291	Software Dev Engineer, Amazon Leo AI Foundations	US, WA, Redmond	Redmond	WA	USA	August 17, 2026		Software Development	alexa-and-amazon-devices	label=team-project-kuiper		not_identified	preferred_only	none	machine_learning,distributed_systems,cloud_infrastructure,networking,database_search,security_identity,application_backend	https://www.amazon.jobs/en/jobs/10504369/software-dev-engineer-amazon-leo-ai-foundations	a6620a68476be007f272ea44d69140591214bd40bae240812307926bcc3ecea7
2026-09-16T15:57:53Z	10504429	868cce7c-ac6b-4489-b129-011f1a54ca06	Software Dev Engineer, Amazon Leo AI Foundations	US, WA, Redmond	Redmond	WA	USA	August 18, 2026		Software Development	alexa-and-amazon-devices	label=team-project-kuiper		not_identified	preferred_only	none	machine_learning,distributed_systems,cloud_infrastructure,networking,database_search,security_identity,application_backend	https://www.amazon.jobs/en/jobs/10504429/software-dev-engineer-amazon-leo-ai-foundations	79949f7ac7434be5a3a33900b522045c2e7585cca2b623c106aa686260c9ea00
2026-09-16T15:57:53Z	10504431	86af9c83-7be3-4854-83b9-8d19153b7582	Software Dev Engineer, Amazon Leo AI Foundations	US, WA, Redmond	Redmond	WA	USA	August 18, 2026		Software Development	alexa-and-amazon-devices	label=team-project-kuiper		not_identified	preferred_only	none	machine_learning,distributed_systems,cloud_infrastructure,networking,database_search,security_identity,application_backend	https://www.amazon.jobs/en/jobs/10504431/software-dev-engineer-amazon-leo-ai-foundations	9b8b14e3b1a6bfaf961902190154a7f0b7d6eae6d6f8a1900e283c3235e5da4b
2026-09-16T15:57:53Z	10504432	6d9c2fe2-6c24-4620-a0fc-f393d025bcfc	Sr. Software Dev Engineer, Leo AI Foundations	US, WA, Redmond	Redmond	WA	USA	August 18, 2026		Software Development	alexa-and-amazon-devices	label=team-project-kuiper		not_identified	preferred_only	none	machine_learning,distributed_systems,cloud_infrastructure,networking,database_search,security_identity,application_backend	https://www.amazon.jobs/en/jobs/10504432/sr-software-dev-engineer-leo-ai-foundations	6c59d1173f7362304f3509a1df9f4ac8c38e8d6b0a09e67e813c071518e66880
2026-09-16T15:57:53Z	10504433	75cbaafb-5fa0-49a4-8629-1e73f8f92cdb	Sr. Software Dev Engineer, Leo AI Foundations	US, WA, Redmond	Redmond	WA	USA	August 18, 2026		Software Development	alexa-and-amazon-devices	label=team-project-kuiper		not_identified	preferred_only	none	machine_learning,distributed_systems,cloud_infrastructure,networking,database_search,security_identity,application_backend	https://www.amazon.jobs/en/jobs/10504433/sr-software-dev-engineer-leo-ai-foundations	02966c79db5bd35e1514d56cdc9ca8be5ac8e29412852876a09e6dcdb2653d85
2026-09-16T15:57:53Z	10504434	81666365-2ed2-44d0-9c0c-5ba5f466b9e5	Sr. Software Dev Engineer, Leo AI Foundations	US, WA, Redmond	Redmond	WA	USA	August 18, 2026		Software Development	alexa-and-amazon-devices	label=team-project-kuiper		not_identified	preferred_only	none	machine_learning,distributed_systems,cloud_infrastructure,networking,database_search,security_identity,application_backend	https://www.amazon.jobs/en/jobs/10504434/sr-software-dev-engineer-leo-ai-foundations	c14447f699bbb0ad83c2f23db163184fd6189ed31c97b95ba99445df82c6b778
2026-09-16T15:57:53Z	10505474	0253300b-5a6f-485a-9a0c-2ce0fcfd5086	Senior Software Development Engineer, AI/ML, AWS Neuron, Model Inference	US, CA, Cupertino	Cupertino	CA	USA	August 18, 2026		Software Development	aws	label=team-machine-learning-primary		not_identified	basic_qualifications	mention_only	compiler_mention,machine_learning,distributed_systems,cloud_infrastructure,embedded_systems	https://www.amazon.jobs/en/jobs/10505474/senior-software-development-engineer-ai-ml-aws-neuron-model-inference	f237eb07a05fe052f908439574e0fa7cc3a51000a68a2cf1430a8fa6d5b231ba
2026-09-16T15:57:53Z	10505609	098dd6d7-4f6b-45f0-9676-306d80baaadf	Software Dev Engineer - AI Agents (Prioritária para Pessoas com Deficiencia), IES LATech	BR, SP, Sao Paulo	Sao Paulo	SP	BRA	August 18, 2026		Software Development	retail	label=team-intech		not_identified	preferred_only	none	machine_learning	https://www.amazon.jobs/en/jobs/10505609/software-dev-engineer-ai-agents-prioritaria-para-pessoas-com-deficiencia-ies-latech	7cf1a0544f52de71e1f2627e7493c8504a8ac493dc57ebf7c5dd93cac740b7c3
2026-09-16T15:57:53Z	10505927	c6cbd53e-e32f-4fb6-b1fc-6a5708fc2e3e	Software Development Engineer, Ads AI Core Infra (ACI)	US, WA, Seattle	Seattle	WA	USA	August 18, 2026		Software Development	advertising	label=team-amazon-ads		not_identified	preferred_only	none	machine_learning,distributed_systems,cloud_infrastructure,database_search,graphics_media,application_backend,operations_observability	https://www.amazon.jobs/en/jobs/10505927/software-development-engineer-ads-ai-core-infra-aci	5238b07ba6b22306592d78adb2fd7dddcf3acde094b3e3dc0b6bd9fa6a69f89f
2026-09-16T15:57:53Z	10506889	e0928ab2-7068-401b-af1b-466c3e8314af	Software Development Student , Machine Learning Israel (MLIL) — Integration Validation	IL, Tel Aviv	Tel Aviv		ISR	August 19, 2026		Software Development	aws	label=team-sde-primary		not_identified	not_stated	mention_only	compiler_mention,machine_learning,cloud_infrastructure,embedded_systems,operations_observability	https://www.amazon.jobs/en/jobs/10506889/software-development-student-machine-learning-israel-mlil-integration-validation	6fd13158cdec48030b434f9a72481717be2da90ef782d4e0dfbbce49ebc34451
2026-09-16T15:57:53Z	10507206	96bb93a6-648b-4198-831c-5281a1ac695a	Software Dev Engineer II, AWS Applied AI Solutions	US, WA, Seattle	Seattle	WA	USA	August 19, 2026		Software Development	aws	label=team-sde-primary		not_identified	basic_qualifications	none	distributed_systems,cloud_infrastructure,embedded_systems,application_backend,operations_observability	https://www.amazon.jobs/en/jobs/10507206/software-dev-engineer-ii-aws-applied-ai-solutions	e75bf8e192e9a97eafea989a5c1480db5367b82be2c989029fa2836511b37d15
2026-09-16T15:57:53Z	10507546	0cb7f810-8f08-4b01-8039-17c3952fc223	Sr. Manager - Static Timing Analysis, Annapurna Labs, Cloud Scale Machine Learning	US, CA, Cupertino	Cupertino	CA	USA	August 20, 2026		Software Development	aws	label=team-sde-primary		title_inferred	basic_qualifications	none	machine_learning,cloud_infrastructure,networking,database_search,security_identity,embedded_systems	https://www.amazon.jobs/en/jobs/10507546/sr-manager-static-timing-analysis-annapurna-labs-cloud-scale-machine-learning	8890de7ebfb11b2bd2759b85acae3438de34cc0e2ec697e9d8f0ec45e57316da
2026-09-16T15:57:53Z	10507969	7f2e0ba9-648b-412b-bbc3-2a9678759c0d	Software Development Engineer II, AWS AI & Strategic Partner Engineering	DE, BW, Walldorf	Walldorf	BW	DEU	August 20, 2026		Software Development	aws	label=team-sde-primary		not_identified	basic_qualifications	none	machine_learning,distributed_systems,cloud_infrastructure,database_search,security_identity,application_backend	https://www.amazon.jobs/en/jobs/10507969/software-development-engineer-ii-aws-ai-strategic-partner-engineering	936be2baf28e759caa2deb38be8400e74333c0d10f5030cca9c9d16fa9e32408
2026-09-16T15:57:53Z	10508288	8418ce04-6b0c-487f-bf7f-56ccfbbd2790	Principal Engineer, AWS Agentic AI	IL, Tel Aviv	Tel Aviv		ISR	August 20, 2026		Software Development	aws	label=team-sde-primary		not_identified	not_stated	none	machine_learning,distributed_systems,cloud_infrastructure,networking,database_search	https://www.amazon.jobs/en/jobs/10508288/principal-engineer-aws-agentic-ai	23593d28aa7db2aba7f8b2f18d7e0b4bbaf0aa844e29512fd4179667031a5b94
2026-09-16T15:57:53Z	10509847	5edb5221-fa5c-479b-83cb-6b4443aaabf5	Software Development Engineer, Generative AI, Annapurna Labs - Neuroboros Team	US, NY, New York	New York	NY	USA	August 21, 2026		Software Development	aws	label=team-machine-learning-primary		not_identified	preferred_only	mention_only	compiler_mention,machine_learning,distributed_systems,cloud_infrastructure,networking,security_identity,embedded_systems,operations_observability	https://www.amazon.jobs/en/jobs/10509847/software-development-engineer-generative-ai-annapurna-labs-neuroboros-team	c88c9a77b3716ee38bcb1c28476f0d977554bdc55a7e58b1bada03ef18453b8c
2026-09-16T15:57:53Z	10510280	07966ada-360d-4ea2-979f-662d34d8c520	Software Development Engineer, EC2 Trainium AI Infra	US, WA, Seattle	Seattle	WA	USA	August 21, 2026		Software Development	aws	label=team-sde-primary		not_identified	basic_qualifications	none	distributed_systems,cloud_infrastructure,embedded_systems	https://www.amazon.jobs/en/jobs/10510280/software-development-engineer-ec2-trainium-ai-infra	f16075e666a1e821dfa2cc0ebf5eb7579dee2f9655deac261bc03021c87658c5
2026-09-16T15:57:53Z	10510698	e9435bfc-a109-4b4b-86bc-b49b57c630ee	Software Development Manager, Applied AI Solutions	US, WA, Seattle	Seattle	WA	USA	August 21, 2026		Software Development	aws	label=team-sde-primary		title_inferred	basic_qualifications	none	distributed_systems,cloud_infrastructure,networking,application_backend,operations_observability	https://www.amazon.jobs/en/jobs/10510698/software-development-manager-applied-ai-solutions	064a39bb9b023daeca30eb78fa0d3efe9ff4b403bd622f939b1faa2c05968140
2026-09-16T15:57:53Z	10510880	273d9cc4-c833-47cc-a607-fe63984ebf6a	Machine Learning Engineer, Amazon Music - Catalog Quality	IN, KA, Bengaluru	Bengaluru	KA	IND	August 21, 2026		Software Development	entertainment	label=team-music		not_identified	preferred_only	none	machine_learning,cloud_infrastructure,database_search,graphics_media,operations_observability	https://www.amazon.jobs/en/jobs/10510880/machine-learning-engineer-amazon-music-catalog-quality	c4fc894bf320127b704c513bbb2312ee207723d0de57cd7a36aad813a439b74c
2026-09-16T15:57:53Z	10512060	a172245b-c71d-4c8b-bfcc-a1b4aaf4ca1e	Senior ML Performance Engineer, Annapurna Labs	IL, Tel Aviv	Tel Aviv		ISR	August 24, 2026		Software Development	aws	label=team-sde-primary		not_identified	basic_qualifications	mention_only	compiler_mention,machine_learning,cloud_infrastructure,security_identity,embedded_systems,application_backend	https://www.amazon.jobs/en/jobs/10512060/senior-ml-performance-engineer-annapurna-labs	0113974e35a3676ebd8d48e52411bad1d64d438726c772501072548829f493d3
2026-09-16T15:57:53Z	10512620	6ee95ff4-4750-4186-aaf5-5f7b98e2fd85	Sr SDM, AI Automation, PV AI Automation	US, WA, Seattle	Seattle	WA	USA	August 24, 2026		Software Development	entertainment	label=team-primevideo		title_inferred	not_stated	none		https://www.amazon.jobs/en/jobs/10512620/sr-sdm-ai-automation-pv-ai-automation	b3394d6412ea6ff249a9af275547d263a4742b453dda335618160f85ac34231d
2026-09-16T15:57:53Z	10512917	d923dc6c-b4f9-4c11-a989-bc61a1fd0eb9	Sr. SDE, AWS Healthcare AI, Amazon Connect Health	US, WA, Seattle	Seattle	WA	USA	August 24, 2026		Software Development	aws	label=team-sde-primary		not_identified	preferred_only	none	machine_learning,distributed_systems,cloud_infrastructure,application_backend	https://www.amazon.jobs/en/jobs/10512917/sr-sde-aws-healthcare-ai-amazon-connect-health	c9a087cc00317705cee91089e1cc28c2f51a3204983f6cd53f1b6669d2a79149
2026-09-16T15:57:53Z	10513313	547f96d3-d2a3-4f8c-a45a-f55071b749ef	Software Development Engineer II (ML), CMT	IN, TN, Chennai	Chennai	TN	IND	August 25, 2026		Software Development	no-business-category	label=no-team-listed		not_identified	basic_qualifications	none	machine_learning,distributed_systems,cloud_infrastructure,database_search,security_identity,application_backend,operations_observability	https://www.amazon.jobs/en/jobs/10513313/software-development-engineer-ii-ml-cmt	5ea84d504770fd3eb96db34f53eb98ec7800f84b7e18414859986d0a291a01a5
2026-09-16T15:57:53Z	10513627	d4b560bc-3e4a-41d9-9430-4d3532f1583b	Senior MLE, CreativeFlux, AI Studios	US, NY, New York	New York	NY	USA	August 25, 2026		Software Development	entertainment	label=team-primevideo		not_identified	preferred_only	none	machine_learning,distributed_systems,cloud_infrastructure,graphics_media,operations_observability	https://www.amazon.jobs/en/jobs/10513627/senior-mle-creativeflux-ai-studios	7e0d348c799ab388660237aa234814dc4fa64ae173dcd136628478773dc048e6
2026-09-16T15:57:53Z	10514428	557963bf-b4dc-4d13-a95c-f3f301b3bad1	Application Builder, Blink Subs + ai	US, MA, North Reading	North Reading	MA	USA	August 25, 2026		Software Development	alexa-and-amazon-devices	label=team-ring-key-blink		not_identified	preferred_only	none	cloud_infrastructure,frontend_mobile,application_backend	https://www.amazon.jobs/en/jobs/10514428/application-builder-blink-subs-ai	70747c916f104d9b1b032619313eb97b56f2df7a310d9f8867db7ae31ccca552
2026-09-16T15:57:53Z	10515061	8571ac70-52f9-41c5-930b-2359fe0f844d	Sr. Front End Engineer, AWS Agentic AI Automated Reasoning (AR)	US, WA, Seattle	Seattle	WA	USA	August 25, 2026		Software Development	aws	label=team-sde-primary		not_identified	not_stated	none	distributed_systems,cloud_infrastructure,frontend_mobile,application_backend	https://www.amazon.jobs/en/jobs/10515061/sr-front-end-engineer-aws-agentic-ai-automated-reasoning-ar	5ab597da888fa8c02fd84e63be16fc2280ca7ebb333371185bd76473816e7451
2026-09-16T15:57:53Z	10515062	b0113c4a-0946-49c2-9d33-aa69d9d8e803	Front End Engineer, AWS Agentic AI Automated Reasoning (AR)	US, WA, Seattle	Seattle	WA	USA	August 25, 2026		Software Development	aws	label=team-sde-primary		not_identified	not_stated	none	distributed_systems,cloud_infrastructure,frontend_mobile,application_backend	https://www.amazon.jobs/en/jobs/10515062/front-end-engineer-aws-agentic-ai-automated-reasoning-ar	b5c54c4c6bb41530fd9964580f8010447171cb24d09fa4d8b5f4d9b0e769e446
2026-09-16T15:57:53Z	10515931	04fd529b-d0df-4bb2-8d86-5442d50ba3e9	Sr. Software Engineer- AI/ML, AWS Neuron Distributed Training	US, CA, Cupertino	Cupertino	CA	USA	August 26, 2026		Software Development	aws	label=team-sde-primary		not_identified	basic_qualifications	mention_only	compiler_mention,machine_learning,cloud_infrastructure,database_search,application_backend	https://www.amazon.jobs/en/jobs/10515931/sr-software-engineer-ai-ml-aws-neuron-distributed-training	903ae8788d83bf3b8ffab347ae414b99674e2f64011fe715b38fa75e8f924ce2
2026-09-16T15:57:53Z	10517792	f4be427e-2f15-42d3-b9cb-242698334a3a	Senior Software Engineer, AWS Applied AI Solutions	US, WA, Seattle	Seattle	WA	USA	August 28, 2026		Software Development	aws	label=team-sde-primary		not_identified	preferred_only	none	cloud_infrastructure,security_identity,application_backend	https://www.amazon.jobs/en/jobs/10517792/senior-software-engineer-aws-applied-ai-solutions	5b90176bf43d1d49db4709fb060e72bb74cc42265aae2f5ab78e3910473ff50d
2026-09-16T15:57:53Z	10517842	78b57e05-1519-49d8-9b99-879500d35b74	Sr. MLE, Prime Video ML Platform	US, WA, Seattle	Seattle	WA	USA	August 28, 2026		Software Development	entertainment	label=team-primevideo		not_identified	preferred_only	none	machine_learning,distributed_systems,cloud_infrastructure	https://www.amazon.jobs/en/jobs/10517842/sr-mle-prime-video-ml-platform	e5b57b6c0db4df1f99ae6b0a2c5c0858f9076ab1cefd7028a36b25e98583cd10
2026-09-16T15:57:53Z	10517843	9b7afe28-1345-447d-acae-6abdad8d491b	Sr Manager, Software Dev, 3P AM Gen AI Solutions, ISS	IN, TS, Hyderabad	Hyderabad	TS	IND	August 28, 2026		Software Development	international-stores	label=team-international-sellers-group		title_inferred	not_stated	none	machine_learning	https://www.amazon.jobs/en/jobs/10517843/sr-manager-software-dev-3p-am-gen-ai-solutions-iss	36f71d7ec855b701c49e93c738256b222f4ff946c703b3b3d006f659dec60db6
2026-09-16T15:57:53Z	10521254	8361a8d5-23a8-4cd7-b13d-9029ebcb0c16	Senior Software Development Engineer, Amazon Leo - Developer Productivity, AI, Test and Simulation	US, WA, Redmond	Redmond	WA	USA	August 29, 2026		Software Development	alexa-and-amazon-devices	label=team-project-kuiper		not_identified	preferred_only	none	machine_learning,cloud_infrastructure,networking,database_search,security_identity,embedded_systems,frontend_mobile,application_backend,operations_observability	https://www.amazon.jobs/en/jobs/10521254/senior-software-development-engineer-amazon-leo-developer-productivity-ai-test-and-simulation	0fdb2deb84c6fa2f9acbbdda6f723839a61fd93d2cb4ec697a9be396d373320d
2026-09-16T15:57:53Z	10521270	13f0b94d-b0c9-4193-85a6-3284777858b8	Software Development Engineer (AWS ML), Machine Learning Israel (MLIL) — FLOW sub-team (Fleet Lifecycle & Operational Workflows)	IL, Tel Aviv	Tel Aviv		ISR	August 30, 2026		Software Development	aws	label=team-sde-primary		not_identified	basic_qualifications	none	machine_learning,cloud_infrastructure,embedded_systems,operations_observability	https://www.amazon.jobs/en/jobs/10521270/software-development-engineer-aws-ml-machine-learning-israel-mlil-flow-sub-team-fleet-lifecycle-operational-workflows	f49a4019417cc23a1ec7774edaab6418ff62ec1b4d278f77f88450f5e8ed54ba
2026-09-16T15:57:53Z	10521497	77bf4f0b-e6b0-4450-b8cc-98ce7dd14572	Software Development Engineer, ML Symphony	US, CA, Santa Clara	Santa Clara	CA	USA	August 31, 2026		Software Development	aws	label=team-sde-primary		not_identified	preferred_only	none	machine_learning,cloud_infrastructure,networking,database_search,security_identity,application_backend	https://www.amazon.jobs/en/jobs/10521497/software-development-engineer-ml-symphony	12d15f0cc3e21ebb668b1d75da528206b39505e02959fd12ecd685bebd832e0e
2026-09-16T15:57:53Z	10521977	bd2a4190-50e6-4288-a884-55746a2b9937	AI/ML Engineer, Hiring Intelligence, Science & Experimentation (HIRISE)	US, VA, Arlington	Arlington	VA	USA	August 31, 2026		Software Development	pxt	label=no-sub-team-listed		not_identified	preferred_only	none	machine_learning	https://www.amazon.jobs/en/jobs/10521977/ai-ml-engineer-hiring-intelligence-science-experimentation-hirise	975b28e22d6f2eeec0332bbf0dcd82c06e4087fd92b11f89ef3514329abdaa26
2026-09-16T15:57:53Z	10522799	8c36b796-ef18-4b08-937e-012953367568	Software Engineer II - AI/ML, AWS Neuron	US, WA, Seattle	Seattle	WA	USA	August 31, 2026		Software Development	aws	label=team-machine-learning-primary		not_identified	basic_qualifications	mention_only	compiler_mention,machine_learning,distributed_systems,cloud_infrastructure,embedded_systems	https://www.amazon.jobs/en/jobs/10522799/software-engineer-ii-ai-ml-aws-neuron	95ad7ca65c9fa9f362f074b8c1bed8bdeb23efa76d8c10fa2dbf1a4fd6462572
2026-09-16T15:57:53Z	10523909	0cc64a56-43db-41d4-9f94-f901ae059fc9	ML Kernel Performance Engineer, AWS Neuron, Annapurna Labs	US, CA, Cupertino	Cupertino	CA	USA	September 1, 2026		Software Development	aws	label=team-sde-primary		not_identified	preferred_only	mention_only	compiler_mention,machine_learning,cloud_infrastructure,embedded_systems,application_backend	https://www.amazon.jobs/en/jobs/10523909/ml-kernel-performance-engineer-aws-neuron-annapurna-labs	4a378569f3a478fefd7944e99f124f8a64eaf3f3a0e23b94d7335dd403c10a0c
2026-09-16T15:57:53Z	10523913	75d5aba8-582d-475a-9c98-67fffdc89103	Sr. ML Kernel Performance Engineer, AWS Neuron, Annapurna Labs	US, CA, Cupertino	Cupertino	CA	USA	September 1, 2026		Software Development	aws	label=team-sde-primary		not_identified	preferred_only	mention_only	compiler_mention,machine_learning,cloud_infrastructure,embedded_systems,graphics_media,application_backend	https://www.amazon.jobs/en/jobs/10523913/sr-ml-kernel-performance-engineer-aws-neuron-annapurna-labs	cd7834090b77998a09ce1d02ea0ab0007a61e8d6f4de83500e43e8363c2e4d89
2026-09-16T15:57:53Z	10524045	48ccddac-6d30-4f63-a675-0df46cbb00a6	Software Development Engineer - GenAI/ML, Amazon Selection and Catalog Systems (ASCS)	US, WA, Seattle	Seattle	WA	USA	September 1, 2026		Software Development	ecp	label=team-ascs		not_identified	preferred_only	none	machine_learning,distributed_systems,cloud_infrastructure,database_search,security_identity,graphics_media	https://www.amazon.jobs/en/jobs/10524045/software-development-engineer-genai-ml-amazon-selection-and-catalog-systems-ascs	6ddd315a3f657bfd72ad80459b09b59d08b84c5df5e034252b61a820ca76f39c
2026-09-16T15:57:53Z	10524364	95ba2a45-2766-4e7e-ab77-1e0ec6e2ef38	DFT Design Engineer, Machine Learning Acceleration	US, TX, Austin	Austin	TX	USA	September 1, 2026		Software Development	aws	label=team-machine-learning-primary		not_identified	basic_qualifications	none	machine_learning,cloud_infrastructure	https://www.amazon.jobs/en/jobs/10524364/dft-design-engineer-machine-learning-acceleration	7b196a118c799f44e29251825f75a42e7e470f9c4e3a3490461483b952cc6aab
2026-09-16T15:57:53Z	10524365	ad9cf8a0-df93-452c-897d-6a62efc98685	ASIC Design Engineer II, Annapurna Labs - Cloud-Scale Machine Learning Acceleration	US, TX, Austin	Austin	TX	USA	September 1, 2026		Software Development	aws	label=team-sde-primary		not_identified	basic_qualifications	none	machine_learning,cloud_infrastructure,application_backend	https://www.amazon.jobs/en/jobs/10524365/asic-design-engineer-ii-annapurna-labs-cloud-scale-machine-learning-acceleration	d23f0390492c1df5801b4c3bd00a7a97ae94a73b12a8920fa25c8ffa55fa7897
2026-09-16T15:57:53Z	10524369	fedeeafc-2ea6-413b-ad09-6ab24bbdf21b	ASIC Design Engineer II, Annapurna Labs - Cloud-Scale Machine Learning Acceleration	US, TX, Austin	Austin	TX	USA	September 1, 2026		Software Development	aws	label=team-sde-primary		not_identified	basic_qualifications	none	machine_learning,cloud_infrastructure,application_backend	https://www.amazon.jobs/en/jobs/10524369/asic-design-engineer-ii-annapurna-labs-cloud-scale-machine-learning-acceleration	6e67d3874b4b08bce36a8c1d487437294f95aafae94b6bf609ccfdb437082b6d
2026-09-16T15:57:53Z	10525077	3d798519-0b66-44d4-ae5d-a0017df92102	Senior Software Development Engineer, AI Acceleration, Amazon Luna	US, WA, Seattle	Seattle	WA	USA	September 1, 2026		Software Development	alexa-and-amazon-devices	label=team-luna		not_identified	basic_qualifications	none	cloud_infrastructure,security_identity,application_backend,operations_observability	https://www.amazon.jobs/en/jobs/10525077/senior-software-development-engineer-ai-acceleration-amazon-luna	d100d17e4f53c54c00584ffac2b485217af021f448607250c53d7efdb61a6564
2026-09-16T15:57:53Z	10526436	c87c5f66-c575-42fd-8b66-e238f98a8f4d	Software Development Engineer, AI Studios Engineering	US, CA, Culver City	Culver City	CA	USA	September 2, 2026		Software Development	entertainment	label=team-primevideo		not_identified	basic_qualifications	none	distributed_systems,cloud_infrastructure,embedded_systems,application_backend,operations_observability	https://www.amazon.jobs/en/jobs/10526436/software-development-engineer-ai-studios-engineering	a7f7328dbad9c37306bf61157dd049b6e84b065a1001247e36decc9322c07093
2026-09-16T15:57:53Z	10526701	5e17e65c-f66a-4745-b797-17585f31e89a	Senior ML Kernel Performance Engineer	CA, ON, Toronto	Toronto	ON	CAN	September 2, 2026		Software Development	aws	label=team-sde-primary		not_identified	preferred_only	mention_only	compiler_mention,machine_learning,cloud_infrastructure,embedded_systems,graphics_media,application_backend	https://www.amazon.jobs/en/jobs/10526701/senior-ml-kernel-performance-engineer	4091feb224e67620e22b9dacb3ab1f3d0139371f147e6ac9adfb718903a2451c
2026-09-16T15:57:53Z	10526702	295a7230-336e-42d5-9d97-4150d75680ec	ML Kernel Performance Engineer, AWS Neuron, Annapurna Labs	CA, ON, Toronto	Toronto	ON	CAN	September 2, 2026		Software Development	aws	label=team-sde-primary		not_identified	preferred_only	mention_only	compiler_mention,machine_learning,cloud_infrastructure,embedded_systems,application_backend	https://www.amazon.jobs/en/jobs/10526702/ml-kernel-performance-engineer-aws-neuron-annapurna-labs	dc571452534d3e77d3d4614b7694b34e3643ed44777633035359dcdc40bd64bb
2026-09-16T15:57:53Z	10527581	20d837d2-2532-4fa6-8a93-0c996fd84f18	Software Dev Engineer II, AWS Healthcare AI	US, WA, Seattle	Seattle	WA	USA	September 3, 2026		Software Development	aws	label=team-sde-primary		not_identified	basic_qualifications	none	machine_learning,distributed_systems,cloud_infrastructure,embedded_systems,application_backend	https://www.amazon.jobs/en/jobs/10527581/software-dev-engineer-ii-aws-healthcare-ai	1b35f4ac27d37d098d70fd0e043a50ee5d94faaa73658a37e9af6bed691a8c5f
2026-09-16T15:57:53Z	10527582	66ef5c65-7d7d-40ad-8125-ae19bbe56cde	Software Dev Engineer II, AWS Healthcare AI	US, WA, Seattle	Seattle	WA	USA	September 3, 2026		Software Development	aws	label=team-sde-primary		not_identified	preferred_only	none	machine_learning,cloud_infrastructure,application_backend	https://www.amazon.jobs/en/jobs/10527582/software-dev-engineer-ii-aws-healthcare-ai	4d956a4c55386134a65aa8d26374571842c91a1cc3bb4cfea10b624c1c06b71b
2026-09-16T15:57:53Z	10528626	e4e5d59f-e89f-4146-bfd2-cd2805657427	Software Development Engineer, Generative AI, Annapurna Labs - Neuroboros Team	US, NY, New York	New York	NY	USA	September 3, 2026		Software Development	aws	label=team-machine-learning-primary		not_identified	basic_qualifications	mention_only	compiler_mention,machine_learning,distributed_systems,cloud_infrastructure,networking,security_identity,embedded_systems,operations_observability	https://www.amazon.jobs/en/jobs/10528626/software-development-engineer-generative-ai-annapurna-labs-neuroboros-team	efc49b663c855d359ca33898823c9b4d93546f0ec6d9843aea2b4dcdf8ea8fa1
2026-09-16T15:57:53Z	10528633	2b66de5c-015a-4443-b3c0-03fa1eab2d41	Software Development Engineer, Generative AI, Annapurna Labs - Neuroboros Team	US, NY, New York	New York	NY	USA	September 3, 2026		Software Development	aws	label=team-machine-learning-primary		not_identified	basic_qualifications	mention_only	compiler_mention,machine_learning,distributed_systems,cloud_infrastructure,networking,security_identity,embedded_systems,operations_observability	https://www.amazon.jobs/en/jobs/10528633/software-development-engineer-generative-ai-annapurna-labs-neuroboros-team	e4e922d913a621da6a08f59f539d520f30caf45bdcbc8b844bd774cbc69d40de
2026-09-16T15:57:53Z	10528709	5cff1b73-8df1-40b8-bbe7-71beddb05d84	Software Development Engineer, AWS AI Agentic Automated Reasoning (AR)	US, WA, Seattle	Seattle	WA	USA	September 3, 2026		Software Development	aws	label=team-sde-primary		not_identified	basic_qualifications	none	distributed_systems,cloud_infrastructure,networking,database_search,embedded_systems,application_backend,operations_observability	https://www.amazon.jobs/en/jobs/10528709/software-development-engineer-aws-ai-agentic-automated-reasoning-ar	b77b5572a4b9e706f9fd0d758111c0243e87bd0b9b17f598a5d4430a76d2db86
2026-09-16T15:57:53Z	10528710	db9549f2-2a99-4dca-ad2a-9db48a58487f	Sr. Software Development Engineer, Agentic AI	US, WA, Seattle	Seattle	WA	USA	September 3, 2026		Software Development	aws	label=team-sde-primary		not_identified	preferred_only	none	cloud_infrastructure,application_backend	https://www.amazon.jobs/en/jobs/10528710/sr-software-development-engineer-agentic-ai	c2118dc3c5540f458a9e8ef4ba0c95a94bd4d2287fae10304449b823aec53dd4
2026-09-16T15:57:53Z	10528817	b8d4e2a2-5af7-4afc-92e7-e47e463256b2	Machine Learning - Compiler Engineer , AWS Neuron, Annapurna Labs	US, CA, Cupertino	Cupertino	CA	USA	September 3, 2026		Software Development	aws	label=team-machine-learning-primary		not_identified	preferred_only	core_candidate_title	compiler_mention,machine_learning,cloud_infrastructure,database_search,security_identity,graphics_media	https://www.amazon.jobs/en/jobs/10528817/machine-learning-compiler-engineer-aws-neuron-annapurna-labs	9298f791b180deec0513347d7a1013b1f2f3487737625a3f6113ac7ced945d2d
2026-09-16T15:57:53Z	10529275	62ca1e7d-2f9b-44a1-b2a9-dbb45fbf7b05	Sr. SDE, Edge AI ML Platform, Edge AI and Science	CA, BC, Vancouver	Vancouver	BC	CAN	September 3, 2026		Software Development	alexa-and-amazon-devices	label=amazon-device-software-and-services		not_identified	not_stated	mention_only	compiler_mention,machine_learning,distributed_systems,cloud_infrastructure,security_identity,embedded_systems,graphics_media,application_backend,operations_observability	https://www.amazon.jobs/en/jobs/10529275/sr-sde-edge-ai-ml-platform-edge-ai-and-science	367623a7e322175d2f56182852a53ead8aa6dfe66dce1e859a7ac4b038775745
2026-09-16T15:57:53Z	10529450	de447621-5ad1-40b1-9207-56d1bab643ca	Sr. Software Development Engineer, Agentic AI	US, NJ, Jersey City	Jersey City	NJ	USA	September 3, 2026		Software Development	aws	label=team-sde-primary		not_identified	preferred_only	none	machine_learning,distributed_systems,cloud_infrastructure	https://www.amazon.jobs/en/jobs/10529450/sr-software-development-engineer-agentic-ai	6c4b5958cf05b7ef54940b05a2325ddd8501a11e67e0ff6d37c0afe8efc0aa9b
2026-09-16T15:57:53Z	10530390	b3f42516-7d78-4f0a-b6d2-1be617788954	Senior Machine Learning Engineer, Alexa-Conv A Modeling&Learning	US, WA, Bellevue	Bellevue	WA	USA	September 4, 2026		Software Development	alexa-and-amazon-devices	label=devices-and-services-teams		not_identified	preferred_only	none	machine_learning,distributed_systems,cloud_infrastructure	https://www.amazon.jobs/en/jobs/10530390/senior-machine-learning-engineer-alexa-conv-a-modeling-learning	b69c6d6fd965bd05c26a922beb8ce02289a06278991055f38026b6ec51bf4de2
2026-09-16T15:57:53Z	10530731	40b4b2d0-ef1a-47cc-8f3e-7baf183af00b	Software Development Student , Machine Learning Israel (MLIL) — Firmware	IL, Tel Aviv	Tel Aviv		ISR	September 6, 2026		Software Development	aws	label=team-sde-primary		not_identified	basic_qualifications	mention_only	compiler_mention,machine_learning,cloud_infrastructure,embedded_systems,operations_observability	https://www.amazon.jobs/en/jobs/10530731/software-development-student-machine-learning-israel-mlil-firmware	b1a6e9a5164ea27de622f65f4653f05b2c7301683aacfe1fdab530fd1b277ee9
2026-09-16T15:57:53Z	10530734	9655d675-269b-4aa6-bdd3-00c6caeb5989	Sr. Machine Learning Engineer, Sponsored Products and Brands	US, WA, Seattle	Seattle	WA	USA	September 6, 2026		Software Development	advertising	label=team-amazon-ads		not_identified	preferred_only	none	machine_learning,cloud_infrastructure	https://www.amazon.jobs/en/jobs/10530734/sr-machine-learning-engineer-sponsored-products-and-brands	22dcf2295cec3231a6b73e80efa236a0b2f53004499393e95f0e6fa042cebc64
2026-09-16T15:57:53Z	10530741	19d42bb4-870c-42fa-a073-7f05fc003375	Software Development Engineer, Shopping Personalization AI, Amazon Stores	IL, Tel Aviv	Tel Aviv		ISR	September 6, 2026		Software Development	retail	label=team-search-experience		not_identified	basic_qualifications	none	machine_learning,graphics_media,operations_observability	https://www.amazon.jobs/en/jobs/10530741/software-development-engineer-shopping-personalization-ai-amazon-stores	014c9296b760d61c426bd85ed192adf4927600e3ec5ae94c09eb7937ac10b6f8
2026-09-16T15:57:53Z	10530854	fba8fa4b-f055-4047-a1d2-f47bba880dca	Sr. Software Engineer- AI/ML, AWS Neuron	US, WA, Seattle	Seattle	WA	USA	September 7, 2026		Software Development	aws	label=team-no-matching-primary-label-listed		not_identified	basic_qualifications	mention_only	compiler_mention,machine_learning,distributed_systems,cloud_infrastructure,graphics_media	https://www.amazon.jobs/en/jobs/10530854/sr-software-engineer-ai-ml-aws-neuron	9e2f3f98b371b532c72c1153cccb15636c50fb58cbbd84e2ea63dc10b50edf0d
2026-09-16T15:57:53Z	10532110	0c761e08-a38d-47c6-991d-2173d74ea0d8	Software Development Manager, Life Sciences Applied AI	US, WA, Seattle	Seattle	WA	USA	September 8, 2026		Software Development	aws	label=team-aws-sdm		title_inferred	not_stated	none	machine_learning,distributed_systems,cloud_infrastructure,networking,application_backend,operations_observability	https://www.amazon.jobs/en/jobs/10532110/software-development-manager-life-sciences-applied-ai	5f5707eaadc0878d40eebde8e31653fc57ac1c8a8c1312c0d138ede66a5ccc97
2026-09-16T15:57:53Z	10532198	a4d0a565-caff-40c5-acb3-36a804b41684	Principal Machine Learning Engineer, Conversational AI Modeling and Learning	US, WA, Bellevue	Bellevue	WA	USA	September 8, 2026		Software Development	alexa-and-amazon-devices	label=team-alexa-echo-devices		not_identified	not_stated	none	machine_learning,distributed_systems,cloud_infrastructure	https://www.amazon.jobs/en/jobs/10532198/principal-machine-learning-engineer-conversational-ai-modeling-and-learning	7efc76a96922ac5da1b906632d0940850a92b171d4cb5636f79a506d6257d95c
2026-09-16T15:57:53Z	10532410	d301b5fb-218b-470d-b2a7-a5762f6ea9c3	Machine Learning Engineer, Amazon Ads Identity	US, CA, Palo Alto	Palo Alto	CA	USA	September 8, 2026		Software Development	advertising	label=team-amazon-ads		not_identified	basic_qualifications	none	machine_learning,distributed_systems,cloud_infrastructure,security_identity,embedded_systems	https://www.amazon.jobs/en/jobs/10532410/machine-learning-engineer-amazon-ads-identity	bc383e5072e5110b48e936c692ac26ef52cd0f27b98c903c09956d9667632f76
2026-09-16T15:57:53Z	10532801	844b11cf-6ce9-4214-b0d6-6410d24449cf	Software Dev Engineer II, AWS Applied AI Solutions	US, WA, Seattle	Seattle	WA	USA	September 8, 2026		Software Development	aws	label=team-sde-primary		not_identified	preferred_only	none	distributed_systems,cloud_infrastructure,security_identity,embedded_systems,application_backend,operations_observability	https://www.amazon.jobs/en/jobs/10532801/software-dev-engineer-ii-aws-applied-ai-solutions	3a60db78f87d42c2af381249ce8f6108cc0d6cb82b450ddadf84c25f0320046d
2026-09-16T15:57:53Z	10533196	68f7eb69-1739-4644-b5d8-cfa28f0cb035	Software Development Engineer II, Ads AI Core Infra	AU, VIC, Melbourne	Melbourne	VIC	AUS	September 8, 2026		Software Development	advertising	label=team-amazon-ads		not_identified	preferred_only	none	distributed_systems,cloud_infrastructure,security_identity,application_backend	https://www.amazon.jobs/en/jobs/10533196/software-development-engineer-ii-ads-ai-core-infra	73254267964cb6f942906c574ab68571e7e8f39886752af473a845574b8cfc3f
2026-09-16T15:57:53Z	10534458	72bfe6a1-2a46-4cd7-985e-9479c9768111	AI Hardware Systems Engineer, Annapurna Labs, Trainium Machine Learning Fleet Operations	US, TX, Austin	Austin	TX	USA	September 9, 2026		Software Development	aws	label=team-sde-primary		not_identified	basic_qualifications	none	machine_learning,cloud_infrastructure,networking,database_search,graphics_media,application_backend,operations_observability	https://www.amazon.jobs/en/jobs/10534458/ai-hardware-systems-engineer-annapurna-labs-trainium-machine-learning-fleet-operations	2c1be3442bfffbf6c5a25641e8e9fcd4d741d4cf877f521540dd3f05557ff59f
2026-09-16T15:57:53Z	10536015	67938499-d7d2-4473-a06b-1ee085d7bddd	Senior Software Engineer - AI/ML, AWS Neuron Inference	US, WA, Seattle	Seattle	WA	USA	September 10, 2026		Software Development	aws	label=team-no-matching-primary-label-listed		not_identified	preferred_only	mention_only	compiler_mention,machine_learning,cloud_infrastructure	https://www.amazon.jobs/en/jobs/10536015/senior-software-engineer-ai-ml-aws-neuron-inference	6c31deb5a5573fafbc4039953cf1e414117d9c147015b079af6afc3cfa2436d8
2026-09-16T15:57:53Z	10536489	dcd72c26-b4fa-4537-ab8d-df3a44264110	Software Development Engineer - Gen AI, Connect (AI Agent)	US, NY, New York	New York	NY	USA	September 10, 2026		Software Development	aws	label=team-sde-primary		not_identified	basic_qualifications	none	machine_learning,distributed_systems,cloud_infrastructure,embedded_systems,application_backend	https://www.amazon.jobs/en/jobs/10536489/software-development-engineer-gen-ai-connect-ai-agent	fb58330c9476ec7cc89c6c2dcc471c82644dc17461ab3614ba473a8a537ef812
2026-09-16T15:57:53Z	10536757	28d30de1-487d-4f9f-97da-680ccc7b659c	Software Dev Engineer - AI Agents, IES LATech	BR, SP, Sao Paulo	Sao Paulo	SP	BRA	September 10, 2026		Software Development	retail	label=team-intech		not_identified	preferred_only	none	machine_learning	https://www.amazon.jobs/en/jobs/10536757/software-dev-engineer-ai-agents-ies-latech	eaf776a8a5da55e43465bc93d75984dee52071a66924eeceaeac0b13eed3c2b8
2026-09-16T15:57:53Z	10536758	e8ff9c8e-9f8d-4b9f-b6fc-585e122ee894	Software Dev Engineer - AI Agents, IES LATech	BR, SP, Sao Paulo	Sao Paulo	SP	BRA	September 10, 2026		Software Development	retail	label=team-intech		not_identified	preferred_only	none	machine_learning	https://www.amazon.jobs/en/jobs/10536758/software-dev-engineer-ai-agents-ies-latech	ab7f75186efd80947e9a8f2480acc49bf853e020f0e7f82e2bad6a380f4dee92
2026-09-16T15:57:53Z	10537065	823a59e1-98d2-4e6d-b5ec-1a4905583ac1	Manager, SW Development, WW Speed & AI	IN, TS, Hyderabad	Hyderabad	TS	IND	September 11, 2026		Software Development	operations	label=team-last-mile-tech		title_inferred	not_stated	none	machine_learning,distributed_systems,networking,database_search,application_backend,operations_observability	https://www.amazon.jobs/en/jobs/10537065/manager-sw-development-ww-speed-ai	f58a913c12cd109acde99bb7545bdef8285f3bf85607f0dea2591dcf16b9911b
2026-09-16T15:57:53Z	10537393	d801fa46-e222-475d-aecd-299e85c424e1	Software Development Engineer, AI Studios Engineering	US, CA, Culver City	Culver City	CA	USA	September 11, 2026		Software Development	entertainment	label=team-primevideo		not_identified	basic_qualifications	none	distributed_systems,cloud_infrastructure,embedded_systems,application_backend,operations_observability	https://www.amazon.jobs/en/jobs/10537393/software-development-engineer-ai-studios-engineering	a9ef0a9397dd9464e2887f1e2f0cf1e95b90677612816f73b45743505bd2f238
2026-09-16T15:57:53Z	10538066	3bf6731a-c458-4019-9705-b786a6cc8748	ML Systems Software Development Engineer Intern, Annapurna Labs - 2027	CA, ON, Toronto	Toronto	ON	CAN	September 11, 2026		Software Development	amazon-artificial-general-intelligence	label=no-team-listed		not_identified	basic_qualifications	mention_only	compiler_mention,machine_learning,cloud_infrastructure,embedded_systems,frontend_mobile,application_backend	https://www.amazon.jobs/en/jobs/10538066/ml-systems-software-development-engineer-intern-annapurna-labs-2027	e158b54456d1487541a51c9e914ca5745fc7d70f3d1cf1f91a78a0196085372c
2026-09-16T15:57:53Z	10538219	b4cd6692-d27c-480e-8b2b-93ba3965412f	CPLD/FPGA Firmware Engineer, Annapurna Labs, ML Accelerator Systems Firmware	US, TX, Austin	Austin	TX	USA	September 12, 2026		Software Development	aws	label=team-no-matching-primary-label-listed		not_identified	preferred_only	none	machine_learning,cloud_infrastructure,embedded_systems,application_backend	https://www.amazon.jobs/en/jobs/10538219/cpld-fpga-firmware-engineer-annapurna-labs-ml-accelerator-systems-firmware	ff9f724bf307a65a8ff424c71fbdf87f57d93ab5fa3a4e4f2a8a464c30edde0a
2026-09-16T15:57:53Z	10538709	266c8d2e-21fe-47b6-b202-9b4c4d251d05	Senior Manager, Software Development, WorkSpaces for AI Agents, Applied AI Solutions	US, WA, Seattle	Seattle	WA	USA	September 14, 2026		Software Development	aws	label=team-aws-sdm		title_inferred	not_stated	none	distributed_systems,cloud_infrastructure,networking,security_identity,application_backend	https://www.amazon.jobs/en/jobs/10538709/senior-manager-software-development-workspaces-for-ai-agents-applied-ai-solutions	d6b8e82703afc1bf02c28419315a65e1df410d5ff140dc1f9071e77f8fac960f
2026-09-16T15:57:53Z	10539293	5a99680d-d135-49fd-b7fe-b5392d7b36b8	Software Dev Engineer, Machine Learning Compilers, Edge AI Compiler and Runtime Team	CA, BC, Vancouver	Vancouver	BC	CAN	September 14, 2026		Software Development	alexa-and-amazon-devices	label=devices-and-services-teams		not_identified	preferred_only	core_candidate_title	compiler_mention,machine_learning,cloud_infrastructure,networking,embedded_systems,application_backend	https://www.amazon.jobs/en/jobs/10539293/software-dev-engineer-machine-learning-compilers-edge-ai-compiler-and-runtime-team	2cee0b7767094fb5950a73132a8855c512d09a3247da2e58366558d9b3481586
2026-09-16T15:57:53Z	10541530	877b3280-55d5-4da5-89a7-a75f3162e90f	Software Development Engineer, AI Studios Engineering	US, CA, Culver City	Culver City	CA	USA	September 15, 2026		Software Development	entertainment	label=team-primevideo		not_identified	basic_qualifications	none	distributed_systems,cloud_infrastructure,embedded_systems,application_backend,operations_observability	https://www.amazon.jobs/en/jobs/10541530/software-development-engineer-ai-studios-engineering	43379c9669f622463be7c56df087f1d088a911073769684d4320c4f8bcc4c6ff
2026-09-16T15:57:53Z	10541540	381e8fef-0e44-40a1-a00b-e76330e02364	Software Development Engineer, AI Studios Engineering	US, CA, Culver City	Culver City	CA	USA	September 15, 2026		Software Development	entertainment	label=team-primevideo		not_identified	basic_qualifications	none	distributed_systems,cloud_infrastructure,embedded_systems,application_backend,operations_observability	https://www.amazon.jobs/en/jobs/10541540/software-development-engineer-ai-studios-engineering	eaca72cefda5ee2e2de0397d168798406c17305329ba56392821431093b6ff71
2026-09-16T15:57:53Z	10542345	5385d50c-009f-4b04-842b-2437b2770b62	Senior Software Engineer, Frontier AI Organization	US, WA, Bellevue	Bellevue	WA	USA	September 15, 2026		Software Development	amazon-artificial-general-intelligence	label=no-team-listed		not_identified	preferred_only	none	machine_learning,distributed_systems,cloud_infrastructure,operations_observability	https://www.amazon.jobs/en/jobs/10542345/senior-software-engineer-frontier-ai-organization	59fc670dbc99f7c7db7d87ee21e18d0347cfe39c5b0a9960c898d1f45ad4f748
2026-09-16T15:57:53Z	10543985	bff0477c-b817-420e-8dae-90969f59b79a	Software Development Manager, AWS IoT (Physical AI)	US, WA, Seattle	Seattle	WA	USA	September 15, 2026		Software Development	aws	label=team-aws-sdm		title_inferred	not_stated	none	distributed_systems,cloud_infrastructure,networking,security_identity,embedded_systems,application_backend,operations_observability	https://www.amazon.jobs/en/jobs/10543985/software-development-manager-aws-iot-physical-ai	1c1a62f7d87f7fd78a0237175e3ecbc4913681b406e59782b87c39313a4c7fef
